"","Well","MST_sample_number","spcabbr","conc_copies_per_uL","Accepted_Droplets","Positives","Negatives","Tot_drop","init_concentration","ddpcrno","Bemaerkn","conc_qubit_ng_uL","Dato.for.ekstraktion","dato_80C","Dato_for_indsml","Dato_inds","Dyb_lagd01","Dyb_Str_m","Ekstraktionsnummer","Elueringvolumen.AE.buffer.uL","Inst","lokalitet_vanda","Lok_omr01","lok_pos_lat","lok_pos_lon","max_Dyb","MST.nummer","MST.n_Dinds","MSTno_di","MST_STEXno","Navn_Inds","Noter2","skib","smplNoSTEX","Sub_Nmb_for_extraction","Temp_Inds","U_Pr_Nr","vandsoejllagd","Vwf_mL","wdt","smpl_day","smpl_mnt","smpl_yea","Total_drop","Species","WellType","Conc","st_idx","species_idx","sp_st_idx","pres"
"1","A02","MST1039","Myaare",1.58200085163116,18604,25,18579,18604,NA,"ddpcr0015",NA,13.6,"2022-feb-01","2021-05-03","2021-04-26","2021-04-26","na",1,"MST-SX25",400,"MST_MJL",91320001,"RKB1",56.0778333333333,8.21670555555556,32,"MST1039","MST1039_2021-04-26","MST1039::2021-04-26","MST1039STEX25_19","JettePoulsenEngholm",NA,"Penelope",NA,"25_19",95,"MST1039","nej",570,FALSE,26,4,2021,18604,"Myaare","Unknown",1.58200085163116,7,13,583,1
"2","A03","MST2021049","Myaare",44.8007469177246,17182,642,16540,17182,NA,"ddpcr0015","LISD0027",7.75,"2022-jan-06","2021-05-21","2021-05-21","2021-05-21",NA,10,"MST-SX23",400,"Sydjylland",91650035,"ListerDyb",55.0938666666667,8.56828611111111,11,"MST2021049","MST2021049_2021-05-21","MST2021049::2021-05-21","MST2021049STEX23_10","LasseoerstedJensen",NA,"Fucus","MST2021049STEX23_10","23_10",11,"MST2021049","nej",500,FALSE,21,5,2021,17182,"Myaare","Unknown",44.8007469177246,29,13,605,1
"3","A04","MST2021012","Myaare",8.12683391571045,20337,140,20197,20337,NA,"ddpcr0015",NA,11,"2022-feb-01","2021-05-03","2021-04-27","2021-04-27","na",59,"MST-SX25",400,"MSTSYD",95130028,"VejleFjordindre_VF",55.7021833333333,9.66136111111111,69,"MST2021012","MST2021012_2021-04-27","MST2021012::2021-04-27","MST2021012STEX25_12","KRISTIANMCGREGOR",NA,"LIVII","MST2021012STEX25_12","25_12",81.7,"MST2021012","nej",1500,TRUE,27,4,2021,20337,"Myaare","Unknown",8.12683391571045,15,13,591,1
"4","A05","MST2021058","Myaare",0,19403,0,19403,19403,NA,"ddpcr0015",NA,3.7,"2021-nov-24","2021-09-03","2021-08-30","2021-08-30","17",1,"MST-SX21",400,"MSTOJL",94300001,"94300001_VEJ0006870",55.6743833333333,10.0845083333333,194,"MST2021058","MST2021058_2021-08-30","MST2021058::2021-08-30","MST2021058STEX21_13","KRISTIANMCGREGOR",NA,"Frigg","MST2021058STEX21_13","21_13",100.7,"MST2021058","ja",1500,FALSE,30,8,2021,19403,"Myaare","Unknown",0,33,13,609,0
"5","A06","MST2021039","Myaare",0.11784739792347,19967,2,19965,19967,NA,"ddpcr0015",NA,2.72,"2021-dec-08","2021-05-20","2021-05-07","2021-05-07","7m",1,"MST-SX22",400,"MST_NJL",93610032,"MariagerFjord",56.6626666666667,9.96678333333333,27,"MST2021039","MST2021039_2021-05-07","MST2021039::2021-05-07","MST2021039STEX22_08","PHELD_ALKRI",NA,"Sif","MST2021039STEX22_08","22_08",92.8,"MST2021039","ja",1800,FALSE,7,5,2021,19967,"Myaare","Unknown",0.11784739792347,25,13,601,1
"6","A07","MST2021043","Myaare",0,17860,0,17860,17860,NA,"ddpcr0015","Dererkunenproevetilraadighed_proeve2erbortkommet",4.41,"2021-dec-08","2021-05-20","2021-05-17","2021-05-17","4",1,"MST-SX22",400,"MSTSJL",93000001,"VSJ20925",56.1316666666667,11.1513361111111,48,"MST2021043","MST2021043_2021-05-17","MST2021043::2021-05-17","MST2021043STEX22_10","alkri_nifso",NA,"Sif","MST2021043STEX22_10","22_10",10.6,"MST2021043","ja",1500,FALSE,17,5,2021,17860,"Myaare","Unknown",0,27,13,603,0
"7","B02","MST2021015","Myaare",1.99581551551819,18879,32,18847,18879,NA,"ddpcr0015",NA,5.4,"2021-nov-24","2021-09-08","2021-09-02","2021-09-02","na",1,"MST-SX21",400,"MST_MJL",91320001,"RKB1",56.0778333333333,8.21678611111111,32,"MST2021015","MST2021015_2021-09-02","MST2021015::2021-09-02","MST2021015STEX21_03","BentJensen",NA,"Penelope","MST2021015STEX21_03","21_03",17.5,"MST2021015","nej",925,TRUE,2,9,2021,18879,"Myaare","Unknown",1.99581551551819,17,13,593,1
"8","B03","MST2021052","Myaare",0.643681287765503,16454,9,16445,16454,NA,"ddpcr0015",NA,8.95,"2021-nov-24","2021-06-15","2021-06-14","2021-06-14","26",1,"MST-SX21",400,"Fyn",94230001,"FYN6900017",55.4678333333333,10.5169333333333,84,"MST2021052","MST2021052_2021-06-14","MST2021052::2021-06-14","MST2021052STEX21_10","FlemmingNoergaard",NA,"Belone","MST2021052STEX21_10","21_10",17.8,"MST2021052","ja",610,FALSE,14,6,2021,16454,"Myaare","Unknown",0.643681287765503,31,13,607,1
"9","B04","MST2021075","Myaare",0,20118,0,20118,20118,NA,"ddpcr0015",NA,4.86,"2021-dec-08","2021-05-20","2021-05-11","2021-05-11","13",1,"MST-SX22",400,"MSTOJL",94300001,"VEJ0006870_94300001",55.6743833333333,10.0845083333333,21,"MST2021075","MST2021075_2021-05-11","MST2021075::2021-05-11","MST2021075STEX22_13","janeRobertsen",NA,"Frigg","MST2021075STEX22_13","22_13",98.1,"MST2021075","ja",1100,FALSE,11,5,2021,20118,"Myaare","Unknown",0,38,13,614,0
"10","B05","MST2021064","Myaare",0,20379,0,20379,20379,NA,"ddpcr0015","Breddegrad:56572400",2.96,"2021-nov-24","2021-09-08","2021-09-02","2021-09-02","na",1,"MST-SX21",400,"MSTNJL",93730002,"93730002_VIB3708_1",56.954,9.05020833333333,76,"MST2021064","MST2021064_2021-09-02","MST2021064::2021-09-02","MST2021064STEX21_15","kristianmcgregor",NA,"Frigg","MST2021064STEX21_15","21_15",173.7,"MST2021064","nej",700,FALSE,2,9,2021,20379,"Myaare","Unknown",0,35,13,611,0
"11","B06","MST1054","Myaare",0,19948,0,19948,19948,NA,"ddpcr0015",NA,6.85,"2022-jan-11","2021-05-31","2021-05-18","2021-05-18","38m",1,"MST-SX24",400,"MST_FYN",99000052,"DMU444_Arkona",55,13.3,48,"MST1054","MST1054_2021-05-18","MST1054::2021-05-18","MST1054STEX24_23","ALKRI_NIFSO",NA,"Sif",NA,"24_23",92,"MST1054","ja",1400,FALSE,18,5,2021,19948,"Myaare","Unknown",0,9,13,585,0
"12","B07","MST2021076","Myaare",0,16547,0,16547,16547,NA,"ddpcr0015",NA,7.4,"2022-feb-01","2021-09-08","2021-09-02","2021-09-02","42",1,"MST-SX25",400,"MSTFYN",99000052,"DMU444",54.9996666666667,13.3,457,"MST2021076","MST2021076_2021-09-02","MST2021076::2021-09-02","MST2021076STEX25_04","alkri",NA,"Sif","MST2021076STEX25_04","25_04",17.5,"MST2021076","ja",1800,FALSE,2,9,2021,16547,"Myaare","Unknown",0,39,13,615,0
"13","C02","MST2021028","Myaare",0,18792,0,18792,18792,NA,"ddpcr0015","VandproeverneernedkoeletogtransporterettilAalborghvorfiltreringenskete",0.58,"2021-nov-24","2021-10-09","2021-09-27","2021-09-27",NA,NA,"MST-SX21",400,"Nordjylland",92200001,"HirtshalsNOR7715_92200001",57.6078333333333,9.90025555555555,18,"MST2021028","MST2021028_2021-09-27","MST2021028::2021-09-27","MST2021028STEX21_06","SvendaageBendtsen",NA,"MagretheGaardbo","MST2021028STEX21_06","21_06",15,"MST2021028","nej",1200,TRUE,27,9,2021,18792,"Myaare","Unknown",0,20,13,596,0
"14","C03","MST2021071","Myaare",7.33982992172241,18812,117,18695,18812,NA,"ddpcr0015",NA,6.5,"2022-jan-11","2021-10-21","2021-10-13","2021-10-13",NA,1,"MST-SX24",400,"Fyn",94230001,"FYN6900017",55.4678333333333,10.5169333333333,98,"MST2021071","MST2021071_2021-10-13","MST2021071::2021-10-13","MST2021071STEX24_04","FlemmingNoergaard&PauliJoergensen",NA,"Belone","MST2021071STEX24_04","24_04",11.4,"MST2021071","nej",1500,FALSE,13,10,2021,18812,"Myaare","Unknown",7.33982992172241,37,13,613,1
"15","C04","MST1022","Myaare",0,19147,0,19147,19147,NA,"ddpcr0015",NA,0.428,"2021-dec-08","2021-05-20","2021-05-17","2021-05-17","9",1,"MST-SX22",400,"MSTOJL",94400007,"ARH1700006_94400007",56.1547333333333,10.3170055555556,162,"MST1022","MST1022_2021-05-17","MST1022::2021-05-17","MST1022STEX22_02","janeRobertsen",NA,"Frigg",NA,"22_02",10.9,"MST1022","ja",1100,FALSE,17,5,2021,19147,"Myaare","Unknown",0,1,13,577,0
"16","C05","MST2021079","Myaare",0.183637022972107,19221,3,19218,19221,NA,"ddpcr0015",NA,7.6,"2021-nov-24","2021-09-08","2021-09-06","2021-09-06","2",1,"MST-SX21",400,"MSTMJL",93740007,"93740007_VIB3727_1",56.6208333333333,9.06681944444444,51,"MST2021079","MST2021079_2021-09-06","MST2021079::2021-09-06","MST2021079STEX21_21","RasmusBillegrav",NA,"Frigg","MST2021079STEX21_21","21_21",173.5,"MST2021079","ja",1100,FALSE,6,9,2021,19221,"Myaare","Unknown",0.183637022972107,40,13,616,1
"17","C06","MST2021008","Myaare",0.17637799680233,20012,3,20009,20012,NA,"ddpcr0015",NA,9.1,"2022-jan-11","2021-05-31","2021-05-19","2021-05-19","86",1,"MST-SX24",400,"MST_SJL",97200002,"KBH431_Ven",55.8666666666667,12.75,55,"MST2021008","MST2021008_2021-05-19","MST2021008::2021-05-19","MST2021008STEX24_05","ALKRI_NIFSO",NA,"Sif","MST2021008STEX24_05","24_05",11.8,"MST2021008","ja",1300,FALSE,19,5,2021,20012,"Myaare","Unknown",0.17637799680233,13,13,589,1
"18","C07","MST2021029","Myaare",0,15925,0,15925,15925,NA,"ddpcr0015",NA,5.7,"2021-nov-24","2021-09-15","2021-09-07","2021-09-07","12",1,"MST-SX21",400,"MSTSJL",97200002,"KBH431",55.8616666666667,12.7336055555556,501,"MST2021029","MST2021029_2021-09-07","MST2021029::2021-09-07","MST2021029STEX21_07","alkri",NA,"Sif","MST2021029STEX21_07","21_07",17.1,"MST2021029","ja",1800,TRUE,7,9,2021,15925,"Myaare","Unknown",0,21,13,597,0
"19","D02","MST2021031","Myaare",0,18665,0,18665,18665,NA,"ddpcr0015","ErudtagetmedLindahlslangesomdybdeintegredetproeverfra0_10metersammenmedplanktonproeverneogsaaprofilmaalingerchlAogvandkemi",0.97,"2021-nov-24","2021-07-03","2021-06-17","2021-06-17",NA,4,"MST-SX21",400,"Nordjylland",92200001,"HirtshalsNOR7715_92200001",57.6078333333333,9.90025555555555,15,"MST2021031","MST2021031_2021-06-17","MST2021031::2021-06-17","MST2021031STEX21_09","SvendaageBendtsen",NA,"MagretheGaardbo","MST2021031STEX21_09","21_09",14,"MST2021031","nej",1200,FALSE,17,6,2021,18665,"Myaare","Unknown",0,23,13,599,0
"20","D03","MST2021005","Myaare",2.48541450500488,18954,40,18914,18954,NA,"ddpcr0015",NA,11.7,"2022-jan-11","2021-06-10","2021-06-01","2021-06-01",NA,1,"MST-SX24",400,"Sjaelland",93220011,"ROS60_322RoskildeFjord",55.713,12.04,48,"MST2021005","MST2021005_2021-06-01","MST2021005::2021-06-01","MST2021005STEX24_12","EmilGuddalLarsen",NA,"Mergus","MST2021005STEX24_12","24_12",17.1,"MST2021005","nej",1600,TRUE,1,6,2021,18954,"Myaare","Unknown",2.48541450500488,11,13,587,1
"21","D04","MST2021089","Myaare",0,20075,0,20075,20075,NA,"ddpcr0015",NA,5.7,"2022-jan-06","2021-05-20","2021-05-17","2021-05-17","75",13,"MST-SX23",400,"MSTOJL",94510035,"EbeltoftVig",56.2094,10.6003444444444,14,"MST2021089","MST2021089_2021-05-17","MST2021089::2021-05-17","MST2021089STEX23_06","janeRobertsen",NA,"Frigg","MST2021089STEX23_06","23_06",77.3,"MST2021089","ja",1400,FALSE,17,5,2021,20075,"Myaare","Unknown",0,46,13,622,0
"22","D05","MST2021082","Myaare",0,18880,0,18880,18880,NA,"ddpcr0015",NA,4.09,"2021-nov-24","2021-09-08","2021-09-07","2021-09-07","4",1,"MST-SX21",400,"MSTNJL",93000005,"93000005_NOR409",56.8561,10.7845083333333,146,"MST2021082","MST2021082_2021-09-07","MST2021082::2021-09-07","MST2021082STEX21_23","RasmusBillegrav",NA,"Frigg","MST2021082STEX21_23","21_23",160.3,"MST2021082","ja",1500,FALSE,7,9,2021,18880,"Myaare","Unknown",0,42,13,618,0
"23","D06","MST2021019","Myaare",0,20189,0,20189,20189,NA,"ddpcr0015",NA,3.86,"2022-jan-11","2021-05-31","2021-05-25","2021-05-25","11m",1,"MST-SX24",400,"MST_NJL",93000005,"NOR409_aalborgBugt",56.8566666666667,10.7834722222222,146,"MST2021019","MST2021019_2021-05-25","MST2021019::2021-05-25","MST2021019STEX24_21","ALKRI_NICRA",NA,"Sif","MST2021019STEX24_21","24_21",88,"MST2021019","ja",1650,TRUE,25,5,2021,20189,"Myaare","Unknown",0,18,13,594,0
"24","D07","MST2021083","Myaare",0,14869,0,14869,14869,NA,"ddpcr0015",NA,7.8,"2022-jan-11","2021-10-29","2021-10-22","2021-10-22","12",1,"MST-SX24",400,"MSTFYN",95600002,"FYN6300043",54.9976833333333,10.1517305555556,34,"MST2021083","MST2021083_2021-10-22","MST2021083::2021-10-22","MST2021083STEX24_03","alkri",NA,"Sif","MST2021083STEX24_03","24_03",12.5,"MST2021083","ja",1500,FALSE,22,10,2021,14869,"Myaare","Unknown",0,43,13,619,0
"25","E02","MST2021032","Myaare",0,18506,0,18506,18506,NA,"ddpcr0015","erudtagetmedNiskinvandhenter",3.28,"2022-jan-11","2021-07-03","2021-06-23","2021-06-23",NA,3,"MST-SX24",400,"Nordjylland",93920064,"KragskovRevSyd",57.5407666666667,10.4687805555556,4,"MST2021032","MST2021032_2021-06-23","MST2021032::2021-06-23","MST2021032STEX24_11","SvendaageBendtsen",NA,"Pingo","MST2021032STEX24_11","24_11",15.7,"MST2021032","nej",1400,FALSE,23,6,2021,18506,"Myaare","Unknown",0,24,13,600,0
"26","E03","MST2021025","Myaare",0,18958,0,18958,18958,NA,"ddpcr0015","Datoforoverfoerseltil_80Cfryserenilaboratorieterikkedokumenteremenproevemersenestblevetoverfoertd15_06_2021ogmuligvisvedentidligeredato
",3.16,"2022-jan-11","2021-06-15","2021-06-10","2021-06-10",NA,28,"MST-SX24",400,"Sjaelland",99150002,"FranksRev",55.0334833333333,15.5078333333333,39,"MST2021025","MST2021025_2021-06-10","MST2021025::2021-06-10","MST2021025STEX24_02","EmilGuddalLarsen",NA,"Mergus","MST2021025STEX24_02","24_02",16.8,"MST2021025","nej",1750,TRUE,10,6,2021,18958,"Myaare","Unknown",0,19,13,595,0
"27","E04","MST2021088","Myaare",0,19153,0,19153,19153,NA,"ddpcr0015",NA,16.5,"2022-feb-01","2021-05-21","2021-05-20","2021-05-20","75",188,"MST-SX25",400,"MSTFYN",96700057,"KertemindeBugt",55.4392166666667,10.8276944444444,198,"MST2021088","MST2021088_2021-05-20","MST2021088::2021-05-20","MST2021088STEX25_03","janeRobertsen",NA,"Frigg","MST2021088STEX25_03","25_03",73.7,"MST2021088","ja",1600,FALSE,20,5,2021,19153,"Myaare","Unknown",0,45,13,621,0
"28","E05","MST2021070","Myaare",0.0620615929365158,18957,1,18956,18957,NA,"ddpcr0015",NA,9.1,"2022-jan-11","2021-10-27","2021-10-26","2021-10-26","86",1,"MST-SX24",400,"MSTNJL",93610032,"93610032",56.6626666666667,9.96678333333333,28,"MST2021070","MST2021070_2021-10-26","MST2021070::2021-10-26","MST2021070STEX24_16","RasmusBillegrav",NA,"Frigg","MST2021070STEX24_16","24_16",107.4,"MST2021070","ja",1200,FALSE,26,10,2021,18957,"Myaare","Unknown",0.0620615929365158,36,13,612,1
"29","E06","MST2021030","Myaare",0.177495628595352,19886,3,19883,19886,NA,"ddpcr0015",NA,4.07,"2021-nov-24","2021-05-31","2021-05-26","2021-05-26","N_A",1,"MST-SX21",400,"MST_MJL",93740007,"SkiveFjord",56.6208333333333,9.06681944444444,5,"MST2021030","MST2021030_2021-05-26","MST2021030::2021-05-26","MST2021030STEX21_08","PHELD_NICRA",NA,"Sif","MST2021030STEX21_08","21_08",115.9,"MST2021030","nej",1600,TRUE,26,5,2021,19886,"Myaare","Unknown",0.177495628595352,22,13,598,1
"30","E07","MST2021006","Myaare",0.148516148328781,15844,2,15842,15844,NA,"ddpcr0015",NA,7.65,"2022-jan-11","2021-08-25","2021-08-24","2021-08-24","_",96,"MST-SX24",400,"MSTSTO",99210007,"1001027Hovedeskov",54.7410833333333,12.0851805555556,106,"MST2021006","MST2021006_2021-08-24","MST2021006::2021-08-24","MST2021006STEX24_13","NicolaiEspenhainAnker",NA,"ABRA","MST2021006STEX24_13","24_13",17.3,"MST2021006","nej",1400,TRUE,24,8,2021,15844,"Myaare","Unknown",0.148516148328781,12,13,588,1
"31","F02","MST2021040","Myaare",0.0626398622989655,18782,1,18781,18782,NA,"ddpcr0015",NA,4.92,"2021-dec-08","2021-09-22","2021-09-15","2021-09-15",NA,95,"MST-SX22",400,"MSToestjylland",93420310,"Tr3Fornaes",56.4437333333333,10.9524027777778,11,"MST2021040","MST2021040_2021-09-15","MST2021040::2021-09-15","MST2021040STEX22_09","JensDeding",NA,"Havana","MST2021040STEX22_09","22_09",15.7,"MST2021040","?",1270,FALSE,15,9,2021,18782,"Myaare","Unknown",0.0626398622989655,26,13,602,1
"32","F03","NEKfeb2022","Myaare",0,18776,0,18776,18776,NA,"ddpcr0015",NA,NA,NA,NA,NA,NA,NA,NA,NA,NA,NA,NA,NA,NA,NA,NA,NA,NA,NA,NA,NA,NA,NA,NA,NA,NA,NA,NA,NA,NA,NA,NA,NA,18776,"Myaare","Unknown",0,48,13,624,0
"33","F04","MST2021062","Myaare",0,19875,0,19875,19875,NA,"ddpcr0015",NA,19,"2022-feb-01","2021-05-21","2021-05-21","2021-05-21","12",1,"MST-SX25",400,"MSTFYN",95600002,"95600002_FYN6300043",54.9975833333333,10.1654166666667,361,"MST2021062","MST2021062_2021-05-21","MST2021062::2021-05-21","MST2021062STEX25_10","janeRobertsen",NA,"Frigg","MST2021062STEX25_10","25_10",112.2,"MST2021062","ja",1400,FALSE,21,5,2021,19875,"Myaare","Unknown",0,34,13,610,0
"34","F05","MST1043","Myaare",0,19113,0,19113,19113,NA,"ddpcr0015",NA,3.06,"2022-jan-06","2021-04-12","2021-04-06","2021-04-06",NA,11,"MST-SX23",400,"MSTOJL",93500119,"Hevringbugt",56.6261666666667,10.3204,12,"MST1043","MST1043_2021-04-06","MST1043::2021-04-06","MST1043STEX23_02","JOCTH",NA,"Musling",NA,"23_02",64.3,"MST1043","nej",1500,FALSE,6,4,2021,19113,"Myaare","Unknown",0,8,13,584,0
"35","F06","MST2021055","Myaare",0,19215,0,19215,19215,NA,"ddpcr0015",NA,5.3,"2021-nov-24","2021-09-15","2021-09-14","2021-09-14","24",1,"MST-SX21",400,"STO",99000049,"99000049",55.25,15.9833333333333,909,"MST2021055","MST2021055_2021-09-14","MST2021055::2021-09-14","MST2021055STEX21_12","krmsk",NA,"sif","MST2021055STEX21_12","21_12",169.3,"MST2021055","ja",1500,FALSE,14,9,2021,19215,"Myaare","Unknown",0,32,13,608,0
"36","F07","MST2021011","Myaare",0,15231,0,15231,15231,NA,"ddpcr0015",NA,4.23,"2021-dec-08","2021-08-03","2021-08-31","2021-08-31","_",4.1e+16,"MST-SX22",400,"MSTSTO",98210012,"0401011FemerenBaeltVest",54.73475,11.0846527777778,51,"MST2021011","MST2021011_2021-08-31","MST2021011::2021-08-31","MST2021011STEX22_05","NicolaiEspenhainAnker",NA,"ABRA","MST2021011STEX22_05","22_05",170.9,"MST2021011","nej",1500,TRUE,31,8,2021,15231,"Myaare","Unknown",0,14,13,590,0
"37","G02","MST2021081","Myaare",0,18455,0,18455,18455,NA,"ddpcr0015","RIB1510007",3.54,"2021-nov-24","2021-09-21","2021-09-20","2021-09-20",NA,1,"MST-SX21",400,"Sydjylland",91500007,"Soenderhooest",55.3375166666667,8.35012777777778,63,"MST2021081","MST2021081_2021-09-20","MST2021081::2021-09-20","MST2021081STEX21_22","LasseoerstedJensen",NA,"Haig","MST2021081STEX21_22","21_22",16,"MST2021081","nej",1300,FALSE,20,9,2021,18455,"Myaare","Unknown",0,41,13,617,0
"38","G03","MST1028","Myaare",0,17936,0,17936,17936,NA,"ddpcr0015",NA,7.15,"2022-jan-06","2021-03-26","2021-03-15","2021-03-15","17",282,"MST-SX23",400,"MSTSYD",95700008,"FFSB0011",54.8341666666667,9.81666666666667,292,"MST1028","MST1028_2021-03-15","MST1028::2021-03-15","MST1028STEX23_11","RasmusBillegrav",NA,"LivII",NA,"23_11",27.8,"MST1028","ja",1600,FALSE,15,3,2021,17936,"Myaare","Unknown",0,4,13,580,0
"39","G04","MST2021051","Myaare",193.45246887207,19548,2964,16584,19548,NA,"ddpcr0015",NA,22.5,"2022-feb-01","2021-06-10","2021-06-04","2021-06-04",NA,1,"MST-SX25",400,"MSTNJL",93730002,"93730002_VIB3708_1",56.9543333333333,9.07075,7,"MST2021051","MST2021051_2021-06-04","MST2021051::2021-06-04","MST2021051STEX25_16","RasmusBillegrav",NA,"Frigg","MST2021051STEX25_16","25_16",150.8,"MST2021051","nej",1700,FALSE,4,6,2021,19548,"Myaare","Unknown",193.45246887207,30,13,606,1
"40","G05","MST1024","Myaare",0,19722,0,19722,19722,NA,"ddpcr0015",NA,1,"2022-jan-06","2021-04-19","2021-04-15","2021-04-15",NA,5,"MST-SX23",400,"MSTMJL",93770056,"NissumBredning",56.6008333333333,8.400225,6,"MST1024","MST1024_2021-04-15","MST1024::2021-04-15","MST1024STEX23_14","JOCTH",NA,"Musling",NA,"23_14",69,"MST1024","nej",1500,FALSE,15,4,2021,19722,"Myaare","Unknown",0,2,13,578,0
"41","G06","MST2021085","Myaare",0,19645,0,19645,19645,NA,"ddpcr0015",NA,3.26,"2021-nov-24","2021-09-22","2021-09-16","2021-09-16","8.8E+016",1,"MST-SX21",400,"SJL",93000001,"93000001",56.1305,11.1501055555556,439,"MST2021085","MST2021085_2021-09-16","MST2021085::2021-09-16","MST2021085STEX21_24","krmsk",NA,"sif","MST2021085STEX21_24","21_24",173.2,"MST2021085","ja",1700,FALSE,16,9,2021,19645,"Myaare","Unknown",0,44,13,620,0
"42","G07","MST2021002","Myaare",0.145350947976112,16189,2,16187,16189,NA,"ddpcr0015",NA,5.4,"2021-dec-08","2021-07-08","2021-07-07","2021-07-07","_",57,"MST-SX22",400,"MSTSTO",96220363,"0101142EnoeNor",55.15755,11.6357944444444,67,"MST2021002","MST2021002_2021-07-07","MST2021002::2021-07-07","MST2021002STEX22_04","jakobOleLarsen",NA,"ABRA","MST2021002STEX22_04","22_04",20.4,"MST2021002","nej",1000,TRUE,7,7,2021,16189,"Myaare","Unknown",0.145350947976112,10,13,586,1
"43","H02","MST2021044","Myaare",0,18730,0,18730,18730,NA,"ddpcr0015","RIB1510007",2.62,"2021-dec-08","2021-05-20","2021-05-19","2021-05-19",NA,1,"MST-SX22",400,"Sydjylland",91500007,"Soenderhooest",55.3375166666667,8.35012777777778,55,"MST2021044","MST2021044_2021-05-19","MST2021044::2021-05-19","MST2021044STEX22_11","LasseoerstedJensen",NA,"Haig","MST2021044STEX22_11","22_11",11,"MST2021044","nej",1200,FALSE,19,5,2021,18730,"Myaare","Unknown",0,28,13,604,0
"44","H03","MST1027","Myaare",0.0647640079259872,18166,1,18165,18166,NA,"ddpcr0015",NA,5.4,"2022-feb-01","2021-03-26","2021-03-19","2021-03-19","95",155,"MST-SX25",400,"MSTFYN",96510125,"Sydfynskeoehav_BF11",55.0262,10.3685111111111,165,"MST1027","MST1027_2021-03-19","MST1027::2021-03-19","MST1027STEX25_15","RasmusBillegrav",NA,"LivII",NA,"25_15",42,"MST1027","ja",1500,FALSE,19,3,2021,18166,"Myaare","Unknown",0.0647640079259872,3,13,579,1
"45","H04","MST2021099","Myaare",0,20053,0,20053,20053,NA,"ddpcr0015",NA,5.4,"2022-jan-11","2021-08-25","2021-08-24","2021-08-24","3",1,"MST-SX24",400,"MSTOJL",94400007,"94400007_ARH170006",56.1544166666667,10.3166972222222,16,"MST2021099","MST2021099_2021-08-24","MST2021099::2021-08-24","MST2021099STEX24_19","RasmusBillegrav",NA,"Frigg","MST2021099STEX24_19","24_19",175.1,"MST2021099","ja",1500,FALSE,24,8,2021,20053,"Myaare","Unknown",0,47,13,623,0
"46","H05","MST1031","Myaare",0.176325127482414,20018,3,20015,20018,NA,"ddpcr0015",NA,17.5,"2022-feb-01","2021-03-26","2021-03-17","2021-03-17","Ingenlagdeling",89,"MST-SX25",400,"MST_SJL",93210013,"Isefjordydre",55.8656666666667,11.7835111111111,105,"MST1031","MST1031_2021-03-17","MST1031::2021-03-17","MST1031STEX25_11","PHELD_NIFSO",NA,"Daphne",NA,"25_11",33.6,"MST1031","nej",1500,FALSE,17,3,2021,20018,"Myaare","Unknown",0.176325127482414,5,13,581,1
"47","H06","MST1038","Myaare",0.812760353088379,20272,14,20258,20272,NA,"ddpcr0015",NA,2.61,"2022-jan-06","2021-04-16","2021-04-14","2021-04-14","3",111,"MST-SX23",400,"MST_STORSTRoeM",95220322,"BFKarrebaeksmindeBugt",55.1395,11.5002361111111,121,"MST1038","MST1038_2021-04-14","MST1038::2021-04-14","MST1038STEX23_09","Alkri",NA,"DAPHNE",NA,"23_09",60.3,"MST1038","ja",1700,FALSE,14,4,2021,20272,"Myaare","Unknown",0.812760353088379,6,13,582,1
"48","H07","MST2021013","Myaare",7.93451404571533,17704,119,17585,17704,NA,"ddpcr0015",NA,9.55,"2021-dec-08","2021-09-10","2021-08-25","2021-08-25",NA,1,"MST-SX22",400,"Sjaelland",93220011,"ROS60",55.713,12.04,48,"MST2021013","MST2021013_2021-08-25","MST2021013::2021-08-25","MST2021013STEX22_06","EmilGuddalLarsen",NA,"Mergus","MST2021013STEX22_06","22_06",17.9,"MST2021013","nej",1600,TRUE,25,8,2021,17704,"Myaare","Unknown",7.93451404571533,16,13,592,1
"49","A02","MST1039","Mnelei",0,14772,0,14772,14772,NA,"ddpcr0017",NA,13.6,"2022-feb-01","2021-05-03","2021-04-26","2021-04-26","na",1,"MST-SX25",400,"MST_MJL",91320001,"RKB1",56.0778333333333,8.21670555555556,32,"MST1039","MST1039_2021-04-26","MST1039::2021-04-26","MST1039STEX25_19","JettePoulsenEngholm",NA,"Penelope",NA,"25_19",95,"MST1039","nej",570,FALSE,26,4,2021,14772,"Mnelei","Unknown",0,7,12,535,0
"50","A03","MST2021049","Mnelei",3.42667984962463,17879,52,17827,17879,NA,"ddpcr0017","LISD0027",7.75,"2022-jan-06","2021-05-21","2021-05-21","2021-05-21",NA,10,"MST-SX23",400,"Sydjylland",91650035,"ListerDyb",55.0938666666667,8.56828611111111,11,"MST2021049","MST2021049_2021-05-21","MST2021049::2021-05-21","MST2021049STEX23_10","LasseoerstedJensen",NA,"Fucus","MST2021049STEX23_10","23_10",11,"MST2021049","nej",500,FALSE,21,5,2021,17879,"Mnelei","Unknown",3.42667984962463,29,12,557,1
"51","A04","MST2021012","Mnelei",0.282533764839172,16658,4,16654,16658,NA,"ddpcr0017",NA,11,"2022-feb-01","2021-05-03","2021-04-27","2021-04-27","na",59,"MST-SX25",400,"MSTSYD",95130028,"VejleFjordindre_VF",55.7021833333333,9.66136111111111,69,"MST2021012","MST2021012_2021-04-27","MST2021012::2021-04-27","MST2021012STEX25_12","KRISTIANMCGREGOR",NA,"LIVII","MST2021012STEX25_12","25_12",81.7,"MST2021012","nej",1500,TRUE,27,4,2021,16658,"Mnelei","Unknown",0.282533764839172,15,12,543,1
"52","A05","MST2021058","Mnelei",2679.177734375,14840,13318,1522,14840,NA,"ddpcr0017",NA,3.7,"2021-nov-24","2021-09-03","2021-08-30","2021-08-30","17",1,"MST-SX21",400,"MSTOJL",94300001,"94300001_VEJ0006870",55.6743833333333,10.0845083333333,194,"MST2021058","MST2021058_2021-08-30","MST2021058::2021-08-30","MST2021058STEX21_13","KRISTIANMCGREGOR",NA,"Frigg","MST2021058STEX21_13","21_13",100.7,"MST2021058","ja",1500,FALSE,30,8,2021,14840,"Mnelei","Unknown",2679.177734375,33,12,561,1
"53","A06","MST2021039","Mnelei",0,17569,0,17569,17569,NA,"ddpcr0017",NA,2.72,"2021-dec-08","2021-05-20","2021-05-07","2021-05-07","7m",1,"MST-SX22",400,"MST_NJL",93610032,"MariagerFjord",56.6626666666667,9.96678333333333,27,"MST2021039","MST2021039_2021-05-07","MST2021039::2021-05-07","MST2021039STEX22_08","PHELD_ALKRI",NA,"Sif","MST2021039STEX22_08","22_08",92.8,"MST2021039","ja",1800,FALSE,7,5,2021,17569,"Mnelei","Unknown",0,25,12,553,0
"54","A07","MST2021043","Mnelei",0.0619146153330803,19002,1,19001,19002,NA,"ddpcr0017","Dererkunenproevetilraadighed_proeve2erbortkommet",4.41,"2021-dec-08","2021-05-20","2021-05-17","2021-05-17","4",1,"MST-SX22",400,"MSTSJL",93000001,"VSJ20925",56.1316666666667,11.1513361111111,48,"MST2021043","MST2021043_2021-05-17","MST2021043::2021-05-17","MST2021043STEX22_10","alkri_nifso",NA,"Sif","MST2021043STEX22_10","22_10",10.6,"MST2021043","ja",1500,FALSE,17,5,2021,19002,"Mnelei","Unknown",0.0619146153330803,27,12,555,1
"55","B02","MST2021015","Mnelei",0.245396256446838,14384,3,14381,14384,NA,"ddpcr0017",NA,5.4,"2021-nov-24","2021-09-08","2021-09-02","2021-09-02","na",1,"MST-SX21",400,"MST_MJL",91320001,"RKB1",56.0778333333333,8.21678611111111,32,"MST2021015","MST2021015_2021-09-02","MST2021015::2021-09-02","MST2021015STEX21_03","BentJensen",NA,"Penelope","MST2021015STEX21_03","21_03",17.5,"MST2021015","nej",925,TRUE,2,9,2021,14384,"Mnelei","Unknown",0.245396256446838,17,12,545,1
"56","B03","MST2021052","Mnelei",0.474424302577972,17362,7,17355,17362,NA,"ddpcr0017",NA,8.95,"2021-nov-24","2021-06-15","2021-06-14","2021-06-14","26",1,"MST-SX21",400,"Fyn",94230001,"FYN6900017",55.4678333333333,10.5169333333333,84,"MST2021052","MST2021052_2021-06-14","MST2021052::2021-06-14","MST2021052STEX21_10","FlemmingNoergaard",NA,"Belone","MST2021052STEX21_10","21_10",17.8,"MST2021052","ja",610,FALSE,14,6,2021,17362,"Mnelei","Unknown",0.474424302577972,31,12,559,1
"57","B04","MST2021075","Mnelei",0,14711,0,14711,14711,NA,"ddpcr0017",NA,4.86,"2021-dec-08","2021-05-20","2021-05-11","2021-05-11","13",1,"MST-SX22",400,"MSTOJL",94300001,"VEJ0006870_94300001",55.6743833333333,10.0845083333333,21,"MST2021075","MST2021075_2021-05-11","MST2021075::2021-05-11","MST2021075STEX22_13","janeRobertsen",NA,"Frigg","MST2021075STEX22_13","22_13",98.1,"MST2021075","ja",1100,FALSE,11,5,2021,14711,"Mnelei","Unknown",0,38,12,566,0
"58","B05","MST2021064","Mnelei",3160.34399414063,16321,15209,1112,16321,NA,"ddpcr0017","Breddegrad:56572400",2.96,"2021-nov-24","2021-09-08","2021-09-02","2021-09-02","na",1,"MST-SX21",400,"MSTNJL",93730002,"93730002_VIB3708_1",56.954,9.05020833333333,76,"MST2021064","MST2021064_2021-09-02","MST2021064::2021-09-02","MST2021064STEX21_15","kristianmcgregor",NA,"Frigg","MST2021064STEX21_15","21_15",173.7,"MST2021064","nej",700,FALSE,2,9,2021,16321,"Mnelei","Unknown",3160.34399414063,35,12,563,1
"59","B06","MST1054","Mnelei",0.065162181854248,18055,1,18054,18055,NA,"ddpcr0017",NA,6.85,"2022-jan-11","2021-05-31","2021-05-18","2021-05-18","38m",1,"MST-SX24",400,"MST_FYN",99000052,"DMU444_Arkona",55,13.3,48,"MST1054","MST1054_2021-05-18","MST1054::2021-05-18","MST1054STEX24_23","ALKRI_NIFSO",NA,"Sif",NA,"24_23",92,"MST1054","ja",1400,FALSE,18,5,2021,18055,"Mnelei","Unknown",0.065162181854248,9,12,537,1
"60","B07","MST2021076","Mnelei",6.25520992279053,17915,95,17820,17915,NA,"ddpcr0017",NA,7.4,"2022-feb-01","2021-09-08","2021-09-02","2021-09-02","42",1,"MST-SX25",400,"MSTFYN",99000052,"DMU444",54.9996666666667,13.3,457,"MST2021076","MST2021076_2021-09-02","MST2021076::2021-09-02","MST2021076STEX25_04","alkri",NA,"Sif","MST2021076STEX25_04","25_04",17.5,"MST2021076","ja",1800,FALSE,2,9,2021,17915,"Mnelei","Unknown",6.25520992279053,39,12,567,1
"61","C02","MST2021028","Mnelei",11.4762868881226,14731,143,14588,14731,NA,"ddpcr0017","VandproeverneernedkoeletogtransporterettilAalborghvorfiltreringenskete",0.58,"2021-nov-24","2021-10-09","2021-09-27","2021-09-27",NA,NA,"MST-SX21",400,"Nordjylland",92200001,"HirtshalsNOR7715_92200001",57.6078333333333,9.90025555555555,18,"MST2021028","MST2021028_2021-09-27","MST2021028::2021-09-27","MST2021028STEX21_06","SvendaageBendtsen",NA,"MagretheGaardbo","MST2021028STEX21_06","21_06",15,"MST2021028","nej",1200,TRUE,27,9,2021,14731,"Mnelei","Unknown",11.4762868881226,20,12,548,1
"62","C03","MST2021071","Mnelei",112.356887817383,16567,1509,15058,16567,NA,"ddpcr0017",NA,6.5,"2022-jan-11","2021-10-21","2021-10-13","2021-10-13",NA,1,"MST-SX24",400,"Fyn",94230001,"FYN6900017",55.4678333333333,10.5169333333333,98,"MST2021071","MST2021071_2021-10-13","MST2021071::2021-10-13","MST2021071STEX24_04","FlemmingNoergaard&PauliJoergensen",NA,"Belone","MST2021071STEX24_04","24_04",11.4,"MST2021071","nej",1500,FALSE,13,10,2021,16567,"Mnelei","Unknown",112.356887817383,37,12,565,1
"63","C04","MST1022","Mnelei",0.281575798988342,12536,3,12533,12536,NA,"ddpcr0017",NA,0.428,"2021-dec-08","2021-05-20","2021-05-17","2021-05-17","9",1,"MST-SX22",400,"MSTOJL",94400007,"ARH1700006_94400007",56.1547333333333,10.3170055555556,162,"MST1022","MST1022_2021-05-17","MST1022::2021-05-17","MST1022STEX22_02","janeRobertsen",NA,"Frigg",NA,"22_02",10.9,"MST1022","ja",1100,FALSE,17,5,2021,12536,"Mnelei","Unknown",0.281575798988342,1,12,529,1
"64","C05","MST2021079","Mnelei",0.0747986510396004,15729,1,15728,15729,NA,"ddpcr0017",NA,7.6,"2021-nov-24","2021-09-08","2021-09-06","2021-09-06","2",1,"MST-SX21",400,"MSTMJL",93740007,"93740007_VIB3727_1",56.6208333333333,9.06681944444444,51,"MST2021079","MST2021079_2021-09-06","MST2021079::2021-09-06","MST2021079STEX21_21","RasmusBillegrav",NA,"Frigg","MST2021079STEX21_21","21_21",173.5,"MST2021079","ja",1100,FALSE,6,9,2021,15729,"Mnelei","Unknown",0.0747986510396004,40,12,568,1
"65","C06","MST2021008","Mnelei",0,17965,0,17965,17965,NA,"ddpcr0017",NA,9.1,"2022-jan-11","2021-05-31","2021-05-19","2021-05-19","86",1,"MST-SX24",400,"MST_SJL",97200002,"KBH431_Ven",55.8666666666667,12.75,55,"MST2021008","MST2021008_2021-05-19","MST2021008::2021-05-19","MST2021008STEX24_05","ALKRI_NIFSO",NA,"Sif","MST2021008STEX24_05","24_05",11.8,"MST2021008","ja",1300,FALSE,19,5,2021,17965,"Mnelei","Unknown",0,13,12,541,0
"66","C07","MST2021029","Mnelei",17.1762943267822,14006,203,13803,14006,NA,"ddpcr0017",NA,5.7,"2021-nov-24","2021-09-15","2021-09-07","2021-09-07","12",1,"MST-SX21",400,"MSTSJL",97200002,"KBH431",55.8616666666667,12.7336055555556,501,"MST2021029","MST2021029_2021-09-07","MST2021029::2021-09-07","MST2021029STEX21_07","alkri",NA,"Sif","MST2021029STEX21_07","21_07",17.1,"MST2021029","ja",1800,TRUE,7,9,2021,14006,"Mnelei","Unknown",17.1762943267822,21,12,549,1
"67","D02","MST2021031","Mnelei",0.0831751227378845,14145,1,14144,14145,NA,"ddpcr0017","ErudtagetmedLindahlslangesomdybdeintegredetproeverfra0_10metersammenmedplanktonproeverneogsaaprofilmaalingerchlAogvandkemi",0.97,"2021-nov-24","2021-07-03","2021-06-17","2021-06-17",NA,4,"MST-SX21",400,"Nordjylland",92200001,"HirtshalsNOR7715_92200001",57.6078333333333,9.90025555555555,15,"MST2021031","MST2021031_2021-06-17","MST2021031::2021-06-17","MST2021031STEX21_09","SvendaageBendtsen",NA,"MagretheGaardbo","MST2021031STEX21_09","21_09",14,"MST2021031","nej",1200,FALSE,17,6,2021,14145,"Mnelei","Unknown",0.0831751227378845,23,12,551,1
"68","D03","MST2021005","Mnelei",0,17622,0,17622,17622,NA,"ddpcr0017",NA,11.7,"2022-jan-11","2021-06-10","2021-06-01","2021-06-01",NA,1,"MST-SX24",400,"Sjaelland",93220011,"ROS60_322RoskildeFjord",55.713,12.04,48,"MST2021005","MST2021005_2021-06-01","MST2021005::2021-06-01","MST2021005STEX24_12","EmilGuddalLarsen",NA,"Mergus","MST2021005STEX24_12","24_12",17.1,"MST2021005","nej",1600,TRUE,1,6,2021,17622,"Mnelei","Unknown",0,11,12,539,0
"69","D04","MST2021089","Mnelei",0.14527915418148,16197,2,16195,16197,NA,"ddpcr0017",NA,5.7,"2022-jan-06","2021-05-20","2021-05-17","2021-05-17","75",13,"MST-SX23",400,"MSTOJL",94510035,"EbeltoftVig",56.2094,10.6003444444444,14,"MST2021089","MST2021089_2021-05-17","MST2021089::2021-05-17","MST2021089STEX23_06","janeRobertsen",NA,"Frigg","MST2021089STEX23_06","23_06",77.3,"MST2021089","ja",1400,FALSE,17,5,2021,16197,"Mnelei","Unknown",0.14527915418148,46,12,574,1
"70","D05","MST2021082","Mnelei",133.262954711914,13773,1475,12298,13773,NA,"ddpcr0017",NA,4.09,"2021-nov-24","2021-09-08","2021-09-07","2021-09-07","4",1,"MST-SX21",400,"MSTNJL",93000005,"93000005_NOR409",56.8561,10.7845083333333,146,"MST2021082","MST2021082_2021-09-07","MST2021082::2021-09-07","MST2021082STEX21_23","RasmusBillegrav",NA,"Frigg","MST2021082STEX21_23","21_23",160.3,"MST2021082","ja",1500,FALSE,7,9,2021,13773,"Mnelei","Unknown",133.262954711914,42,12,570,1
"71","D06","MST2021019","Mnelei",0.511453330516815,18406,8,18398,18406,NA,"ddpcr0017",NA,3.86,"2022-jan-11","2021-05-31","2021-05-25","2021-05-25","11m",1,"MST-SX24",400,"MST_NJL",93000005,"NOR409_aalborgBugt",56.8566666666667,10.7834722222222,146,"MST2021019","MST2021019_2021-05-25","MST2021019::2021-05-25","MST2021019STEX24_21","ALKRI_NICRA",NA,"Sif","MST2021019STEX24_21","24_21",88,"MST2021019","ja",1650,TRUE,25,5,2021,18406,"Mnelei","Unknown",0.511453330516815,18,12,546,1
"72","D07","MST2021083","Mnelei",4295.64599609375,14832,14447,385,14832,NA,"ddpcr0017",NA,7.8,"2022-jan-11","2021-10-29","2021-10-22","2021-10-22","12",1,"MST-SX24",400,"MSTFYN",95600002,"FYN6300043",54.9976833333333,10.1517305555556,34,"MST2021083","MST2021083_2021-10-22","MST2021083::2021-10-22","MST2021083STEX24_03","alkri",NA,"Sif","MST2021083STEX24_03","24_03",12.5,"MST2021083","ja",1500,FALSE,22,10,2021,14832,"Mnelei","Unknown",4295.64599609375,43,12,571,1
"73","E02","MST2021032","Mnelei",1.72220456600189,14356,21,14335,14356,NA,"ddpcr0017","erudtagetmedNiskinvandhenter",3.28,"2022-jan-11","2021-07-03","2021-06-23","2021-06-23",NA,3,"MST-SX24",400,"Nordjylland",93920064,"KragskovRevSyd",57.5407666666667,10.4687805555556,4,"MST2021032","MST2021032_2021-06-23","MST2021032::2021-06-23","MST2021032STEX24_11","SvendaageBendtsen",NA,"Pingo","MST2021032STEX24_11","24_11",15.7,"MST2021032","nej",1400,FALSE,23,6,2021,14356,"Mnelei","Unknown",1.72220456600189,24,12,552,1
"74","E03","MST2021025","Mnelei",0,17003,0,17003,17003,NA,"ddpcr0017","Datoforoverfoerseltil_80Cfryserenilaboratorieterikkedokumenteremenproevemersenestblevetoverfoertd15_06_2021ogmuligvisvedentidligeredato
",3.16,"2022-jan-11","2021-06-15","2021-06-10","2021-06-10",NA,28,"MST-SX24",400,"Sjaelland",99150002,"FranksRev",55.0334833333333,15.5078333333333,39,"MST2021025","MST2021025_2021-06-10","MST2021025::2021-06-10","MST2021025STEX24_02","EmilGuddalLarsen",NA,"Mergus","MST2021025STEX24_02","24_02",16.8,"MST2021025","nej",1750,TRUE,10,6,2021,17003,"Mnelei","Unknown",0,19,12,547,0
"75","E04","MST2021088","Mnelei",1.17705917358398,17000,17,16983,17000,NA,"ddpcr0017",NA,16.5,"2022-feb-01","2021-05-21","2021-05-20","2021-05-20","75",188,"MST-SX25",400,"MSTFYN",96700057,"KertemindeBugt",55.4392166666667,10.8276944444444,198,"MST2021088","MST2021088_2021-05-20","MST2021088::2021-05-20","MST2021088STEX25_03","janeRobertsen",NA,"Frigg","MST2021088STEX25_03","25_03",73.7,"MST2021088","ja",1600,FALSE,20,5,2021,17000,"Mnelei","Unknown",1.17705917358398,45,12,573,1
"76","E05","MST2021070","Mnelei",0.219293028116226,16096,3,16093,16096,NA,"ddpcr0017",NA,9.1,"2022-jan-11","2021-10-27","2021-10-26","2021-10-26","86",1,"MST-SX24",400,"MSTNJL",93610032,"93610032",56.6626666666667,9.96678333333333,28,"MST2021070","MST2021070_2021-10-26","MST2021070::2021-10-26","MST2021070STEX24_16","RasmusBillegrav",NA,"Frigg","MST2021070STEX24_16","24_16",107.4,"MST2021070","ja",1200,FALSE,26,10,2021,16096,"Mnelei","Unknown",0.219293028116226,36,12,564,1
"77","E06","MST2021030","Mnelei",0,18371,0,18371,18371,NA,"ddpcr0017",NA,4.07,"2021-nov-24","2021-05-31","2021-05-26","2021-05-26","N_A",1,"MST-SX21",400,"MST_MJL",93740007,"SkiveFjord",56.6208333333333,9.06681944444444,5,"MST2021030","MST2021030_2021-05-26","MST2021030::2021-05-26","MST2021030STEX21_08","PHELD_NICRA",NA,"Sif","MST2021030STEX21_08","21_08",115.9,"MST2021030","nej",1600,TRUE,26,5,2021,18371,"Mnelei","Unknown",0,22,12,550,0
"78","E07","MST2021006","Mnelei",45.5109176635742,16102,611,15491,16102,NA,"ddpcr0017",NA,7.65,"2022-jan-11","2021-08-25","2021-08-24","2021-08-24","_",96,"MST-SX24",400,"MSTSTO",99210007,"1001027Hovedeskov",54.7410833333333,12.0851805555556,106,"MST2021006","MST2021006_2021-08-24","MST2021006::2021-08-24","MST2021006STEX24_13","NicolaiEspenhainAnker",NA,"ABRA","MST2021006STEX24_13","24_13",17.3,"MST2021006","nej",1400,TRUE,24,8,2021,16102,"Mnelei","Unknown",45.5109176635742,12,12,540,1
"79","F02","MST2021040","Mnelei",347.771270751953,14149,3621,10528,14149,NA,"ddpcr0017",NA,4.92,"2021-dec-08","2021-09-22","2021-09-15","2021-09-15",NA,95,"MST-SX22",400,"MSToestjylland",93420310,"Tr3Fornaes",56.4437333333333,10.9524027777778,11,"MST2021040","MST2021040_2021-09-15","MST2021040::2021-09-15","MST2021040STEX22_09","JensDeding",NA,"Havana","MST2021040STEX22_09","22_09",15.7,"MST2021040","?",1270,FALSE,15,9,2021,14149,"Mnelei","Unknown",347.771270751953,26,12,554,1
"80","F03","NEKfeb2022","Mnelei",0,16292,0,16292,16292,NA,"ddpcr0017",NA,NA,NA,NA,NA,NA,NA,NA,NA,NA,NA,NA,NA,NA,NA,NA,NA,NA,NA,NA,NA,NA,NA,NA,NA,NA,NA,NA,NA,NA,NA,NA,NA,16292,"Mnelei","Unknown",0,48,12,576,0
"81","F04","MST2021062","Mnelei",0.872877240180969,17528,13,17515,17528,NA,"ddpcr0017",NA,19,"2022-feb-01","2021-05-21","2021-05-21","2021-05-21","12",1,"MST-SX25",400,"MSTFYN",95600002,"95600002_FYN6300043",54.9975833333333,10.1654166666667,361,"MST2021062","MST2021062_2021-05-21","MST2021062::2021-05-21","MST2021062STEX25_10","janeRobertsen",NA,"Frigg","MST2021062STEX25_10","25_10",112.2,"MST2021062","ja",1400,FALSE,21,5,2021,17528,"Mnelei","Unknown",0.872877240180969,34,12,562,1
"82","F05","MST1043","Mnelei",0,15151,0,15151,15151,NA,"ddpcr0017",NA,3.06,"2022-jan-06","2021-04-12","2021-04-06","2021-04-06",NA,11,"MST-SX23",400,"MSTOJL",93500119,"Hevringbugt",56.6261666666667,10.3204,12,"MST1043","MST1043_2021-04-06","MST1043::2021-04-06","MST1043STEX23_02","JOCTH",NA,"Musling",NA,"23_02",64.3,"MST1043","nej",1500,FALSE,6,4,2021,15151,"Mnelei","Unknown",0,8,12,536,0
"83","F06","MST2021055","Mnelei",1.2195063829422,18339,19,18320,18339,NA,"ddpcr0017",NA,5.3,"2021-nov-24","2021-09-15","2021-09-14","2021-09-14","24",1,"MST-SX21",400,"STO",99000049,"99000049",55.25,15.9833333333333,909,"MST2021055","MST2021055_2021-09-14","MST2021055::2021-09-14","MST2021055STEX21_12","krmsk",NA,"sif","MST2021055STEX21_12","21_12",169.3,"MST2021055","ja",1500,FALSE,14,9,2021,18339,"Mnelei","Unknown",1.2195063829422,32,12,560,1
"84","F07","MST2021011","Mnelei",2132.38525390625,15958,13353,2605,15958,NA,"ddpcr0017",NA,4.23,"2021-dec-08","2021-08-03","2021-08-31","2021-08-31","_",4.1e+16,"MST-SX22",400,"MSTSTO",98210012,"0401011FemerenBaeltVest",54.73475,11.0846527777778,51,"MST2021011","MST2021011_2021-08-31","MST2021011::2021-08-31","MST2021011STEX22_05","NicolaiEspenhainAnker",NA,"ABRA","MST2021011STEX22_05","22_05",170.9,"MST2021011","nej",1500,TRUE,31,8,2021,15958,"Mnelei","Unknown",2132.38525390625,14,12,542,1
"85","G02","MST2021081","Mnelei",136.442687988281,12995,1423,11572,12995,NA,"ddpcr0017","RIB1510007",3.54,"2021-nov-24","2021-09-21","2021-09-20","2021-09-20",NA,1,"MST-SX21",400,"Sydjylland",91500007,"Soenderhooest",55.3375166666667,8.35012777777778,63,"MST2021081","MST2021081_2021-09-20","MST2021081::2021-09-20","MST2021081STEX21_22","LasseoerstedJensen",NA,"Haig","MST2021081STEX21_22","21_22",16,"MST2021081","nej",1300,FALSE,20,9,2021,12995,"Mnelei","Unknown",136.442687988281,41,12,569,1
"86","G03","MST1028","Mnelei",0.0692224726080894,16996,1,16995,16996,NA,"ddpcr0017",NA,7.15,"2022-jan-06","2021-03-26","2021-03-15","2021-03-15","17",282,"MST-SX23",400,"MSTSYD",95700008,"FFSB0011",54.8341666666667,9.81666666666667,292,"MST1028","MST1028_2021-03-15","MST1028::2021-03-15","MST1028STEX23_11","RasmusBillegrav",NA,"LivII",NA,"23_11",27.8,"MST1028","ja",1600,FALSE,15,3,2021,16996,"Mnelei","Unknown",0.0692224726080894,4,12,532,1
"87","G04","MST2021051","Mnelei",0,15567,0,15567,15567,NA,"ddpcr0017",NA,22.5,"2022-feb-01","2021-06-10","2021-06-04","2021-06-04",NA,1,"MST-SX25",400,"MSTNJL",93730002,"93730002_VIB3708_1",56.9543333333333,9.07075,7,"MST2021051","MST2021051_2021-06-04","MST2021051::2021-06-04","MST2021051STEX25_16","RasmusBillegrav",NA,"Frigg","MST2021051STEX25_16","25_16",150.8,"MST2021051","nej",1700,FALSE,4,6,2021,15567,"Mnelei","Unknown",0,30,12,558,0
"88","G05","MST1024","Mnelei",0,15213,0,15213,15213,NA,"ddpcr0017",NA,1,"2022-jan-06","2021-04-19","2021-04-15","2021-04-15",NA,5,"MST-SX23",400,"MSTMJL",93770056,"NissumBredning",56.6008333333333,8.400225,6,"MST1024","MST1024_2021-04-15","MST1024::2021-04-15","MST1024STEX23_14","JOCTH",NA,"Musling",NA,"23_14",69,"MST1024","nej",1500,FALSE,15,4,2021,15213,"Mnelei","Unknown",0,2,12,530,0
"89","G06","MST2021085","Mnelei",40.9730606079102,17705,606,17099,17705,NA,"ddpcr0017",NA,3.26,"2021-nov-24","2021-09-22","2021-09-16","2021-09-16","8.8E+016",1,"MST-SX21",400,"SJL",93000001,"93000001",56.1305,11.1501055555556,439,"MST2021085","MST2021085_2021-09-16","MST2021085::2021-09-16","MST2021085STEX21_24","krmsk",NA,"sif","MST2021085STEX21_24","21_24",173.2,"MST2021085","ja",1700,FALSE,16,9,2021,17705,"Mnelei","Unknown",40.9730606079102,44,12,572,1
"90","G07","MST2021002","Mnelei",11.3499822616577,17498,168,17330,17498,NA,"ddpcr0017",NA,5.4,"2021-dec-08","2021-07-08","2021-07-07","2021-07-07","_",57,"MST-SX22",400,"MSTSTO",96220363,"0101142EnoeNor",55.15755,11.6357944444444,67,"MST2021002","MST2021002_2021-07-07","MST2021002::2021-07-07","MST2021002STEX22_04","jakobOleLarsen",NA,"ABRA","MST2021002STEX22_04","22_04",20.4,"MST2021002","nej",1000,TRUE,7,7,2021,17498,"Mnelei","Unknown",11.3499822616577,10,12,538,1
"91","H02","MST2021044","Mnelei",0.143734946846962,16371,2,16369,16371,NA,"ddpcr0017","RIB1510007",2.62,"2021-dec-08","2021-05-20","2021-05-19","2021-05-19",NA,1,"MST-SX22",400,"Sydjylland",91500007,"Soenderhooest",55.3375166666667,8.35012777777778,55,"MST2021044","MST2021044_2021-05-19","MST2021044::2021-05-19","MST2021044STEX22_11","LasseoerstedJensen",NA,"Haig","MST2021044STEX22_11","22_11",11,"MST2021044","nej",1200,FALSE,19,5,2021,16371,"Mnelei","Unknown",0.143734946846962,28,12,556,1
"92","H03","MST1027","Mnelei",0.0670793205499649,17539,1,17538,17539,NA,"ddpcr0017",NA,5.4,"2022-feb-01","2021-03-26","2021-03-19","2021-03-19","95",155,"MST-SX25",400,"MSTFYN",96510125,"Sydfynskeoehav_BF11",55.0262,10.3685111111111,165,"MST1027","MST1027_2021-03-19","MST1027::2021-03-19","MST1027STEX25_15","RasmusBillegrav",NA,"LivII",NA,"25_15",42,"MST1027","ja",1500,FALSE,19,3,2021,17539,"Mnelei","Unknown",0.0670793205499649,3,12,531,1
"93","H04","MST2021099","Mnelei",433.170989990234,18658,5747,12911,18658,NA,"ddpcr0017",NA,5.4,"2022-jan-11","2021-08-25","2021-08-24","2021-08-24","3",1,"MST-SX24",400,"MSTOJL",94400007,"94400007_ARH170006",56.1544166666667,10.3166972222222,16,"MST2021099","MST2021099_2021-08-24","MST2021099::2021-08-24","MST2021099STEX24_19","RasmusBillegrav",NA,"Frigg","MST2021099STEX24_19","24_19",175.1,"MST2021099","ja",1500,FALSE,24,8,2021,18658,"Mnelei","Unknown",433.170989990234,47,12,575,1
"94","H05","MST1031","Mnelei",0,16796,0,16796,16796,NA,"ddpcr0017",NA,17.5,"2022-feb-01","2021-03-26","2021-03-17","2021-03-17","Ingenlagdeling",89,"MST-SX25",400,"MST_SJL",93210013,"Isefjordydre",55.8656666666667,11.7835111111111,105,"MST1031","MST1031_2021-03-17","MST1031::2021-03-17","MST1031STEX25_11","PHELD_NIFSO",NA,"Daphne",NA,"25_11",33.6,"MST1031","nej",1500,FALSE,17,3,2021,16796,"Mnelei","Unknown",0,5,12,533,0
"95","H06","MST1038","Mnelei",0,18235,0,18235,18235,NA,"ddpcr0017",NA,2.61,"2022-jan-06","2021-04-16","2021-04-14","2021-04-14","3",111,"MST-SX23",400,"MST_STORSTRoeM",95220322,"BFKarrebaeksmindeBugt",55.1395,11.5002361111111,121,"MST1038","MST1038_2021-04-14","MST1038::2021-04-14","MST1038STEX23_09","Alkri",NA,"DAPHNE",NA,"23_09",60.3,"MST1038","ja",1700,FALSE,14,4,2021,18235,"Mnelei","Unknown",0,6,12,534,0
"96","H07","MST2021013","Mnelei",0.685429155826569,17169,10,17159,17169,NA,"ddpcr0017",NA,9.55,"2021-dec-08","2021-09-10","2021-08-25","2021-08-25",NA,1,"MST-SX22",400,"Sjaelland",93220011,"ROS60",55.713,12.04,48,"MST2021013","MST2021013_2021-08-25","MST2021013::2021-08-25","MST2021013STEX22_06","EmilGuddalLarsen",NA,"Mergus","MST2021013STEX22_06","22_06",17.9,"MST2021013","nej",1600,TRUE,25,8,2021,17169,"Mnelei","Unknown",0.685429155826569,16,12,544,1
"97","A02","MST1039","Cragig",0,11757,0,11757,11757,NA,"ddpcr0018",NA,13.6,"2022-feb-01","2021-05-03","2021-04-26","2021-04-26","na",1,"MST-SX25",400,"MST_MJL",91320001,"RKB1",56.0778333333333,8.21670555555556,32,"MST1039","MST1039_2021-04-26","MST1039::2021-04-26","MST1039STEX25_19","JettePoulsenEngholm",NA,"Penelope",NA,"25_19",95,"MST1039","nej",570,FALSE,26,4,2021,11757,"Cragig","Unknown",0,7,6,247,0
"98","A03","MST2021049","Cragig",0.265374302864075,17735,4,17731,17735,NA,"ddpcr0018","LISD0027",7.75,"2022-jan-06","2021-05-21","2021-05-21","2021-05-21",NA,10,"MST-SX23",400,"Sydjylland",91650035,"ListerDyb",55.0938666666667,8.56828611111111,11,"MST2021049","MST2021049_2021-05-21","MST2021049::2021-05-21","MST2021049STEX23_10","LasseoerstedJensen",NA,"Fucus","MST2021049STEX23_10","23_10",11,"MST2021049","nej",500,FALSE,21,5,2021,17735,"Cragig","Unknown",0.265374302864075,29,6,269,1
"99","A04","MST2021012","Cragig",0,15074,0,15074,15074,NA,"ddpcr0018",NA,11,"2022-feb-01","2021-05-03","2021-04-27","2021-04-27","na",59,"MST-SX25",400,"MSTSYD",95130028,"VejleFjordindre_VF",55.7021833333333,9.66136111111111,69,"MST2021012","MST2021012_2021-04-27","MST2021012::2021-04-27","MST2021012STEX25_12","KRISTIANMCGREGOR",NA,"LIVII","MST2021012STEX25_12","25_12",81.7,"MST2021012","nej",1500,TRUE,27,4,2021,15074,"Cragig","Unknown",0,15,6,255,0
"100","A05","MST2021058","Cragig",0,15064,0,15064,15064,NA,"ddpcr0018",NA,3.7,"2021-nov-24","2021-09-03","2021-08-30","2021-08-30","17",1,"MST-SX21",400,"MSTOJL",94300001,"94300001_VEJ0006870",55.6743833333333,10.0845083333333,194,"MST2021058","MST2021058_2021-08-30","MST2021058::2021-08-30","MST2021058STEX21_13","KRISTIANMCGREGOR",NA,"Frigg","MST2021058STEX21_13","21_13",100.7,"MST2021058","ja",1500,FALSE,30,8,2021,15064,"Cragig","Unknown",0,33,6,273,0
"101","A06","MST2021039","Cragig",0,15194,0,15194,15194,NA,"ddpcr0018",NA,2.72,"2021-dec-08","2021-05-20","2021-05-07","2021-05-07","7m",1,"MST-SX22",400,"MST_NJL",93610032,"MariagerFjord",56.6626666666667,9.96678333333333,27,"MST2021039","MST2021039_2021-05-07","MST2021039::2021-05-07","MST2021039STEX22_08","PHELD_ALKRI",NA,"Sif","MST2021039STEX22_08","22_08",92.8,"MST2021039","ja",1800,FALSE,7,5,2021,15194,"Cragig","Unknown",0,25,6,265,0
"102","A07","MST2021043","Cragig",0,15602,0,15602,15602,NA,"ddpcr0018","Dererkunenproevetilraadighed_proeve2erbortkommet",4.41,"2021-dec-08","2021-05-20","2021-05-17","2021-05-17","4",1,"MST-SX22",400,"MSTSJL",93000001,"VSJ20925",56.1316666666667,11.1513361111111,48,"MST2021043","MST2021043_2021-05-17","MST2021043::2021-05-17","MST2021043STEX22_10","alkri_nifso",NA,"Sif","MST2021043STEX22_10","22_10",10.6,"MST2021043","ja",1500,FALSE,17,5,2021,15602,"Cragig","Unknown",0,27,6,267,0
"103","B02","MST2021015","Cragig",0,12591,0,12591,12591,NA,"ddpcr0018",NA,5.4,"2021-nov-24","2021-09-08","2021-09-02","2021-09-02","na",1,"MST-SX21",400,"MST_MJL",91320001,"RKB1",56.0778333333333,8.21678611111111,32,"MST2021015","MST2021015_2021-09-02","MST2021015::2021-09-02","MST2021015STEX21_03","BentJensen",NA,"Penelope","MST2021015STEX21_03","21_03",17.5,"MST2021015","nej",925,TRUE,2,9,2021,12591,"Cragig","Unknown",0,17,6,257,0
"104","B03","MST2021052","Cragig",0,16023,0,16023,16023,NA,"ddpcr0018",NA,8.95,"2021-nov-24","2021-06-15","2021-06-14","2021-06-14","26",1,"MST-SX21",400,"Fyn",94230001,"FYN6900017",55.4678333333333,10.5169333333333,84,"MST2021052","MST2021052_2021-06-14","MST2021052::2021-06-14","MST2021052STEX21_10","FlemmingNoergaard",NA,"Belone","MST2021052STEX21_10","21_10",17.8,"MST2021052","ja",610,FALSE,14,6,2021,16023,"Cragig","Unknown",0,31,6,271,0
"105","B04","MST2021075","Cragig",0,15208,0,15208,15208,NA,"ddpcr0018",NA,4.86,"2021-dec-08","2021-05-20","2021-05-11","2021-05-11","13",1,"MST-SX22",400,"MSTOJL",94300001,"VEJ0006870_94300001",55.6743833333333,10.0845083333333,21,"MST2021075","MST2021075_2021-05-11","MST2021075::2021-05-11","MST2021075STEX22_13","janeRobertsen",NA,"Frigg","MST2021075STEX22_13","22_13",98.1,"MST2021075","ja",1100,FALSE,11,5,2021,15208,"Cragig","Unknown",0,38,6,278,0
"106","B05","MST2021064","Cragig",0,14863,0,14863,14863,NA,"ddpcr0018","Breddegrad:56572400",2.96,"2021-nov-24","2021-09-08","2021-09-02","2021-09-02","na",1,"MST-SX21",400,"MSTNJL",93730002,"93730002_VIB3708_1",56.954,9.05020833333333,76,"MST2021064","MST2021064_2021-09-02","MST2021064::2021-09-02","MST2021064STEX21_15","kristianmcgregor",NA,"Frigg","MST2021064STEX21_15","21_15",173.7,"MST2021064","nej",700,FALSE,2,9,2021,14863,"Cragig","Unknown",0,35,6,275,0
"107","B06","MST1054","Cragig",0,15650,0,15650,15650,NA,"ddpcr0018",NA,6.85,"2022-jan-11","2021-05-31","2021-05-18","2021-05-18","38m",1,"MST-SX24",400,"MST_FYN",99000052,"DMU444_Arkona",55,13.3,48,"MST1054","MST1054_2021-05-18","MST1054::2021-05-18","MST1054STEX24_23","ALKRI_NIFSO",NA,"Sif",NA,"24_23",92,"MST1054","ja",1400,FALSE,18,5,2021,15650,"Cragig","Unknown",0,9,6,249,0
"108","B07","MST2021076","Cragig",0,15313,0,15313,15313,NA,"ddpcr0018",NA,7.4,"2022-feb-01","2021-09-08","2021-09-02","2021-09-02","42",1,"MST-SX25",400,"MSTFYN",99000052,"DMU444",54.9996666666667,13.3,457,"MST2021076","MST2021076_2021-09-02","MST2021076::2021-09-02","MST2021076STEX25_04","alkri",NA,"Sif","MST2021076STEX25_04","25_04",17.5,"MST2021076","ja",1800,FALSE,2,9,2021,15313,"Cragig","Unknown",0,39,6,279,0
"109","C02","MST2021028","Cragig",0,13775,0,13775,13775,NA,"ddpcr0018","VandproeverneernedkoeletogtransporterettilAalborghvorfiltreringenskete",0.58,"2021-nov-24","2021-10-09","2021-09-27","2021-09-27",NA,NA,"MST-SX21",400,"Nordjylland",92200001,"HirtshalsNOR7715_92200001",57.6078333333333,9.90025555555555,18,"MST2021028","MST2021028_2021-09-27","MST2021028::2021-09-27","MST2021028STEX21_06","SvendaageBendtsen",NA,"MagretheGaardbo","MST2021028STEX21_06","21_06",15,"MST2021028","nej",1200,TRUE,27,9,2021,13775,"Cragig","Unknown",0,20,6,260,0
"110","C03","MST2021071","Cragig",0,17153,0,17153,17153,NA,"ddpcr0018",NA,6.5,"2022-jan-11","2021-10-21","2021-10-13","2021-10-13",NA,1,"MST-SX24",400,"Fyn",94230001,"FYN6900017",55.4678333333333,10.5169333333333,98,"MST2021071","MST2021071_2021-10-13","MST2021071::2021-10-13","MST2021071STEX24_04","FlemmingNoergaard&PauliJoergensen",NA,"Belone","MST2021071STEX24_04","24_04",11.4,"MST2021071","nej",1500,FALSE,13,10,2021,17153,"Cragig","Unknown",0,37,6,277,0
"111","C04","MST1022","Cragig",0,15041,0,15041,15041,NA,"ddpcr0018",NA,0.428,"2021-dec-08","2021-05-20","2021-05-17","2021-05-17","9",1,"MST-SX22",400,"MSTOJL",94400007,"ARH1700006_94400007",56.1547333333333,10.3170055555556,162,"MST1022","MST1022_2021-05-17","MST1022::2021-05-17","MST1022STEX22_02","janeRobertsen",NA,"Frigg",NA,"22_02",10.9,"MST1022","ja",1100,FALSE,17,5,2021,15041,"Cragig","Unknown",0,1,6,241,0
"112","C05","MST2021079","Cragig",0,10764,0,10764,10764,NA,"ddpcr0018",NA,7.6,"2021-nov-24","2021-09-08","2021-09-06","2021-09-06","2",1,"MST-SX21",400,"MSTMJL",93740007,"93740007_VIB3727_1",56.6208333333333,9.06681944444444,51,"MST2021079","MST2021079_2021-09-06","MST2021079::2021-09-06","MST2021079STEX21_21","RasmusBillegrav",NA,"Frigg","MST2021079STEX21_21","21_21",173.5,"MST2021079","ja",1100,FALSE,6,9,2021,10764,"Cragig","Unknown",0,40,6,280,0
"113","C06","MST2021008","Cragig",0,12791,0,12791,12791,NA,"ddpcr0018",NA,9.1,"2022-jan-11","2021-05-31","2021-05-19","2021-05-19","86",1,"MST-SX24",400,"MST_SJL",97200002,"KBH431_Ven",55.8666666666667,12.75,55,"MST2021008","MST2021008_2021-05-19","MST2021008::2021-05-19","MST2021008STEX24_05","ALKRI_NIFSO",NA,"Sif","MST2021008STEX24_05","24_05",11.8,"MST2021008","ja",1300,FALSE,19,5,2021,12791,"Cragig","Unknown",0,13,6,253,0
"114","C07","MST2021029","Cragig",0,14077,0,14077,14077,NA,"ddpcr0018",NA,5.7,"2021-nov-24","2021-09-15","2021-09-07","2021-09-07","12",1,"MST-SX21",400,"MSTSJL",97200002,"KBH431",55.8616666666667,12.7336055555556,501,"MST2021029","MST2021029_2021-09-07","MST2021029::2021-09-07","MST2021029STEX21_07","alkri",NA,"Sif","MST2021029STEX21_07","21_07",17.1,"MST2021029","ja",1800,TRUE,7,9,2021,14077,"Cragig","Unknown",0,21,6,261,0
"115","D02","MST2021031","Cragig",0,9694,0,9694,9694,NA,"ddpcr0018","ErudtagetmedLindahlslangesomdybdeintegredetproeverfra0_10metersammenmedplanktonproeverneogsaaprofilmaalingerchlAogvandkemi",0.97,"2021-nov-24","2021-07-03","2021-06-17","2021-06-17",NA,4,"MST-SX21",400,"Nordjylland",92200001,"HirtshalsNOR7715_92200001",57.6078333333333,9.90025555555555,15,"MST2021031","MST2021031_2021-06-17","MST2021031::2021-06-17","MST2021031STEX21_09","SvendaageBendtsen",NA,"MagretheGaardbo","MST2021031STEX21_09","21_09",14,"MST2021031","nej",1200,FALSE,17,6,2021,9694,"Cragig","Unknown",0,23,6,263,0
"116","D03","MST2021005","Cragig",0,12324,0,12324,12324,NA,"ddpcr0018",NA,11.7,"2022-jan-11","2021-06-10","2021-06-01","2021-06-01",NA,1,"MST-SX24",400,"Sjaelland",93220011,"ROS60_322RoskildeFjord",55.713,12.04,48,"MST2021005","MST2021005_2021-06-01","MST2021005::2021-06-01","MST2021005STEX24_12","EmilGuddalLarsen",NA,"Mergus","MST2021005STEX24_12","24_12",17.1,"MST2021005","nej",1600,TRUE,1,6,2021,12324,"Cragig","Unknown",0,11,6,251,0
"117","D04","MST2021089","Cragig",0,15231,0,15231,15231,NA,"ddpcr0018",NA,5.7,"2022-jan-06","2021-05-20","2021-05-17","2021-05-17","75",13,"MST-SX23",400,"MSTOJL",94510035,"EbeltoftVig",56.2094,10.6003444444444,14,"MST2021089","MST2021089_2021-05-17","MST2021089::2021-05-17","MST2021089STEX23_06","janeRobertsen",NA,"Frigg","MST2021089STEX23_06","23_06",77.3,"MST2021089","ja",1400,FALSE,17,5,2021,15231,"Cragig","Unknown",0,46,6,286,0
"118","D05","MST2021082","Cragig",0,12818,0,12818,12818,NA,"ddpcr0018",NA,4.09,"2021-nov-24","2021-09-08","2021-09-07","2021-09-07","4",1,"MST-SX21",400,"MSTNJL",93000005,"93000005_NOR409",56.8561,10.7845083333333,146,"MST2021082","MST2021082_2021-09-07","MST2021082::2021-09-07","MST2021082STEX21_23","RasmusBillegrav",NA,"Frigg","MST2021082STEX21_23","21_23",160.3,"MST2021082","ja",1500,FALSE,7,9,2021,12818,"Cragig","Unknown",0,42,6,282,0
"119","D06","MST2021019","Cragig",0,15961,0,15961,15961,NA,"ddpcr0018",NA,3.86,"2022-jan-11","2021-05-31","2021-05-25","2021-05-25","11m",1,"MST-SX24",400,"MST_NJL",93000005,"NOR409_aalborgBugt",56.8566666666667,10.7834722222222,146,"MST2021019","MST2021019_2021-05-25","MST2021019::2021-05-25","MST2021019STEX24_21","ALKRI_NICRA",NA,"Sif","MST2021019STEX24_21","24_21",88,"MST2021019","ja",1650,TRUE,25,5,2021,15961,"Cragig","Unknown",0,18,6,258,0
"120","D07","MST2021083","Cragig",0,13226,0,13226,13226,NA,"ddpcr0018",NA,7.8,"2022-jan-11","2021-10-29","2021-10-22","2021-10-22","12",1,"MST-SX24",400,"MSTFYN",95600002,"FYN6300043",54.9976833333333,10.1517305555556,34,"MST2021083","MST2021083_2021-10-22","MST2021083::2021-10-22","MST2021083STEX24_03","alkri",NA,"Sif","MST2021083STEX24_03","24_03",12.5,"MST2021083","ja",1500,FALSE,22,10,2021,13226,"Cragig","Unknown",0,43,6,283,0
"121","E02","MST2021032","Cragig",0,12492,0,12492,12492,NA,"ddpcr0018","erudtagetmedNiskinvandhenter",3.28,"2022-jan-11","2021-07-03","2021-06-23","2021-06-23",NA,3,"MST-SX24",400,"Nordjylland",93920064,"KragskovRevSyd",57.5407666666667,10.4687805555556,4,"MST2021032","MST2021032_2021-06-23","MST2021032::2021-06-23","MST2021032STEX24_11","SvendaageBendtsen",NA,"Pingo","MST2021032STEX24_11","24_11",15.7,"MST2021032","nej",1400,FALSE,23,6,2021,12492,"Cragig","Unknown",0,24,6,264,0
"122","E03","MST2021025","Cragig",0,16344,0,16344,16344,NA,"ddpcr0018","Datoforoverfoerseltil_80Cfryserenilaboratorieterikkedokumenteremenproevemersenestblevetoverfoertd15_06_2021ogmuligvisvedentidligeredato
",3.16,"2022-jan-11","2021-06-15","2021-06-10","2021-06-10",NA,28,"MST-SX24",400,"Sjaelland",99150002,"FranksRev",55.0334833333333,15.5078333333333,39,"MST2021025","MST2021025_2021-06-10","MST2021025::2021-06-10","MST2021025STEX24_02","EmilGuddalLarsen",NA,"Mergus","MST2021025STEX24_02","24_02",16.8,"MST2021025","nej",1750,TRUE,10,6,2021,16344,"Cragig","Unknown",0,19,6,259,0
"123","E04","MST2021088","Cragig",0,15383,0,15383,15383,NA,"ddpcr0018",NA,16.5,"2022-feb-01","2021-05-21","2021-05-20","2021-05-20","75",188,"MST-SX25",400,"MSTFYN",96700057,"KertemindeBugt",55.4392166666667,10.8276944444444,198,"MST2021088","MST2021088_2021-05-20","MST2021088::2021-05-20","MST2021088STEX25_03","janeRobertsen",NA,"Frigg","MST2021088STEX25_03","25_03",73.7,"MST2021088","ja",1600,FALSE,20,5,2021,15383,"Cragig","Unknown",0,45,6,285,0
"124","E05","MST2021070","Cragig",0,13775,0,13775,13775,NA,"ddpcr0018",NA,9.1,"2022-jan-11","2021-10-27","2021-10-26","2021-10-26","86",1,"MST-SX24",400,"MSTNJL",93610032,"93610032",56.6626666666667,9.96678333333333,28,"MST2021070","MST2021070_2021-10-26","MST2021070::2021-10-26","MST2021070STEX24_16","RasmusBillegrav",NA,"Frigg","MST2021070STEX24_16","24_16",107.4,"MST2021070","ja",1200,FALSE,26,10,2021,13775,"Cragig","Unknown",0,36,6,276,0
"125","E06","MST2021030","Cragig",0,16368,0,16368,16368,NA,"ddpcr0018",NA,4.07,"2021-nov-24","2021-05-31","2021-05-26","2021-05-26","N_A",1,"MST-SX21",400,"MST_MJL",93740007,"SkiveFjord",56.6208333333333,9.06681944444444,5,"MST2021030","MST2021030_2021-05-26","MST2021030::2021-05-26","MST2021030STEX21_08","PHELD_NICRA",NA,"Sif","MST2021030STEX21_08","21_08",115.9,"MST2021030","nej",1600,TRUE,26,5,2021,16368,"Cragig","Unknown",0,22,6,262,0
"126","E07","MST2021006","Cragig",0,14906,0,14906,14906,NA,"ddpcr0018",NA,7.65,"2022-jan-11","2021-08-25","2021-08-24","2021-08-24","_",96,"MST-SX24",400,"MSTSTO",99210007,"1001027Hovedeskov",54.7410833333333,12.0851805555556,106,"MST2021006","MST2021006_2021-08-24","MST2021006::2021-08-24","MST2021006STEX24_13","NicolaiEspenhainAnker",NA,"ABRA","MST2021006STEX24_13","24_13",17.3,"MST2021006","nej",1400,TRUE,24,8,2021,14906,"Cragig","Unknown",0,12,6,252,0
"127","F02","MST2021040","Cragig",0,13141,0,13141,13141,NA,"ddpcr0018",NA,4.92,"2021-dec-08","2021-09-22","2021-09-15","2021-09-15",NA,95,"MST-SX22",400,"MSToestjylland",93420310,"Tr3Fornaes",56.4437333333333,10.9524027777778,11,"MST2021040","MST2021040_2021-09-15","MST2021040::2021-09-15","MST2021040STEX22_09","JensDeding",NA,"Havana","MST2021040STEX22_09","22_09",15.7,"MST2021040","?",1270,FALSE,15,9,2021,13141,"Cragig","Unknown",0,26,6,266,0
"128","F03","NEKfeb2022","Cragig",0,16592,0,16592,16592,NA,"ddpcr0018",NA,NA,NA,NA,NA,NA,NA,NA,NA,NA,NA,NA,NA,NA,NA,NA,NA,NA,NA,NA,NA,NA,NA,NA,NA,NA,NA,NA,NA,NA,NA,NA,NA,16592,"Cragig","Unknown",0,48,6,288,0
"129","F04","MST2021062","Cragig",0,14531,0,14531,14531,NA,"ddpcr0018",NA,19,"2022-feb-01","2021-05-21","2021-05-21","2021-05-21","12",1,"MST-SX25",400,"MSTFYN",95600002,"95600002_FYN6300043",54.9975833333333,10.1654166666667,361,"MST2021062","MST2021062_2021-05-21","MST2021062::2021-05-21","MST2021062STEX25_10","janeRobertsen",NA,"Frigg","MST2021062STEX25_10","25_10",112.2,"MST2021062","ja",1400,FALSE,21,5,2021,14531,"Cragig","Unknown",0,34,6,274,0
"130","F05","MST1043","Cragig",0,14261,0,14261,14261,NA,"ddpcr0018",NA,3.06,"2022-jan-06","2021-04-12","2021-04-06","2021-04-06",NA,11,"MST-SX23",400,"MSTOJL",93500119,"Hevringbugt",56.6261666666667,10.3204,12,"MST1043","MST1043_2021-04-06","MST1043::2021-04-06","MST1043STEX23_02","JOCTH",NA,"Musling",NA,"23_02",64.3,"MST1043","nej",1500,FALSE,6,4,2021,14261,"Cragig","Unknown",0,8,6,248,0
"131","F06","MST2021055","Cragig",0,11730,0,11730,11730,NA,"ddpcr0018",NA,5.3,"2021-nov-24","2021-09-15","2021-09-14","2021-09-14","24",1,"MST-SX21",400,"STO",99000049,"99000049",55.25,15.9833333333333,909,"MST2021055","MST2021055_2021-09-14","MST2021055::2021-09-14","MST2021055STEX21_12","krmsk",NA,"sif","MST2021055STEX21_12","21_12",169.3,"MST2021055","ja",1500,FALSE,14,9,2021,11730,"Cragig","Unknown",0,32,6,272,0
"132","F07","MST2021011","Cragig",0.0814307332038879,14448,1,14447,14448,NA,"ddpcr0018",NA,4.23,"2021-dec-08","2021-08-03","2021-08-31","2021-08-31","_",4.1e+16,"MST-SX22",400,"MSTSTO",98210012,"0401011FemerenBaeltVest",54.73475,11.0846527777778,51,"MST2021011","MST2021011_2021-08-31","MST2021011::2021-08-31","MST2021011STEX22_05","NicolaiEspenhainAnker",NA,"ABRA","MST2021011STEX22_05","22_05",170.9,"MST2021011","nej",1500,TRUE,31,8,2021,14448,"Cragig","Unknown",0.0814307332038879,14,6,254,1
"133","G02","MST2021081","Cragig",0,12978,0,12978,12978,NA,"ddpcr0018","RIB1510007",3.54,"2021-nov-24","2021-09-21","2021-09-20","2021-09-20",NA,1,"MST-SX21",400,"Sydjylland",91500007,"Soenderhooest",55.3375166666667,8.35012777777778,63,"MST2021081","MST2021081_2021-09-20","MST2021081::2021-09-20","MST2021081STEX21_22","LasseoerstedJensen",NA,"Haig","MST2021081STEX21_22","21_22",16,"MST2021081","nej",1300,FALSE,20,9,2021,12978,"Cragig","Unknown",0,41,6,281,0
"134","G03","MST1028","Cragig",0,17039,0,17039,17039,NA,"ddpcr0018",NA,7.15,"2022-jan-06","2021-03-26","2021-03-15","2021-03-15","17",282,"MST-SX23",400,"MSTSYD",95700008,"FFSB0011",54.8341666666667,9.81666666666667,292,"MST1028","MST1028_2021-03-15","MST1028::2021-03-15","MST1028STEX23_11","RasmusBillegrav",NA,"LivII",NA,"23_11",27.8,"MST1028","ja",1600,FALSE,15,3,2021,17039,"Cragig","Unknown",0,4,6,244,0
"135","G04","MST2021051","Cragig",0,15172,0,15172,15172,NA,"ddpcr0018",NA,22.5,"2022-feb-01","2021-06-10","2021-06-04","2021-06-04",NA,1,"MST-SX25",400,"MSTNJL",93730002,"93730002_VIB3708_1",56.9543333333333,9.07075,7,"MST2021051","MST2021051_2021-06-04","MST2021051::2021-06-04","MST2021051STEX25_16","RasmusBillegrav",NA,"Frigg","MST2021051STEX25_16","25_16",150.8,"MST2021051","nej",1700,FALSE,4,6,2021,15172,"Cragig","Unknown",0,30,6,270,0
"136","G05","MST1024","Cragig",0,14767,0,14767,14767,NA,"ddpcr0018",NA,1,"2022-jan-06","2021-04-19","2021-04-15","2021-04-15",NA,5,"MST-SX23",400,"MSTMJL",93770056,"NissumBredning",56.6008333333333,8.400225,6,"MST1024","MST1024_2021-04-15","MST1024::2021-04-15","MST1024STEX23_14","JOCTH",NA,"Musling",NA,"23_14",69,"MST1024","nej",1500,FALSE,15,4,2021,14767,"Cragig","Unknown",0,2,6,242,0
"137","G06","MST2021085","Cragig",0.0725253820419312,16222,1,16221,16222,NA,"ddpcr0018",NA,3.26,"2021-nov-24","2021-09-22","2021-09-16","2021-09-16","8.8E+016",1,"MST-SX21",400,"SJL",93000001,"93000001",56.1305,11.1501055555556,439,"MST2021085","MST2021085_2021-09-16","MST2021085::2021-09-16","MST2021085STEX21_24","krmsk",NA,"sif","MST2021085STEX21_24","21_24",173.2,"MST2021085","ja",1700,FALSE,16,9,2021,16222,"Cragig","Unknown",0.0725253820419312,44,6,284,1
"138","G07","MST2021002","Cragig",0,14785,0,14785,14785,NA,"ddpcr0018",NA,5.4,"2021-dec-08","2021-07-08","2021-07-07","2021-07-07","_",57,"MST-SX22",400,"MSTSTO",96220363,"0101142EnoeNor",55.15755,11.6357944444444,67,"MST2021002","MST2021002_2021-07-07","MST2021002::2021-07-07","MST2021002STEX22_04","jakobOleLarsen",NA,"ABRA","MST2021002STEX22_04","22_04",20.4,"MST2021002","nej",1000,TRUE,7,7,2021,14785,"Cragig","Unknown",0,10,6,250,0
"139","H02","MST2021044","Cragig",0,11046,0,11046,11046,NA,"ddpcr0018","RIB1510007",2.62,"2021-dec-08","2021-05-20","2021-05-19","2021-05-19",NA,1,"MST-SX22",400,"Sydjylland",91500007,"Soenderhooest",55.3375166666667,8.35012777777778,55,"MST2021044","MST2021044_2021-05-19","MST2021044::2021-05-19","MST2021044STEX22_11","LasseoerstedJensen",NA,"Haig","MST2021044STEX22_11","22_11",11,"MST2021044","nej",1200,FALSE,19,5,2021,11046,"Cragig","Unknown",0,28,6,268,0
"140","H03","MST1027","Cragig",0,17551,0,17551,17551,NA,"ddpcr0018",NA,5.4,"2022-feb-01","2021-03-26","2021-03-19","2021-03-19","95",155,"MST-SX25",400,"MSTFYN",96510125,"Sydfynskeoehav_BF11",55.0262,10.3685111111111,165,"MST1027","MST1027_2021-03-19","MST1027::2021-03-19","MST1027STEX25_15","RasmusBillegrav",NA,"LivII",NA,"25_15",42,"MST1027","ja",1500,FALSE,19,3,2021,17551,"Cragig","Unknown",0,3,6,243,0
"141","H04","MST2021099","Cragig",0,14570,0,14570,14570,NA,"ddpcr0018",NA,5.4,"2022-jan-11","2021-08-25","2021-08-24","2021-08-24","3",1,"MST-SX24",400,"MSTOJL",94400007,"94400007_ARH170006",56.1544166666667,10.3166972222222,16,"MST2021099","MST2021099_2021-08-24","MST2021099::2021-08-24","MST2021099STEX24_19","RasmusBillegrav",NA,"Frigg","MST2021099STEX24_19","24_19",175.1,"MST2021099","ja",1500,FALSE,24,8,2021,14570,"Cragig","Unknown",0,47,6,287,0
"142","H05","MST1031","Cragig",0,15507,0,15507,15507,NA,"ddpcr0018",NA,17.5,"2022-feb-01","2021-03-26","2021-03-17","2021-03-17","Ingenlagdeling",89,"MST-SX25",400,"MST_SJL",93210013,"Isefjordydre",55.8656666666667,11.7835111111111,105,"MST1031","MST1031_2021-03-17","MST1031::2021-03-17","MST1031STEX25_11","PHELD_NIFSO",NA,"Daphne",NA,"25_11",33.6,"MST1031","nej",1500,FALSE,17,3,2021,15507,"Cragig","Unknown",0,5,6,245,0
"143","H06","MST1038","Cragig",0.0726642534136772,16191,1,16190,16191,NA,"ddpcr0018",NA,2.61,"2022-jan-06","2021-04-16","2021-04-14","2021-04-14","3",111,"MST-SX23",400,"MST_STORSTRoeM",95220322,"BFKarrebaeksmindeBugt",55.1395,11.5002361111111,121,"MST1038","MST1038_2021-04-14","MST1038::2021-04-14","MST1038STEX23_09","Alkri",NA,"DAPHNE",NA,"23_09",60.3,"MST1038","ja",1700,FALSE,14,4,2021,16191,"Cragig","Unknown",0.0726642534136772,6,6,246,1
"144","H07","MST2021013","Cragig",0,13821,0,13821,13821,NA,"ddpcr0018",NA,9.55,"2021-dec-08","2021-09-10","2021-08-25","2021-08-25",NA,1,"MST-SX22",400,"Sjaelland",93220011,"ROS60",55.713,12.04,48,"MST2021013","MST2021013_2021-08-25","MST2021013::2021-08-25","MST2021013STEX22_06","EmilGuddalLarsen",NA,"Mergus","MST2021013STEX22_06","22_06",17.9,"MST2021013","nej",1600,TRUE,25,8,2021,13821,"Cragig","Unknown",0,16,6,256,0
"145","A02","MST1039","Karmik",0,16400,0,16400,16400,NA,"ddpcr0019",NA,13.6,"2022-feb-01","2021-05-03","2021-04-26","2021-04-26","na",1,"MST-SX25",400,"MST_MJL",91320001,"RKB1",56.0778333333333,8.21670555555556,32,"MST1039","MST1039_2021-04-26","MST1039::2021-04-26","MST1039STEX25_19","JettePoulsenEngholm",NA,"Penelope",NA,"25_19",95,"MST1039","nej",570,FALSE,26,4,2021,16400,"Karmik","Unknown",0,7,11,487,0
"146","A03","MST2021049","Karmik",0,16400,0,16400,16400,NA,"ddpcr0019","LISD0027",7.75,"2022-jan-06","2021-05-21","2021-05-21","2021-05-21",NA,10,"MST-SX23",400,"Sydjylland",91650035,"ListerDyb",55.0938666666667,8.56828611111111,11,"MST2021049","MST2021049_2021-05-21","MST2021049::2021-05-21","MST2021049STEX23_10","LasseoerstedJensen",NA,"Fucus","MST2021049STEX23_10","23_10",11,"MST2021049","nej",500,FALSE,21,5,2021,16400,"Karmik","Unknown",0,29,11,509,0
"147","A04","MST2021012","Karmik",0,14516,0,14516,14516,NA,"ddpcr0019",NA,11,"2022-feb-01","2021-05-03","2021-04-27","2021-04-27","na",59,"MST-SX25",400,"MSTSYD",95130028,"VejleFjordindre_VF",55.7021833333333,9.66136111111111,69,"MST2021012","MST2021012_2021-04-27","MST2021012::2021-04-27","MST2021012STEX25_12","KRISTIANMCGREGOR",NA,"LIVII","MST2021012STEX25_12","25_12",81.7,"MST2021012","nej",1500,TRUE,27,4,2021,14516,"Karmik","Unknown",0,15,11,495,0
"148","A05","MST2021058","Karmik",17.1594657897949,16644,241,16403,16644,NA,"ddpcr0019",NA,3.7,"2021-nov-24","2021-09-03","2021-08-30","2021-08-30","17",1,"MST-SX21",400,"MSTOJL",94300001,"94300001_VEJ0006870",55.6743833333333,10.0845083333333,194,"MST2021058","MST2021058_2021-08-30","MST2021058::2021-08-30","MST2021058STEX21_13","KRISTIANMCGREGOR",NA,"Frigg","MST2021058STEX21_13","21_13",100.7,"MST2021058","ja",1500,FALSE,30,8,2021,16644,"Karmik","Unknown",17.1594657897949,33,11,513,1
"149","A06","MST2021039","Karmik",0,15815,0,15815,15815,NA,"ddpcr0019",NA,2.72,"2021-dec-08","2021-05-20","2021-05-07","2021-05-07","7m",1,"MST-SX22",400,"MST_NJL",93610032,"MariagerFjord",56.6626666666667,9.96678333333333,27,"MST2021039","MST2021039_2021-05-07","MST2021039::2021-05-07","MST2021039STEX22_08","PHELD_ALKRI",NA,"Sif","MST2021039STEX22_08","22_08",92.8,"MST2021039","ja",1800,FALSE,7,5,2021,15815,"Karmik","Unknown",0,25,11,505,0
"150","A07","MST2021043","Karmik",0,17131,0,17131,17131,NA,"ddpcr0019","Dererkunenproevetilraadighed_proeve2erbortkommet",4.41,"2021-dec-08","2021-05-20","2021-05-17","2021-05-17","4",1,"MST-SX22",400,"MSTSJL",93000001,"VSJ20925",56.1316666666667,11.1513361111111,48,"MST2021043","MST2021043_2021-05-17","MST2021043::2021-05-17","MST2021043STEX22_10","alkri_nifso",NA,"Sif","MST2021043STEX22_10","22_10",10.6,"MST2021043","ja",1500,FALSE,17,5,2021,17131,"Karmik","Unknown",0,27,11,507,0
"151","B02","MST2021015","Karmik",0,16379,0,16379,16379,NA,"ddpcr0019",NA,5.4,"2021-nov-24","2021-09-08","2021-09-02","2021-09-02","na",1,"MST-SX21",400,"MST_MJL",91320001,"RKB1",56.0778333333333,8.21678611111111,32,"MST2021015","MST2021015_2021-09-02","MST2021015::2021-09-02","MST2021015STEX21_03","BentJensen",NA,"Penelope","MST2021015STEX21_03","21_03",17.5,"MST2021015","nej",925,TRUE,2,9,2021,16379,"Karmik","Unknown",0,17,11,497,0
"152","B03","MST2021052","Karmik",0,17022,0,17022,17022,NA,"ddpcr0019",NA,8.95,"2021-nov-24","2021-06-15","2021-06-14","2021-06-14","26",1,"MST-SX21",400,"Fyn",94230001,"FYN6900017",55.4678333333333,10.5169333333333,84,"MST2021052","MST2021052_2021-06-14","MST2021052::2021-06-14","MST2021052STEX21_10","FlemmingNoergaard",NA,"Belone","MST2021052STEX21_10","21_10",17.8,"MST2021052","ja",610,FALSE,14,6,2021,17022,"Karmik","Unknown",0,31,11,511,0
"153","B04","MST2021075","Karmik",0,13996,0,13996,13996,NA,"ddpcr0019",NA,4.86,"2021-dec-08","2021-05-20","2021-05-11","2021-05-11","13",1,"MST-SX22",400,"MSTOJL",94300001,"VEJ0006870_94300001",55.6743833333333,10.0845083333333,21,"MST2021075","MST2021075_2021-05-11","MST2021075::2021-05-11","MST2021075STEX22_13","janeRobertsen",NA,"Frigg","MST2021075STEX22_13","22_13",98.1,"MST2021075","ja",1100,FALSE,11,5,2021,13996,"Karmik","Unknown",0,38,11,518,0
"154","B05","MST2021064","Karmik",59.9468116760254,15701,780,14921,15701,NA,"ddpcr0019","Breddegrad:56572400",2.96,"2021-nov-24","2021-09-08","2021-09-02","2021-09-02","na",1,"MST-SX21",400,"MSTNJL",93730002,"93730002_VIB3708_1",56.954,9.05020833333333,76,"MST2021064","MST2021064_2021-09-02","MST2021064::2021-09-02","MST2021064STEX21_15","kristianmcgregor",NA,"Frigg","MST2021064STEX21_15","21_15",173.7,"MST2021064","nej",700,FALSE,2,9,2021,15701,"Karmik","Unknown",59.9468116760254,35,11,515,1
"155","B06","MST1054","Karmik",0,15840,0,15840,15840,NA,"ddpcr0019",NA,6.85,"2022-jan-11","2021-05-31","2021-05-18","2021-05-18","38m",1,"MST-SX24",400,"MST_FYN",99000052,"DMU444_Arkona",55,13.3,48,"MST1054","MST1054_2021-05-18","MST1054::2021-05-18","MST1054STEX24_23","ALKRI_NIFSO",NA,"Sif",NA,"24_23",92,"MST1054","ja",1400,FALSE,18,5,2021,15840,"Karmik","Unknown",0,9,11,489,0
"156","B07","MST2021076","Karmik",0,15934,0,15934,15934,NA,"ddpcr0019",NA,7.4,"2022-feb-01","2021-09-08","2021-09-02","2021-09-02","42",1,"MST-SX25",400,"MSTFYN",99000052,"DMU444",54.9996666666667,13.3,457,"MST2021076","MST2021076_2021-09-02","MST2021076::2021-09-02","MST2021076STEX25_04","alkri",NA,"Sif","MST2021076STEX25_04","25_04",17.5,"MST2021076","ja",1800,FALSE,2,9,2021,15934,"Karmik","Unknown",0,39,11,519,0
"157","C02","MST2021028","Karmik",26.5306568145752,15113,337,14776,15113,NA,"ddpcr0019","VandproeverneernedkoeletogtransporterettilAalborghvorfiltreringenskete",0.58,"2021-nov-24","2021-10-09","2021-09-27","2021-09-27",NA,NA,"MST-SX21",400,"Nordjylland",92200001,"HirtshalsNOR7715_92200001",57.6078333333333,9.90025555555555,18,"MST2021028","MST2021028_2021-09-27","MST2021028::2021-09-27","MST2021028STEX21_06","SvendaageBendtsen",NA,"MagretheGaardbo","MST2021028STEX21_06","21_06",15,"MST2021028","nej",1200,TRUE,27,9,2021,15113,"Karmik","Unknown",26.5306568145752,20,11,500,1
"158","C03","MST2021071","Karmik",17.1917915344238,16544,240,16304,16544,NA,"ddpcr0019",NA,6.5,"2022-jan-11","2021-10-21","2021-10-13","2021-10-13",NA,1,"MST-SX24",400,"Fyn",94230001,"FYN6900017",55.4678333333333,10.5169333333333,98,"MST2021071","MST2021071_2021-10-13","MST2021071::2021-10-13","MST2021071STEX24_04","FlemmingNoergaard&PauliJoergensen",NA,"Belone","MST2021071STEX24_04","24_04",11.4,"MST2021071","nej",1500,FALSE,13,10,2021,16544,"Karmik","Unknown",17.1917915344238,37,11,517,1
"159","C04","MST1022","Karmik",0,15515,0,15515,15515,NA,"ddpcr0019",NA,0.428,"2021-dec-08","2021-05-20","2021-05-17","2021-05-17","9",1,"MST-SX22",400,"MSTOJL",94400007,"ARH1700006_94400007",56.1547333333333,10.3170055555556,162,"MST1022","MST1022_2021-05-17","MST1022::2021-05-17","MST1022STEX22_02","janeRobertsen",NA,"Frigg",NA,"22_02",10.9,"MST1022","ja",1100,FALSE,17,5,2021,15515,"Karmik","Unknown",0,1,11,481,0
"160","C05","MST2021079","Karmik",0.264866471290588,17769,4,17765,17769,NA,"ddpcr0019",NA,7.6,"2021-nov-24","2021-09-08","2021-09-06","2021-09-06","2",1,"MST-SX21",400,"MSTMJL",93740007,"93740007_VIB3727_1",56.6208333333333,9.06681944444444,51,"MST2021079","MST2021079_2021-09-06","MST2021079::2021-09-06","MST2021079STEX21_21","RasmusBillegrav",NA,"Frigg","MST2021079STEX21_21","21_21",173.5,"MST2021079","ja",1100,FALSE,6,9,2021,17769,"Karmik","Unknown",0.264866471290588,40,11,520,1
"161","C06","MST2021008","Karmik",0,13602,0,13602,13602,NA,"ddpcr0019",NA,9.1,"2022-jan-11","2021-05-31","2021-05-19","2021-05-19","86",1,"MST-SX24",400,"MST_SJL",97200002,"KBH431_Ven",55.8666666666667,12.75,55,"MST2021008","MST2021008_2021-05-19","MST2021008::2021-05-19","MST2021008STEX24_05","ALKRI_NIFSO",NA,"Sif","MST2021008STEX24_05","24_05",11.8,"MST2021008","ja",1300,FALSE,19,5,2021,13602,"Karmik","Unknown",0,13,11,493,0
"162","C07","MST2021029","Karmik",65.1602325439453,15089,813,14276,15089,NA,"ddpcr0019",NA,5.7,"2021-nov-24","2021-09-15","2021-09-07","2021-09-07","12",1,"MST-SX21",400,"MSTSJL",97200002,"KBH431",55.8616666666667,12.7336055555556,501,"MST2021029","MST2021029_2021-09-07","MST2021029::2021-09-07","MST2021029STEX21_07","alkri",NA,"Sif","MST2021029STEX21_07","21_07",17.1,"MST2021029","ja",1800,TRUE,7,9,2021,15089,"Karmik","Unknown",65.1602325439453,21,11,501,1
"163","D02","MST2021031","Karmik",4.27861595153809,15977,58,15919,15977,NA,"ddpcr0019","ErudtagetmedLindahlslangesomdybdeintegredetproeverfra0_10metersammenmedplanktonproeverneogsaaprofilmaalingerchlAogvandkemi",0.97,"2021-nov-24","2021-07-03","2021-06-17","2021-06-17",NA,4,"MST-SX21",400,"Nordjylland",92200001,"HirtshalsNOR7715_92200001",57.6078333333333,9.90025555555555,15,"MST2021031","MST2021031_2021-06-17","MST2021031::2021-06-17","MST2021031STEX21_09","SvendaageBendtsen",NA,"MagretheGaardbo","MST2021031STEX21_09","21_09",14,"MST2021031","nej",1200,FALSE,17,6,2021,15977,"Karmik","Unknown",4.27861595153809,23,11,503,1
"164","D03","MST2021005","Karmik",0,16626,0,16626,16626,NA,"ddpcr0019",NA,11.7,"2022-jan-11","2021-06-10","2021-06-01","2021-06-01",NA,1,"MST-SX24",400,"Sjaelland",93220011,"ROS60_322RoskildeFjord",55.713,12.04,48,"MST2021005","MST2021005_2021-06-01","MST2021005::2021-06-01","MST2021005STEX24_12","EmilGuddalLarsen",NA,"Mergus","MST2021005STEX24_12","24_12",17.1,"MST2021005","nej",1600,TRUE,1,6,2021,16626,"Karmik","Unknown",0,11,11,491,0
"165","D04","MST2021089","Karmik",0,13956,0,13956,13956,NA,"ddpcr0019",NA,5.7,"2022-jan-06","2021-05-20","2021-05-17","2021-05-17","75",13,"MST-SX23",400,"MSTOJL",94510035,"EbeltoftVig",56.2094,10.6003444444444,14,"MST2021089","MST2021089_2021-05-17","MST2021089::2021-05-17","MST2021089STEX23_06","janeRobertsen",NA,"Frigg","MST2021089STEX23_06","23_06",77.3,"MST2021089","ja",1400,FALSE,17,5,2021,13956,"Karmik","Unknown",0,46,11,526,0
"166","D05","MST2021082","Karmik",42.7714729309082,15573,556,15017,15573,NA,"ddpcr0019",NA,4.09,"2021-nov-24","2021-09-08","2021-09-07","2021-09-07","4",1,"MST-SX21",400,"MSTNJL",93000005,"93000005_NOR409",56.8561,10.7845083333333,146,"MST2021082","MST2021082_2021-09-07","MST2021082::2021-09-07","MST2021082STEX21_23","RasmusBillegrav",NA,"Frigg","MST2021082STEX21_23","21_23",160.3,"MST2021082","ja",1500,FALSE,7,9,2021,15573,"Karmik","Unknown",42.7714729309082,42,11,522,1
"167","D06","MST2021019","Karmik",0,15393,0,15393,15393,NA,"ddpcr0019",NA,3.86,"2022-jan-11","2021-05-31","2021-05-25","2021-05-25","11m",1,"MST-SX24",400,"MST_NJL",93000005,"NOR409_aalborgBugt",56.8566666666667,10.7834722222222,146,"MST2021019","MST2021019_2021-05-25","MST2021019::2021-05-25","MST2021019STEX24_21","ALKRI_NICRA",NA,"Sif","MST2021019STEX24_21","24_21",88,"MST2021019","ja",1650,TRUE,25,5,2021,15393,"Karmik","Unknown",0,18,11,498,0
"168","D07","MST2021083","Karmik",1.8132518529892,14285,22,14263,14285,NA,"ddpcr0019",NA,7.8,"2022-jan-11","2021-10-29","2021-10-22","2021-10-22","12",1,"MST-SX24",400,"MSTFYN",95600002,"FYN6300043",54.9976833333333,10.1517305555556,34,"MST2021083","MST2021083_2021-10-22","MST2021083::2021-10-22","MST2021083STEX24_03","alkri",NA,"Sif","MST2021083STEX24_03","24_03",12.5,"MST2021083","ja",1500,FALSE,22,10,2021,14285,"Karmik","Unknown",1.8132518529892,43,11,523,1
"169","E02","MST2021032","Karmik",0.0713942795991898,16479,1,16478,16479,NA,"ddpcr0019","erudtagetmedNiskinvandhenter",3.28,"2022-jan-11","2021-07-03","2021-06-23","2021-06-23",NA,3,"MST-SX24",400,"Nordjylland",93920064,"KragskovRevSyd",57.5407666666667,10.4687805555556,4,"MST2021032","MST2021032_2021-06-23","MST2021032::2021-06-23","MST2021032STEX24_11","SvendaageBendtsen",NA,"Pingo","MST2021032STEX24_11","24_11",15.7,"MST2021032","nej",1400,FALSE,23,6,2021,16479,"Karmik","Unknown",0.0713942795991898,24,11,504,1
"170","E03","MST2021025","Karmik",0,15664,0,15664,15664,NA,"ddpcr0019","Datoforoverfoerseltil_80Cfryserenilaboratorieterikkedokumenteremenproevemersenestblevetoverfoertd15_06_2021ogmuligvisvedentidligeredato
",3.16,"2022-jan-11","2021-06-15","2021-06-10","2021-06-10",NA,28,"MST-SX24",400,"Sjaelland",99150002,"FranksRev",55.0334833333333,15.5078333333333,39,"MST2021025","MST2021025_2021-06-10","MST2021025::2021-06-10","MST2021025STEX24_02","EmilGuddalLarsen",NA,"Mergus","MST2021025STEX24_02","24_02",16.8,"MST2021025","nej",1750,TRUE,10,6,2021,15664,"Karmik","Unknown",0,19,11,499,0
"171","E04","MST2021088","Karmik",0,14495,0,14495,14495,NA,"ddpcr0019",NA,16.5,"2022-feb-01","2021-05-21","2021-05-20","2021-05-20","75",188,"MST-SX25",400,"MSTFYN",96700057,"KertemindeBugt",55.4392166666667,10.8276944444444,198,"MST2021088","MST2021088_2021-05-20","MST2021088::2021-05-20","MST2021088STEX25_03","janeRobertsen",NA,"Frigg","MST2021088STEX25_03","25_03",73.7,"MST2021088","ja",1600,FALSE,20,5,2021,14495,"Karmik","Unknown",0,45,11,525,0
"172","E05","MST2021070","Karmik",0,17223,0,17223,17223,NA,"ddpcr0019",NA,9.1,"2022-jan-11","2021-10-27","2021-10-26","2021-10-26","86",1,"MST-SX24",400,"MSTNJL",93610032,"93610032",56.6626666666667,9.96678333333333,28,"MST2021070","MST2021070_2021-10-26","MST2021070::2021-10-26","MST2021070STEX24_16","RasmusBillegrav",NA,"Frigg","MST2021070STEX24_16","24_16",107.4,"MST2021070","ja",1200,FALSE,26,10,2021,17223,"Karmik","Unknown",0,36,11,516,0
"173","E06","MST2021030","Karmik",0.14384038746357,16359,2,16357,16359,NA,"ddpcr0019",NA,4.07,"2021-nov-24","2021-05-31","2021-05-26","2021-05-26","N_A",1,"MST-SX21",400,"MST_MJL",93740007,"SkiveFjord",56.6208333333333,9.06681944444444,5,"MST2021030","MST2021030_2021-05-26","MST2021030::2021-05-26","MST2021030STEX21_08","PHELD_NICRA",NA,"Sif","MST2021030STEX21_08","21_08",115.9,"MST2021030","nej",1600,TRUE,26,5,2021,16359,"Karmik","Unknown",0.14384038746357,22,11,502,1
"174","E07","MST2021006","Karmik",0,15345,0,15345,15345,NA,"ddpcr0019",NA,7.65,"2022-jan-11","2021-08-25","2021-08-24","2021-08-24","_",96,"MST-SX24",400,"MSTSTO",99210007,"1001027Hovedeskov",54.7410833333333,12.0851805555556,106,"MST2021006","MST2021006_2021-08-24","MST2021006::2021-08-24","MST2021006STEX24_13","NicolaiEspenhainAnker",NA,"ABRA","MST2021006STEX24_13","24_13",17.3,"MST2021006","nej",1400,TRUE,24,8,2021,15345,"Karmik","Unknown",0,12,11,492,0
"175","F02","MST2021040","Karmik",602.21533203125,15770,6318,9452,15770,NA,"ddpcr0019",NA,4.92,"2021-dec-08","2021-09-22","2021-09-15","2021-09-15",NA,95,"MST-SX22",400,"MSToestjylland",93420310,"Tr3Fornaes",56.4437333333333,10.9524027777778,11,"MST2021040","MST2021040_2021-09-15","MST2021040::2021-09-15","MST2021040STEX22_09","JensDeding",NA,"Havana","MST2021040STEX22_09","22_09",15.7,"MST2021040","?",1270,FALSE,15,9,2021,15770,"Karmik","Unknown",602.21533203125,26,11,506,1
"176","F03","NEKfeb2022","Karmik",0,15644,0,15644,15644,NA,"ddpcr0019",NA,NA,NA,NA,NA,NA,NA,NA,NA,NA,NA,NA,NA,NA,NA,NA,NA,NA,NA,NA,NA,NA,NA,NA,NA,NA,NA,NA,NA,NA,NA,NA,NA,15644,"Karmik","Unknown",0,48,11,528,0
"177","F04","MST2021062","Karmik",0,15245,0,15245,15245,NA,"ddpcr0019",NA,19,"2022-feb-01","2021-05-21","2021-05-21","2021-05-21","12",1,"MST-SX25",400,"MSTFYN",95600002,"95600002_FYN6300043",54.9975833333333,10.1654166666667,361,"MST2021062","MST2021062_2021-05-21","MST2021062::2021-05-21","MST2021062STEX25_10","janeRobertsen",NA,"Frigg","MST2021062STEX25_10","25_10",112.2,"MST2021062","ja",1400,FALSE,21,5,2021,15245,"Karmik","Unknown",0,34,11,514,0
"178","F05","MST1043","Karmik",0.0726283714175224,16199,1,16198,16199,NA,"ddpcr0019",NA,3.06,"2022-jan-06","2021-04-12","2021-04-06","2021-04-06",NA,11,"MST-SX23",400,"MSTOJL",93500119,"Hevringbugt",56.6261666666667,10.3204,12,"MST1043","MST1043_2021-04-06","MST1043::2021-04-06","MST1043STEX23_02","JOCTH",NA,"Musling",NA,"23_02",64.3,"MST1043","nej",1500,FALSE,6,4,2021,16199,"Karmik","Unknown",0.0726283714175224,8,11,488,1
"179","F06","MST2021055","Karmik",0,15661,0,15661,15661,NA,"ddpcr0019",NA,5.3,"2021-nov-24","2021-09-15","2021-09-14","2021-09-14","24",1,"MST-SX21",400,"STO",99000049,"99000049",55.25,15.9833333333333,909,"MST2021055","MST2021055_2021-09-14","MST2021055::2021-09-14","MST2021055STEX21_12","krmsk",NA,"sif","MST2021055STEX21_12","21_12",169.3,"MST2021055","ja",1500,FALSE,14,9,2021,15661,"Karmik","Unknown",0,32,11,512,0
"180","F07","MST2021011","Karmik",0,16706,0,16706,16706,NA,"ddpcr0019",NA,4.23,"2021-dec-08","2021-08-03","2021-08-31","2021-08-31","_",4.1e+16,"MST-SX22",400,"MSTSTO",98210012,"0401011FemerenBaeltVest",54.73475,11.0846527777778,51,"MST2021011","MST2021011_2021-08-31","MST2021011::2021-08-31","MST2021011STEX22_05","NicolaiEspenhainAnker",NA,"ABRA","MST2021011STEX22_05","22_05",170.9,"MST2021011","nej",1500,TRUE,31,8,2021,16706,"Karmik","Unknown",0,14,11,494,0
"181","G02","MST2021081","Karmik",3.61565852165222,16620,51,16569,16620,NA,"ddpcr0019","RIB1510007",3.54,"2021-nov-24","2021-09-21","2021-09-20","2021-09-20",NA,1,"MST-SX21",400,"Sydjylland",91500007,"Soenderhooest",55.3375166666667,8.35012777777778,63,"MST2021081","MST2021081_2021-09-20","MST2021081::2021-09-20","MST2021081STEX21_22","LasseoerstedJensen",NA,"Haig","MST2021081STEX21_22","21_22",16,"MST2021081","nej",1300,FALSE,20,9,2021,16620,"Karmik","Unknown",3.61565852165222,41,11,521,1
"182","G03","MST1028","Karmik",0.0686408951878548,17140,1,17139,17140,NA,"ddpcr0019",NA,7.15,"2022-jan-06","2021-03-26","2021-03-15","2021-03-15","17",282,"MST-SX23",400,"MSTSYD",95700008,"FFSB0011",54.8341666666667,9.81666666666667,292,"MST1028","MST1028_2021-03-15","MST1028::2021-03-15","MST1028STEX23_11","RasmusBillegrav",NA,"LivII",NA,"23_11",27.8,"MST1028","ja",1600,FALSE,15,3,2021,17140,"Karmik","Unknown",0.0686408951878548,4,11,484,1
"183","G04","MST2021051","Karmik",0,16077,0,16077,16077,NA,"ddpcr0019",NA,22.5,"2022-feb-01","2021-06-10","2021-06-04","2021-06-04",NA,1,"MST-SX25",400,"MSTNJL",93730002,"93730002_VIB3708_1",56.9543333333333,9.07075,7,"MST2021051","MST2021051_2021-06-04","MST2021051::2021-06-04","MST2021051STEX25_16","RasmusBillegrav",NA,"Frigg","MST2021051STEX25_16","25_16",150.8,"MST2021051","nej",1700,FALSE,4,6,2021,16077,"Karmik","Unknown",0,30,11,510,0
"184","G05","MST1024","Karmik",0,17176,0,17176,17176,NA,"ddpcr0019",NA,1,"2022-jan-06","2021-04-19","2021-04-15","2021-04-15",NA,5,"MST-SX23",400,"MSTMJL",93770056,"NissumBredning",56.6008333333333,8.400225,6,"MST1024","MST1024_2021-04-15","MST1024::2021-04-15","MST1024STEX23_14","JOCTH",NA,"Musling",NA,"23_14",69,"MST1024","nej",1500,FALSE,15,4,2021,17176,"Karmik","Unknown",0,2,11,482,0
"185","G06","MST2021085","Karmik",12.6448097229004,16089,172,15917,16089,NA,"ddpcr0019",NA,3.26,"2021-nov-24","2021-09-22","2021-09-16","2021-09-16","8.8E+016",1,"MST-SX21",400,"SJL",93000001,"93000001",56.1305,11.1501055555556,439,"MST2021085","MST2021085_2021-09-16","MST2021085::2021-09-16","MST2021085STEX21_24","krmsk",NA,"sif","MST2021085STEX21_24","21_24",173.2,"MST2021085","ja",1700,FALSE,16,9,2021,16089,"Karmik","Unknown",12.6448097229004,44,11,524,1
"186","G07","MST2021002","Karmik",0.071515791118145,16451,1,16450,16451,NA,"ddpcr0019",NA,5.4,"2021-dec-08","2021-07-08","2021-07-07","2021-07-07","_",57,"MST-SX22",400,"MSTSTO",96220363,"0101142EnoeNor",55.15755,11.6357944444444,67,"MST2021002","MST2021002_2021-07-07","MST2021002::2021-07-07","MST2021002STEX22_04","jakobOleLarsen",NA,"ABRA","MST2021002STEX22_04","22_04",20.4,"MST2021002","nej",1000,TRUE,7,7,2021,16451,"Karmik","Unknown",0.071515791118145,10,11,490,1
"187","H02","MST2021044","Karmik",0.140014350414276,16806,2,16804,16806,NA,"ddpcr0019","RIB1510007",2.62,"2021-dec-08","2021-05-20","2021-05-19","2021-05-19",NA,1,"MST-SX22",400,"Sydjylland",91500007,"Soenderhooest",55.3375166666667,8.35012777777778,55,"MST2021044","MST2021044_2021-05-19","MST2021044::2021-05-19","MST2021044STEX22_11","LasseoerstedJensen",NA,"Haig","MST2021044STEX22_11","22_11",11,"MST2021044","nej",1200,FALSE,19,5,2021,16806,"Karmik","Unknown",0.140014350414276,28,11,508,1
"188","H03","MST1027","Karmik",0,16310,0,16310,16310,NA,"ddpcr0019",NA,5.4,"2022-feb-01","2021-03-26","2021-03-19","2021-03-19","95",155,"MST-SX25",400,"MSTFYN",96510125,"Sydfynskeoehav_BF11",55.0262,10.3685111111111,165,"MST1027","MST1027_2021-03-19","MST1027::2021-03-19","MST1027STEX25_15","RasmusBillegrav",NA,"LivII",NA,"25_15",42,"MST1027","ja",1500,FALSE,19,3,2021,16310,"Karmik","Unknown",0,3,11,483,0
"189","H04","MST2021099","Karmik",4.20318603515625,15422,55,15367,15422,NA,"ddpcr0019",NA,5.4,"2022-jan-11","2021-08-25","2021-08-24","2021-08-24","3",1,"MST-SX24",400,"MSTOJL",94400007,"94400007_ARH170006",56.1544166666667,10.3166972222222,16,"MST2021099","MST2021099_2021-08-24","MST2021099::2021-08-24","MST2021099STEX24_19","RasmusBillegrav",NA,"Frigg","MST2021099STEX24_19","24_19",175.1,"MST2021099","ja",1500,FALSE,24,8,2021,15422,"Karmik","Unknown",4.20318603515625,47,11,527,1
"190","H05","MST1031","Karmik",0,17760,0,17760,17760,NA,"ddpcr0019",NA,17.5,"2022-feb-01","2021-03-26","2021-03-17","2021-03-17","Ingenlagdeling",89,"MST-SX25",400,"MST_SJL",93210013,"Isefjordydre",55.8656666666667,11.7835111111111,105,"MST1031","MST1031_2021-03-17","MST1031::2021-03-17","MST1031STEX25_11","PHELD_NIFSO",NA,"Daphne",NA,"25_11",33.6,"MST1031","nej",1500,FALSE,17,3,2021,17760,"Karmik","Unknown",0,5,11,485,0
"191","H06","MST1038","Karmik",0,17817,0,17817,17817,NA,"ddpcr0019",NA,2.61,"2022-jan-06","2021-04-16","2021-04-14","2021-04-14","3",111,"MST-SX23",400,"MST_STORSTRoeM",95220322,"BFKarrebaeksmindeBugt",55.1395,11.5002361111111,121,"MST1038","MST1038_2021-04-14","MST1038::2021-04-14","MST1038STEX23_09","Alkri",NA,"DAPHNE",NA,"23_09",60.3,"MST1038","ja",1700,FALSE,14,4,2021,17817,"Karmik","Unknown",0,6,11,486,0
"192","H07","MST2021013","Karmik",0,17905,0,17905,17905,NA,"ddpcr0019",NA,9.55,"2021-dec-08","2021-09-10","2021-08-25","2021-08-25",NA,1,"MST-SX22",400,"Sjaelland",93220011,"ROS60",55.713,12.04,48,"MST2021013","MST2021013_2021-08-25","MST2021013::2021-08-25","MST2021013STEX22_06","EmilGuddalLarsen",NA,"Mergus","MST2021013STEX22_06","22_06",17.9,"MST2021013","nej",1600,TRUE,25,8,2021,17905,"Karmik","Unknown",0,16,11,496,0
"193","A02","MST1039","Bonham",0,20062,0,20062,20062,NA,"ddpcr0021",NA,13.6,"2022-feb-01","2021-05-03","2021-04-26","2021-04-26","na",1,"MST-SX25",400,"MST_MJL",91320001,"RKB1",56.0778333333333,8.21670555555556,32,"MST1039","MST1039_2021-04-26","MST1039::2021-04-26","MST1039STEX25_19","JettePoulsenEngholm",NA,"Penelope",NA,"25_19",95,"MST1039","nej",570,FALSE,26,4,2021,20062,"Bonham","Unknown",0,7,1,7,0
"194","A03","MST2021049","Bonham",0,19791,0,19791,19791,NA,"ddpcr0021","LISD0027",7.75,"2022-jan-06","2021-05-21","2021-05-21","2021-05-21",NA,10,"MST-SX23",400,"Sydjylland",91650035,"ListerDyb",55.0938666666667,8.56828611111111,11,"MST2021049","MST2021049_2021-05-21","MST2021049::2021-05-21","MST2021049STEX23_10","LasseoerstedJensen",NA,"Fucus","MST2021049STEX23_10","23_10",11,"MST2021049","nej",500,FALSE,21,5,2021,19791,"Bonham","Unknown",0,29,1,29,0
"195","A04","MST2021012","Bonham",0,17165,0,17165,17165,NA,"ddpcr0021",NA,11,"2022-feb-01","2021-05-03","2021-04-27","2021-04-27","na",59,"MST-SX25",400,"MSTSYD",95130028,"VejleFjordindre_VF",55.7021833333333,9.66136111111111,69,"MST2021012","MST2021012_2021-04-27","MST2021012::2021-04-27","MST2021012STEX25_12","KRISTIANMCGREGOR",NA,"LIVII","MST2021012STEX25_12","25_12",81.7,"MST2021012","nej",1500,TRUE,27,4,2021,17165,"Bonham","Unknown",0,15,1,15,0
"196","A05","MST2021058","Bonham",0,20267,0,20267,20267,NA,"ddpcr0021",NA,3.7,"2021-nov-24","2021-09-03","2021-08-30","2021-08-30","17",1,"MST-SX21",400,"MSTOJL",94300001,"94300001_VEJ0006870",55.6743833333333,10.0845083333333,194,"MST2021058","MST2021058_2021-08-30","MST2021058::2021-08-30","MST2021058STEX21_13","KRISTIANMCGREGOR",NA,"Frigg","MST2021058STEX21_13","21_13",100.7,"MST2021058","ja",1500,FALSE,30,8,2021,20267,"Bonham","Unknown",0,33,1,33,0
"197","A06","MST2021039","Bonham",0,20588,0,20588,20588,NA,"ddpcr0021",NA,2.72,"2021-dec-08","2021-05-20","2021-05-07","2021-05-07","7m",1,"MST-SX22",400,"MST_NJL",93610032,"MariagerFjord",56.6626666666667,9.96678333333333,27,"MST2021039","MST2021039_2021-05-07","MST2021039::2021-05-07","MST2021039STEX22_08","PHELD_ALKRI",NA,"Sif","MST2021039STEX22_08","22_08",92.8,"MST2021039","ja",1800,FALSE,7,5,2021,20588,"Bonham","Unknown",0,25,1,25,0
"198","A07","MST2021043","Bonham",0,16102,0,16102,16102,NA,"ddpcr0021","Dererkunenproevetilraadighed_proeve2erbortkommet",4.41,"2021-dec-08","2021-05-20","2021-05-17","2021-05-17","4",1,"MST-SX22",400,"MSTSJL",93000001,"VSJ20925",56.1316666666667,11.1513361111111,48,"MST2021043","MST2021043_2021-05-17","MST2021043::2021-05-17","MST2021043STEX22_10","alkri_nifso",NA,"Sif","MST2021043STEX22_10","22_10",10.6,"MST2021043","ja",1500,FALSE,17,5,2021,16102,"Bonham","Unknown",0,27,1,27,0
"199","B02","MST2021015","Bonham",0,19530,0,19530,19530,NA,"ddpcr0021",NA,5.4,"2021-nov-24","2021-09-08","2021-09-02","2021-09-02","na",1,"MST-SX21",400,"MST_MJL",91320001,"RKB1",56.0778333333333,8.21678611111111,32,"MST2021015","MST2021015_2021-09-02","MST2021015::2021-09-02","MST2021015STEX21_03","BentJensen",NA,"Penelope","MST2021015STEX21_03","21_03",17.5,"MST2021015","nej",925,TRUE,2,9,2021,19530,"Bonham","Unknown",0,17,1,17,0
"200","B03","MST2021052","Bonham",0,18968,0,18968,18968,NA,"ddpcr0021",NA,8.95,"2021-nov-24","2021-06-15","2021-06-14","2021-06-14","26",1,"MST-SX21",400,"Fyn",94230001,"FYN6900017",55.4678333333333,10.5169333333333,84,"MST2021052","MST2021052_2021-06-14","MST2021052::2021-06-14","MST2021052STEX21_10","FlemmingNoergaard",NA,"Belone","MST2021052STEX21_10","21_10",17.8,"MST2021052","ja",610,FALSE,14,6,2021,18968,"Bonham","Unknown",0,31,1,31,0
"201","B04","MST2021075","Bonham",0,18066,0,18066,18066,NA,"ddpcr0021",NA,4.86,"2021-dec-08","2021-05-20","2021-05-11","2021-05-11","13",1,"MST-SX22",400,"MSTOJL",94300001,"VEJ0006870_94300001",55.6743833333333,10.0845083333333,21,"MST2021075","MST2021075_2021-05-11","MST2021075::2021-05-11","MST2021075STEX22_13","janeRobertsen",NA,"Frigg","MST2021075STEX22_13","22_13",98.1,"MST2021075","ja",1100,FALSE,11,5,2021,18066,"Bonham","Unknown",0,38,1,38,0
"202","B05","MST2021064","Bonham",0.0581303238868713,20239,1,20238,20239,NA,"ddpcr0021","Breddegrad:56572400",2.96,"2021-nov-24","2021-09-08","2021-09-02","2021-09-02","na",1,"MST-SX21",400,"MSTNJL",93730002,"93730002_VIB3708_1",56.954,9.05020833333333,76,"MST2021064","MST2021064_2021-09-02","MST2021064::2021-09-02","MST2021064STEX21_15","kristianmcgregor",NA,"Frigg","MST2021064STEX21_15","21_15",173.7,"MST2021064","nej",700,FALSE,2,9,2021,20239,"Bonham","Unknown",0.0581303238868713,35,1,35,1
"203","B06","MST1054","Bonham",0,19446,0,19446,19446,NA,"ddpcr0021",NA,6.85,"2022-jan-11","2021-05-31","2021-05-18","2021-05-18","38m",1,"MST-SX24",400,"MST_FYN",99000052,"DMU444_Arkona",55,13.3,48,"MST1054","MST1054_2021-05-18","MST1054::2021-05-18","MST1054STEX24_23","ALKRI_NIFSO",NA,"Sif",NA,"24_23",92,"MST1054","ja",1400,FALSE,18,5,2021,19446,"Bonham","Unknown",0,9,1,9,0
"204","B07","MST2021076","Bonham",0,15997,0,15997,15997,NA,"ddpcr0021",NA,7.4,"2022-feb-01","2021-09-08","2021-09-02","2021-09-02","42",1,"MST-SX25",400,"MSTFYN",99000052,"DMU444",54.9996666666667,13.3,457,"MST2021076","MST2021076_2021-09-02","MST2021076::2021-09-02","MST2021076STEX25_04","alkri",NA,"Sif","MST2021076STEX25_04","25_04",17.5,"MST2021076","ja",1800,FALSE,2,9,2021,15997,"Bonham","Unknown",0,39,1,39,0
"205","C02","MST2021028","Bonham",0,19737,0,19737,19737,NA,"ddpcr0021","VandproeverneernedkoeletogtransporterettilAalborghvorfiltreringenskete",0.58,"2021-nov-24","2021-10-09","2021-09-27","2021-09-27",NA,NA,"MST-SX21",400,"Nordjylland",92200001,"HirtshalsNOR7715_92200001",57.6078333333333,9.90025555555555,18,"MST2021028","MST2021028_2021-09-27","MST2021028::2021-09-27","MST2021028STEX21_06","SvendaageBendtsen",NA,"MagretheGaardbo","MST2021028STEX21_06","21_06",15,"MST2021028","nej",1200,TRUE,27,9,2021,19737,"Bonham","Unknown",0,20,1,20,0
"206","C03","MST2021071","Bonham",0,16085,0,16085,16085,NA,"ddpcr0021",NA,6.5,"2022-jan-11","2021-10-21","2021-10-13","2021-10-13",NA,1,"MST-SX24",400,"Fyn",94230001,"FYN6900017",55.4678333333333,10.5169333333333,98,"MST2021071","MST2021071_2021-10-13","MST2021071::2021-10-13","MST2021071STEX24_04","FlemmingNoergaard&PauliJoergensen",NA,"Belone","MST2021071STEX24_04","24_04",11.4,"MST2021071","nej",1500,FALSE,13,10,2021,16085,"Bonham","Unknown",0,37,1,37,0
"207","C04","MST1022","Bonham",0,17607,0,17607,17607,NA,"ddpcr0021",NA,0.428,"2021-dec-08","2021-05-20","2021-05-17","2021-05-17","9",1,"MST-SX22",400,"MSTOJL",94400007,"ARH1700006_94400007",56.1547333333333,10.3170055555556,162,"MST1022","MST1022_2021-05-17","MST1022::2021-05-17","MST1022STEX22_02","janeRobertsen",NA,"Frigg",NA,"22_02",10.9,"MST1022","ja",1100,FALSE,17,5,2021,17607,"Bonham","Unknown",0,1,1,1,0
"208","C05","MST2021079","Bonham",0,19024,0,19024,19024,NA,"ddpcr0021",NA,7.6,"2021-nov-24","2021-09-08","2021-09-06","2021-09-06","2",1,"MST-SX21",400,"MSTMJL",93740007,"93740007_VIB3727_1",56.6208333333333,9.06681944444444,51,"MST2021079","MST2021079_2021-09-06","MST2021079::2021-09-06","MST2021079STEX21_21","RasmusBillegrav",NA,"Frigg","MST2021079STEX21_21","21_21",173.5,"MST2021079","ja",1100,FALSE,6,9,2021,19024,"Bonham","Unknown",0,40,1,40,0
"209","C06","MST2021008","Bonham",0,18322,0,18322,18322,NA,"ddpcr0021",NA,9.1,"2022-jan-11","2021-05-31","2021-05-19","2021-05-19","86",1,"MST-SX24",400,"MST_SJL",97200002,"KBH431_Ven",55.8666666666667,12.75,55,"MST2021008","MST2021008_2021-05-19","MST2021008::2021-05-19","MST2021008STEX24_05","ALKRI_NIFSO",NA,"Sif","MST2021008STEX24_05","24_05",11.8,"MST2021008","ja",1300,FALSE,19,5,2021,18322,"Bonham","Unknown",0,13,1,13,0
"210","C07","MST2021029","Bonham",0,15203,0,15203,15203,NA,"ddpcr0021",NA,5.7,"2021-nov-24","2021-09-15","2021-09-07","2021-09-07","12",1,"MST-SX21",400,"MSTSJL",97200002,"KBH431",55.8616666666667,12.7336055555556,501,"MST2021029","MST2021029_2021-09-07","MST2021029::2021-09-07","MST2021029STEX21_07","alkri",NA,"Sif","MST2021029STEX21_07","21_07",17.1,"MST2021029","ja",1800,TRUE,7,9,2021,15203,"Bonham","Unknown",0,21,1,21,0
"211","D02","MST2021031","Bonham",0,19543,0,19543,19543,NA,"ddpcr0021","ErudtagetmedLindahlslangesomdybdeintegredetproeverfra0_10metersammenmedplanktonproeverneogsaaprofilmaalingerchlAogvandkemi",0.97,"2021-nov-24","2021-07-03","2021-06-17","2021-06-17",NA,4,"MST-SX21",400,"Nordjylland",92200001,"HirtshalsNOR7715_92200001",57.6078333333333,9.90025555555555,15,"MST2021031","MST2021031_2021-06-17","MST2021031::2021-06-17","MST2021031STEX21_09","SvendaageBendtsen",NA,"MagretheGaardbo","MST2021031STEX21_09","21_09",14,"MST2021031","nej",1200,FALSE,17,6,2021,19543,"Bonham","Unknown",0,23,1,23,0
"212","D03","MST2021005","Bonham",0,19107,0,19107,19107,NA,"ddpcr0021",NA,11.7,"2022-jan-11","2021-06-10","2021-06-01","2021-06-01",NA,1,"MST-SX24",400,"Sjaelland",93220011,"ROS60_322RoskildeFjord",55.713,12.04,48,"MST2021005","MST2021005_2021-06-01","MST2021005::2021-06-01","MST2021005STEX24_12","EmilGuddalLarsen",NA,"Mergus","MST2021005STEX24_12","24_12",17.1,"MST2021005","nej",1600,TRUE,1,6,2021,19107,"Bonham","Unknown",0,11,1,11,0
"213","D04","MST2021089","Bonham",0,17516,0,17516,17516,NA,"ddpcr0021",NA,5.7,"2022-jan-06","2021-05-20","2021-05-17","2021-05-17","75",13,"MST-SX23",400,"MSTOJL",94510035,"EbeltoftVig",56.2094,10.6003444444444,14,"MST2021089","MST2021089_2021-05-17","MST2021089::2021-05-17","MST2021089STEX23_06","janeRobertsen",NA,"Frigg","MST2021089STEX23_06","23_06",77.3,"MST2021089","ja",1400,FALSE,17,5,2021,17516,"Bonham","Unknown",0,46,1,46,0
"214","D05","MST2021082","Bonham",0,17937,0,17937,17937,NA,"ddpcr0021",NA,4.09,"2021-nov-24","2021-09-08","2021-09-07","2021-09-07","4",1,"MST-SX21",400,"MSTNJL",93000005,"93000005_NOR409",56.8561,10.7845083333333,146,"MST2021082","MST2021082_2021-09-07","MST2021082::2021-09-07","MST2021082STEX21_23","RasmusBillegrav",NA,"Frigg","MST2021082STEX21_23","21_23",160.3,"MST2021082","ja",1500,FALSE,7,9,2021,17937,"Bonham","Unknown",0,42,1,42,0
"215","D06","MST2021019","Bonham",0,19707,0,19707,19707,NA,"ddpcr0021",NA,3.86,"2022-jan-11","2021-05-31","2021-05-25","2021-05-25","11m",1,"MST-SX24",400,"MST_NJL",93000005,"NOR409_aalborgBugt",56.8566666666667,10.7834722222222,146,"MST2021019","MST2021019_2021-05-25","MST2021019::2021-05-25","MST2021019STEX24_21","ALKRI_NICRA",NA,"Sif","MST2021019STEX24_21","24_21",88,"MST2021019","ja",1650,TRUE,25,5,2021,19707,"Bonham","Unknown",0,18,1,18,0
"216","D07","MST2021083","Bonham",0,13738,0,13738,13738,NA,"ddpcr0021",NA,7.8,"2022-jan-11","2021-10-29","2021-10-22","2021-10-22","12",1,"MST-SX24",400,"MSTFYN",95600002,"FYN6300043",54.9976833333333,10.1517305555556,34,"MST2021083","MST2021083_2021-10-22","MST2021083::2021-10-22","MST2021083STEX24_03","alkri",NA,"Sif","MST2021083STEX24_03","24_03",12.5,"MST2021083","ja",1500,FALSE,22,10,2021,13738,"Bonham","Unknown",0,43,1,43,0
"217","E02","MST2021032","Bonham",0,19582,0,19582,19582,NA,"ddpcr0021","erudtagetmedNiskinvandhenter",3.28,"2022-jan-11","2021-07-03","2021-06-23","2021-06-23",NA,3,"MST-SX24",400,"Nordjylland",93920064,"KragskovRevSyd",57.5407666666667,10.4687805555556,4,"MST2021032","MST2021032_2021-06-23","MST2021032::2021-06-23","MST2021032STEX24_11","SvendaageBendtsen",NA,"Pingo","MST2021032STEX24_11","24_11",15.7,"MST2021032","nej",1400,FALSE,23,6,2021,19582,"Bonham","Unknown",0,24,1,24,0
"218","E03","MST2021025","Bonham",0,19684,0,19684,19684,NA,"ddpcr0021","Datoforoverfoerseltil_80Cfryserenilaboratorieterikkedokumenteremenproevemersenestblevetoverfoertd15_06_2021ogmuligvisvedentidligeredato
",3.16,"2022-jan-11","2021-06-15","2021-06-10","2021-06-10",NA,28,"MST-SX24",400,"Sjaelland",99150002,"FranksRev",55.0334833333333,15.5078333333333,39,"MST2021025","MST2021025_2021-06-10","MST2021025::2021-06-10","MST2021025STEX24_02","EmilGuddalLarsen",NA,"Mergus","MST2021025STEX24_02","24_02",16.8,"MST2021025","nej",1750,TRUE,10,6,2021,19684,"Bonham","Unknown",0,19,1,19,0
"219","E04","MST2021088","Bonham",0.134546041488647,17489,2,17487,17489,NA,"ddpcr0021",NA,16.5,"2022-feb-01","2021-05-21","2021-05-20","2021-05-20","75",188,"MST-SX25",400,"MSTFYN",96700057,"KertemindeBugt",55.4392166666667,10.8276944444444,198,"MST2021088","MST2021088_2021-05-20","MST2021088::2021-05-20","MST2021088STEX25_03","janeRobertsen",NA,"Frigg","MST2021088STEX25_03","25_03",73.7,"MST2021088","ja",1600,FALSE,20,5,2021,17489,"Bonham","Unknown",0.134546041488647,45,1,45,1
"220","E05","MST2021070","Bonham",0,18388,0,18388,18388,NA,"ddpcr0021",NA,9.1,"2022-jan-11","2021-10-27","2021-10-26","2021-10-26","86",1,"MST-SX24",400,"MSTNJL",93610032,"93610032",56.6626666666667,9.96678333333333,28,"MST2021070","MST2021070_2021-10-26","MST2021070::2021-10-26","MST2021070STEX24_16","RasmusBillegrav",NA,"Frigg","MST2021070STEX24_16","24_16",107.4,"MST2021070","ja",1200,FALSE,26,10,2021,18388,"Bonham","Unknown",0,36,1,36,0
"221","E06","MST2021030","Bonham",0,19178,0,19178,19178,NA,"ddpcr0021",NA,4.07,"2021-nov-24","2021-05-31","2021-05-26","2021-05-26","N_A",1,"MST-SX21",400,"MST_MJL",93740007,"SkiveFjord",56.6208333333333,9.06681944444444,5,"MST2021030","MST2021030_2021-05-26","MST2021030::2021-05-26","MST2021030STEX21_08","PHELD_NICRA",NA,"Sif","MST2021030STEX21_08","21_08",115.9,"MST2021030","nej",1600,TRUE,26,5,2021,19178,"Bonham","Unknown",0,22,1,22,0
"222","E07","MST2021006","Bonham",0,15723,0,15723,15723,NA,"ddpcr0021",NA,7.65,"2022-jan-11","2021-08-25","2021-08-24","2021-08-24","_",96,"MST-SX24",400,"MSTSTO",99210007,"1001027Hovedeskov",54.7410833333333,12.0851805555556,106,"MST2021006","MST2021006_2021-08-24","MST2021006::2021-08-24","MST2021006STEX24_13","NicolaiEspenhainAnker",NA,"ABRA","MST2021006STEX24_13","24_13",17.3,"MST2021006","nej",1400,TRUE,24,8,2021,15723,"Bonham","Unknown",0,12,1,12,0
"223","F02","MST2021040","Bonham",0,19194,0,19194,19194,NA,"ddpcr0021",NA,4.92,"2021-dec-08","2021-09-22","2021-09-15","2021-09-15",NA,95,"MST-SX22",400,"MSToestjylland",93420310,"Tr3Fornaes",56.4437333333333,10.9524027777778,11,"MST2021040","MST2021040_2021-09-15","MST2021040::2021-09-15","MST2021040STEX22_09","JensDeding",NA,"Havana","MST2021040STEX22_09","22_09",15.7,"MST2021040","?",1270,FALSE,15,9,2021,19194,"Bonham","Unknown",0,26,1,26,0
"224","F03","NEKfeb2022","Bonham",0,19459,0,19459,19459,NA,"ddpcr0021",NA,NA,NA,NA,NA,NA,NA,NA,NA,NA,NA,NA,NA,NA,NA,NA,NA,NA,NA,NA,NA,NA,NA,NA,NA,NA,NA,NA,NA,NA,NA,NA,NA,19459,"Bonham","Unknown",0,48,1,48,0
"225","F04","MST2021062","Bonham",0,18249,0,18249,18249,NA,"ddpcr0021",NA,19,"2022-feb-01","2021-05-21","2021-05-21","2021-05-21","12",1,"MST-SX25",400,"MSTFYN",95600002,"95600002_FYN6300043",54.9975833333333,10.1654166666667,361,"MST2021062","MST2021062_2021-05-21","MST2021062::2021-05-21","MST2021062STEX25_10","janeRobertsen",NA,"Frigg","MST2021062STEX25_10","25_10",112.2,"MST2021062","ja",1400,FALSE,21,5,2021,18249,"Bonham","Unknown",0,34,1,34,0
"226","F05","MST1043","Bonham",0,19647,0,19647,19647,NA,"ddpcr0021",NA,3.06,"2022-jan-06","2021-04-12","2021-04-06","2021-04-06",NA,11,"MST-SX23",400,"MSTOJL",93500119,"Hevringbugt",56.6261666666667,10.3204,12,"MST1043","MST1043_2021-04-06","MST1043::2021-04-06","MST1043STEX23_02","JOCTH",NA,"Musling",NA,"23_02",64.3,"MST1043","nej",1500,FALSE,6,4,2021,19647,"Bonham","Unknown",0,8,1,8,0
"227","F06","MST2021055","Bonham",0,19077,0,19077,19077,NA,"ddpcr0021",NA,5.3,"2021-nov-24","2021-09-15","2021-09-14","2021-09-14","24",1,"MST-SX21",400,"STO",99000049,"99000049",55.25,15.9833333333333,909,"MST2021055","MST2021055_2021-09-14","MST2021055::2021-09-14","MST2021055STEX21_12","krmsk",NA,"sif","MST2021055STEX21_12","21_12",169.3,"MST2021055","ja",1500,FALSE,14,9,2021,19077,"Bonham","Unknown",0,32,1,32,0
"228","F07","MST2021011","Bonham",0,15919,0,15919,15919,NA,"ddpcr0021",NA,4.23,"2021-dec-08","2021-08-03","2021-08-31","2021-08-31","_",4.1e+16,"MST-SX22",400,"MSTSTO",98210012,"0401011FemerenBaeltVest",54.73475,11.0846527777778,51,"MST2021011","MST2021011_2021-08-31","MST2021011::2021-08-31","MST2021011STEX22_05","NicolaiEspenhainAnker",NA,"ABRA","MST2021011STEX22_05","22_05",170.9,"MST2021011","nej",1500,TRUE,31,8,2021,15919,"Bonham","Unknown",0,14,1,14,0
"229","G02","MST2021081","Bonham",0,19387,0,19387,19387,NA,"ddpcr0021","RIB1510007",3.54,"2021-nov-24","2021-09-21","2021-09-20","2021-09-20",NA,1,"MST-SX21",400,"Sydjylland",91500007,"Soenderhooest",55.3375166666667,8.35012777777778,63,"MST2021081","MST2021081_2021-09-20","MST2021081::2021-09-20","MST2021081STEX21_22","LasseoerstedJensen",NA,"Haig","MST2021081STEX21_22","21_22",16,"MST2021081","nej",1300,FALSE,20,9,2021,19387,"Bonham","Unknown",0,41,1,41,0
"230","G03","MST1028","Bonham",0,18966,0,18966,18966,NA,"ddpcr0021",NA,7.15,"2022-jan-06","2021-03-26","2021-03-15","2021-03-15","17",282,"MST-SX23",400,"MSTSYD",95700008,"FFSB0011",54.8341666666667,9.81666666666667,292,"MST1028","MST1028_2021-03-15","MST1028::2021-03-15","MST1028STEX23_11","RasmusBillegrav",NA,"LivII",NA,"23_11",27.8,"MST1028","ja",1600,FALSE,15,3,2021,18966,"Bonham","Unknown",0,4,1,4,0
"231","G04","MST2021051","Bonham",0,16657,0,16657,16657,NA,"ddpcr0021",NA,22.5,"2022-feb-01","2021-06-10","2021-06-04","2021-06-04",NA,1,"MST-SX25",400,"MSTNJL",93730002,"93730002_VIB3708_1",56.9543333333333,9.07075,7,"MST2021051","MST2021051_2021-06-04","MST2021051::2021-06-04","MST2021051STEX25_16","RasmusBillegrav",NA,"Frigg","MST2021051STEX25_16","25_16",150.8,"MST2021051","nej",1700,FALSE,4,6,2021,16657,"Bonham","Unknown",0,30,1,30,0
"232","G05","MST1024","Bonham",0,19024,0,19024,19024,NA,"ddpcr0021",NA,1,"2022-jan-06","2021-04-19","2021-04-15","2021-04-15",NA,5,"MST-SX23",400,"MSTMJL",93770056,"NissumBredning",56.6008333333333,8.400225,6,"MST1024","MST1024_2021-04-15","MST1024::2021-04-15","MST1024STEX23_14","JOCTH",NA,"Musling",NA,"23_14",69,"MST1024","nej",1500,FALSE,15,4,2021,19024,"Bonham","Unknown",0,2,1,2,0
"233","G06","MST2021085","Bonham",0,19611,0,19611,19611,NA,"ddpcr0021",NA,3.26,"2021-nov-24","2021-09-22","2021-09-16","2021-09-16","8.8E+016",1,"MST-SX21",400,"SJL",93000001,"93000001",56.1305,11.1501055555556,439,"MST2021085","MST2021085_2021-09-16","MST2021085::2021-09-16","MST2021085STEX21_24","krmsk",NA,"sif","MST2021085STEX21_24","21_24",173.2,"MST2021085","ja",1700,FALSE,16,9,2021,19611,"Bonham","Unknown",0,44,1,44,0
"234","G07","MST2021002","Bonham",0,16531,0,16531,16531,NA,"ddpcr0021",NA,5.4,"2021-dec-08","2021-07-08","2021-07-07","2021-07-07","_",57,"MST-SX22",400,"MSTSTO",96220363,"0101142EnoeNor",55.15755,11.6357944444444,67,"MST2021002","MST2021002_2021-07-07","MST2021002::2021-07-07","MST2021002STEX22_04","jakobOleLarsen",NA,"ABRA","MST2021002STEX22_04","22_04",20.4,"MST2021002","nej",1000,TRUE,7,7,2021,16531,"Bonham","Unknown",0,10,1,10,0
"235","H02","MST2021044","Bonham",0,19581,0,19581,19581,NA,"ddpcr0021","RIB1510007",2.62,"2021-dec-08","2021-05-20","2021-05-19","2021-05-19",NA,1,"MST-SX22",400,"Sydjylland",91500007,"Soenderhooest",55.3375166666667,8.35012777777778,55,"MST2021044","MST2021044_2021-05-19","MST2021044::2021-05-19","MST2021044STEX22_11","LasseoerstedJensen",NA,"Haig","MST2021044STEX22_11","22_11",11,"MST2021044","nej",1200,FALSE,19,5,2021,19581,"Bonham","Unknown",0,28,1,28,0
"236","H03","MST1027","Bonham",0,19280,0,19280,19280,NA,"ddpcr0021",NA,5.4,"2022-feb-01","2021-03-26","2021-03-19","2021-03-19","95",155,"MST-SX25",400,"MSTFYN",96510125,"Sydfynskeoehav_BF11",55.0262,10.3685111111111,165,"MST1027","MST1027_2021-03-19","MST1027::2021-03-19","MST1027STEX25_15","RasmusBillegrav",NA,"LivII",NA,"25_15",42,"MST1027","ja",1500,FALSE,19,3,2021,19280,"Bonham","Unknown",0,3,1,3,0
"237","H04","MST2021099","Bonham",0,18015,0,18015,18015,NA,"ddpcr0021",NA,5.4,"2022-jan-11","2021-08-25","2021-08-24","2021-08-24","3",1,"MST-SX24",400,"MSTOJL",94400007,"94400007_ARH170006",56.1544166666667,10.3166972222222,16,"MST2021099","MST2021099_2021-08-24","MST2021099::2021-08-24","MST2021099STEX24_19","RasmusBillegrav",NA,"Frigg","MST2021099STEX24_19","24_19",175.1,"MST2021099","ja",1500,FALSE,24,8,2021,18015,"Bonham","Unknown",0,47,1,47,0
"238","H05","MST1031","Bonham",0,19824,0,19824,19824,NA,"ddpcr0021",NA,17.5,"2022-feb-01","2021-03-26","2021-03-17","2021-03-17","Ingenlagdeling",89,"MST-SX25",400,"MST_SJL",93210013,"Isefjordydre",55.8656666666667,11.7835111111111,105,"MST1031","MST1031_2021-03-17","MST1031::2021-03-17","MST1031STEX25_11","PHELD_NIFSO",NA,"Daphne",NA,"25_11",33.6,"MST1031","nej",1500,FALSE,17,3,2021,19824,"Bonham","Unknown",0,5,1,5,0
"239","H06","MST1038","Bonham",0,18915,0,18915,18915,NA,"ddpcr0021",NA,2.61,"2022-jan-06","2021-04-16","2021-04-14","2021-04-14","3",111,"MST-SX23",400,"MST_STORSTRoeM",95220322,"BFKarrebaeksmindeBugt",55.1395,11.5002361111111,121,"MST1038","MST1038_2021-04-14","MST1038::2021-04-14","MST1038STEX23_09","Alkri",NA,"DAPHNE",NA,"23_09",60.3,"MST1038","ja",1700,FALSE,14,4,2021,18915,"Bonham","Unknown",0,6,1,6,0
"240","H07","MST2021013","Bonham",0,17373,0,17373,17373,NA,"ddpcr0021",NA,9.55,"2021-dec-08","2021-09-10","2021-08-25","2021-08-25",NA,1,"MST-SX22",400,"Sjaelland",93220011,"ROS60",55.713,12.04,48,"MST2021013","MST2021013_2021-08-25","MST2021013::2021-08-25","MST2021013STEX22_06","EmilGuddalLarsen",NA,"Mergus","MST2021013STEX22_06","22_06",17.9,"MST2021013","nej",1600,TRUE,25,8,2021,17373,"Bonham","Unknown",0,16,1,16,0
"241","A02","MST1039","Calsap",0,11972,0,11972,11972,NA,"ddpcr0022",NA,13.6,"2022-feb-01","2021-05-03","2021-04-26","2021-04-26","na",1,"MST-SX25",400,"MST_MJL",91320001,"RKB1",56.0778333333333,8.21670555555556,32,"MST1039","MST1039_2021-04-26","MST1039::2021-04-26","MST1039STEX25_19","JettePoulsenEngholm",NA,"Penelope",NA,"25_19",95,"MST1039","nej",570,FALSE,26,4,2021,11972,"Calsap","Unknown",0,7,2,55,0
"242","A03","MST2021049","Calsap",0,18865,0,18865,18865,NA,"ddpcr0022","LISD0027",7.75,"2022-jan-06","2021-05-21","2021-05-21","2021-05-21",NA,10,"MST-SX23",400,"Sydjylland",91650035,"ListerDyb",55.0938666666667,8.56828611111111,11,"MST2021049","MST2021049_2021-05-21","MST2021049::2021-05-21","MST2021049STEX23_10","LasseoerstedJensen",NA,"Fucus","MST2021049STEX23_10","23_10",11,"MST2021049","nej",500,FALSE,21,5,2021,18865,"Calsap","Unknown",0,29,2,77,0
"243","A04","MST2021012","Calsap",0,16494,0,16494,16494,NA,"ddpcr0022",NA,11,"2022-feb-01","2021-05-03","2021-04-27","2021-04-27","na",59,"MST-SX25",400,"MSTSYD",95130028,"VejleFjordindre_VF",55.7021833333333,9.66136111111111,69,"MST2021012","MST2021012_2021-04-27","MST2021012::2021-04-27","MST2021012STEX25_12","KRISTIANMCGREGOR",NA,"LIVII","MST2021012STEX25_12","25_12",81.7,"MST2021012","nej",1500,TRUE,27,4,2021,16494,"Calsap","Unknown",0,15,2,63,0
"244","A05","MST2021058","Calsap",0,18649,0,18649,18649,NA,"ddpcr0022",NA,3.7,"2021-nov-24","2021-09-03","2021-08-30","2021-08-30","17",1,"MST-SX21",400,"MSTOJL",94300001,"94300001_VEJ0006870",55.6743833333333,10.0845083333333,194,"MST2021058","MST2021058_2021-08-30","MST2021058::2021-08-30","MST2021058STEX21_13","KRISTIANMCGREGOR",NA,"Frigg","MST2021058STEX21_13","21_13",100.7,"MST2021058","ja",1500,FALSE,30,8,2021,18649,"Calsap","Unknown",0,33,2,81,0
"245","A06","MST2021039","Calsap",0,18131,0,18131,18131,NA,"ddpcr0022",NA,2.72,"2021-dec-08","2021-05-20","2021-05-07","2021-05-07","7m",1,"MST-SX22",400,"MST_NJL",93610032,"MariagerFjord",56.6626666666667,9.96678333333333,27,"MST2021039","MST2021039_2021-05-07","MST2021039::2021-05-07","MST2021039STEX22_08","PHELD_ALKRI",NA,"Sif","MST2021039STEX22_08","22_08",92.8,"MST2021039","ja",1800,FALSE,7,5,2021,18131,"Calsap","Unknown",0,25,2,73,0
"246","A07","MST2021043","Calsap",0,16734,0,16734,16734,NA,"ddpcr0022","Dererkunenproevetilraadighed_proeve2erbortkommet",4.41,"2021-dec-08","2021-05-20","2021-05-17","2021-05-17","4",1,"MST-SX22",400,"MSTSJL",93000001,"VSJ20925",56.1316666666667,11.1513361111111,48,"MST2021043","MST2021043_2021-05-17","MST2021043::2021-05-17","MST2021043STEX22_10","alkri_nifso",NA,"Sif","MST2021043STEX22_10","22_10",10.6,"MST2021043","ja",1500,FALSE,17,5,2021,16734,"Calsap","Unknown",0,27,2,75,0
"247","B02","MST2021015","Calsap",0,13311,0,13311,13311,NA,"ddpcr0022",NA,5.4,"2021-nov-24","2021-09-08","2021-09-02","2021-09-02","na",1,"MST-SX21",400,"MST_MJL",91320001,"RKB1",56.0778333333333,8.21678611111111,32,"MST2021015","MST2021015_2021-09-02","MST2021015::2021-09-02","MST2021015STEX21_03","BentJensen",NA,"Penelope","MST2021015STEX21_03","21_03",17.5,"MST2021015","nej",925,TRUE,2,9,2021,13311,"Calsap","Unknown",0,17,2,65,0
"248","B03","MST2021052","Calsap",0,17900,0,17900,17900,NA,"ddpcr0022",NA,8.95,"2021-nov-24","2021-06-15","2021-06-14","2021-06-14","26",1,"MST-SX21",400,"Fyn",94230001,"FYN6900017",55.4678333333333,10.5169333333333,84,"MST2021052","MST2021052_2021-06-14","MST2021052::2021-06-14","MST2021052STEX21_10","FlemmingNoergaard",NA,"Belone","MST2021052STEX21_10","21_10",17.8,"MST2021052","ja",610,FALSE,14,6,2021,17900,"Calsap","Unknown",0,31,2,79,0
"249","B04","MST2021075","Calsap",0,18616,0,18616,18616,NA,"ddpcr0022",NA,4.86,"2021-dec-08","2021-05-20","2021-05-11","2021-05-11","13",1,"MST-SX22",400,"MSTOJL",94300001,"VEJ0006870_94300001",55.6743833333333,10.0845083333333,21,"MST2021075","MST2021075_2021-05-11","MST2021075::2021-05-11","MST2021075STEX22_13","janeRobertsen",NA,"Frigg","MST2021075STEX22_13","22_13",98.1,"MST2021075","ja",1100,FALSE,11,5,2021,18616,"Calsap","Unknown",0,38,2,86,0
"250","B05","MST2021064","Calsap",0,18778,0,18778,18778,NA,"ddpcr0022","Breddegrad:56572400",2.96,"2021-nov-24","2021-09-08","2021-09-02","2021-09-02","na",1,"MST-SX21",400,"MSTNJL",93730002,"93730002_VIB3708_1",56.954,9.05020833333333,76,"MST2021064","MST2021064_2021-09-02","MST2021064::2021-09-02","MST2021064STEX21_15","kristianmcgregor",NA,"Frigg","MST2021064STEX21_15","21_15",173.7,"MST2021064","nej",700,FALSE,2,9,2021,18778,"Calsap","Unknown",0,35,2,83,0
"251","B06","MST1054","Calsap",0,16660,0,16660,16660,NA,"ddpcr0022",NA,6.85,"2022-jan-11","2021-05-31","2021-05-18","2021-05-18","38m",1,"MST-SX24",400,"MST_FYN",99000052,"DMU444_Arkona",55,13.3,48,"MST1054","MST1054_2021-05-18","MST1054::2021-05-18","MST1054STEX24_23","ALKRI_NIFSO",NA,"Sif",NA,"24_23",92,"MST1054","ja",1400,FALSE,18,5,2021,16660,"Calsap","Unknown",0,9,2,57,0
"252","B07","MST2021076","Calsap",0,14940,0,14940,14940,NA,"ddpcr0022",NA,7.4,"2022-feb-01","2021-09-08","2021-09-02","2021-09-02","42",1,"MST-SX25",400,"MSTFYN",99000052,"DMU444",54.9996666666667,13.3,457,"MST2021076","MST2021076_2021-09-02","MST2021076::2021-09-02","MST2021076STEX25_04","alkri",NA,"Sif","MST2021076STEX25_04","25_04",17.5,"MST2021076","ja",1800,FALSE,2,9,2021,14940,"Calsap","Unknown",0,39,2,87,0
"253","C02","MST2021028","Calsap",0,14562,0,14562,14562,NA,"ddpcr0022","VandproeverneernedkoeletogtransporterettilAalborghvorfiltreringenskete",0.58,"2021-nov-24","2021-10-09","2021-09-27","2021-09-27",NA,NA,"MST-SX21",400,"Nordjylland",92200001,"HirtshalsNOR7715_92200001",57.6078333333333,9.90025555555555,18,"MST2021028","MST2021028_2021-09-27","MST2021028::2021-09-27","MST2021028STEX21_06","SvendaageBendtsen",NA,"MagretheGaardbo","MST2021028STEX21_06","21_06",15,"MST2021028","nej",1200,TRUE,27,9,2021,14562,"Calsap","Unknown",0,20,2,68,0
"254","C03","MST2021071","Calsap",0,18932,0,18932,18932,NA,"ddpcr0022",NA,6.5,"2022-jan-11","2021-10-21","2021-10-13","2021-10-13",NA,1,"MST-SX24",400,"Fyn",94230001,"FYN6900017",55.4678333333333,10.5169333333333,98,"MST2021071","MST2021071_2021-10-13","MST2021071::2021-10-13","MST2021071STEX24_04","FlemmingNoergaard&PauliJoergensen",NA,"Belone","MST2021071STEX24_04","24_04",11.4,"MST2021071","nej",1500,FALSE,13,10,2021,18932,"Calsap","Unknown",0,37,2,85,0
"255","C04","MST1022","Calsap",0,17913,0,17913,17913,NA,"ddpcr0022",NA,0.428,"2021-dec-08","2021-05-20","2021-05-17","2021-05-17","9",1,"MST-SX22",400,"MSTOJL",94400007,"ARH1700006_94400007",56.1547333333333,10.3170055555556,162,"MST1022","MST1022_2021-05-17","MST1022::2021-05-17","MST1022STEX22_02","janeRobertsen",NA,"Frigg",NA,"22_02",10.9,"MST1022","ja",1100,FALSE,17,5,2021,17913,"Calsap","Unknown",0,1,2,49,0
"256","C05","MST2021079","Calsap",0.0791889429092407,14857,1,14856,14857,NA,"ddpcr0022",NA,7.6,"2021-nov-24","2021-09-08","2021-09-06","2021-09-06","2",1,"MST-SX21",400,"MSTMJL",93740007,"93740007_VIB3727_1",56.6208333333333,9.06681944444444,51,"MST2021079","MST2021079_2021-09-06","MST2021079::2021-09-06","MST2021079STEX21_21","RasmusBillegrav",NA,"Frigg","MST2021079STEX21_21","21_21",173.5,"MST2021079","ja",1100,FALSE,6,9,2021,14857,"Calsap","Unknown",0.0791889429092407,40,2,88,1
"257","C06","MST2021008","Calsap",0,16482,0,16482,16482,NA,"ddpcr0022",NA,9.1,"2022-jan-11","2021-05-31","2021-05-19","2021-05-19","86",1,"MST-SX24",400,"MST_SJL",97200002,"KBH431_Ven",55.8666666666667,12.75,55,"MST2021008","MST2021008_2021-05-19","MST2021008::2021-05-19","MST2021008STEX24_05","ALKRI_NIFSO",NA,"Sif","MST2021008STEX24_05","24_05",11.8,"MST2021008","ja",1300,FALSE,19,5,2021,16482,"Calsap","Unknown",0,13,2,61,0
"258","C07","MST2021029","Calsap",0,13465,0,13465,13465,NA,"ddpcr0022",NA,5.7,"2021-nov-24","2021-09-15","2021-09-07","2021-09-07","12",1,"MST-SX21",400,"MSTSJL",97200002,"KBH431",55.8616666666667,12.7336055555556,501,"MST2021029","MST2021029_2021-09-07","MST2021029::2021-09-07","MST2021029STEX21_07","alkri",NA,"Sif","MST2021029STEX21_07","21_07",17.1,"MST2021029","ja",1800,TRUE,7,9,2021,13465,"Calsap","Unknown",0,21,2,69,0
"259","D02","MST2021031","Calsap",0,12544,0,12544,12544,NA,"ddpcr0022","ErudtagetmedLindahlslangesomdybdeintegredetproeverfra0_10metersammenmedplanktonproeverneogsaaprofilmaalingerchlAogvandkemi",0.97,"2021-nov-24","2021-07-03","2021-06-17","2021-06-17",NA,4,"MST-SX21",400,"Nordjylland",92200001,"HirtshalsNOR7715_92200001",57.6078333333333,9.90025555555555,15,"MST2021031","MST2021031_2021-06-17","MST2021031::2021-06-17","MST2021031STEX21_09","SvendaageBendtsen",NA,"MagretheGaardbo","MST2021031STEX21_09","21_09",14,"MST2021031","nej",1200,FALSE,17,6,2021,12544,"Calsap","Unknown",0,23,2,71,0
"260","D03","MST2021005","Calsap",0,17929,0,17929,17929,NA,"ddpcr0022",NA,11.7,"2022-jan-11","2021-06-10","2021-06-01","2021-06-01",NA,1,"MST-SX24",400,"Sjaelland",93220011,"ROS60_322RoskildeFjord",55.713,12.04,48,"MST2021005","MST2021005_2021-06-01","MST2021005::2021-06-01","MST2021005STEX24_12","EmilGuddalLarsen",NA,"Mergus","MST2021005STEX24_12","24_12",17.1,"MST2021005","nej",1600,TRUE,1,6,2021,17929,"Calsap","Unknown",0,11,2,59,0
"261","D04","MST2021089","Calsap",0,18720,0,18720,18720,NA,"ddpcr0022",NA,5.7,"2022-jan-06","2021-05-20","2021-05-17","2021-05-17","75",13,"MST-SX23",400,"MSTOJL",94510035,"EbeltoftVig",56.2094,10.6003444444444,14,"MST2021089","MST2021089_2021-05-17","MST2021089::2021-05-17","MST2021089STEX23_06","janeRobertsen",NA,"Frigg","MST2021089STEX23_06","23_06",77.3,"MST2021089","ja",1400,FALSE,17,5,2021,18720,"Calsap","Unknown",0,46,2,94,0
"262","D05","MST2021082","Calsap",0,17941,0,17941,17941,NA,"ddpcr0022",NA,4.09,"2021-nov-24","2021-09-08","2021-09-07","2021-09-07","4",1,"MST-SX21",400,"MSTNJL",93000005,"93000005_NOR409",56.8561,10.7845083333333,146,"MST2021082","MST2021082_2021-09-07","MST2021082::2021-09-07","MST2021082STEX21_23","RasmusBillegrav",NA,"Frigg","MST2021082STEX21_23","21_23",160.3,"MST2021082","ja",1500,FALSE,7,9,2021,17941,"Calsap","Unknown",0,42,2,90,0
"263","D06","MST2021019","Calsap",0.144113510847092,16328,2,16326,16328,NA,"ddpcr0022",NA,3.86,"2022-jan-11","2021-05-31","2021-05-25","2021-05-25","11m",1,"MST-SX24",400,"MST_NJL",93000005,"NOR409_aalborgBugt",56.8566666666667,10.7834722222222,146,"MST2021019","MST2021019_2021-05-25","MST2021019::2021-05-25","MST2021019STEX24_21","ALKRI_NICRA",NA,"Sif","MST2021019STEX24_21","24_21",88,"MST2021019","ja",1650,TRUE,25,5,2021,16328,"Calsap","Unknown",0.144113510847092,18,2,66,1
"264","D07","MST2021083","Calsap",0,13321,0,13321,13321,NA,"ddpcr0022",NA,7.8,"2022-jan-11","2021-10-29","2021-10-22","2021-10-22","12",1,"MST-SX24",400,"MSTFYN",95600002,"FYN6300043",54.9976833333333,10.1517305555556,34,"MST2021083","MST2021083_2021-10-22","MST2021083::2021-10-22","MST2021083STEX24_03","alkri",NA,"Sif","MST2021083STEX24_03","24_03",12.5,"MST2021083","ja",1500,FALSE,22,10,2021,13321,"Calsap","Unknown",0,43,2,91,0
"265","E02","MST2021032","Calsap",0,14269,0,14269,14269,NA,"ddpcr0022","erudtagetmedNiskinvandhenter",3.28,"2022-jan-11","2021-07-03","2021-06-23","2021-06-23",NA,3,"MST-SX24",400,"Nordjylland",93920064,"KragskovRevSyd",57.5407666666667,10.4687805555556,4,"MST2021032","MST2021032_2021-06-23","MST2021032::2021-06-23","MST2021032STEX24_11","SvendaageBendtsen",NA,"Pingo","MST2021032STEX24_11","24_11",15.7,"MST2021032","nej",1400,FALSE,23,6,2021,14269,"Calsap","Unknown",0,24,2,72,0
"266","E03","MST2021025","Calsap",0,17407,0,17407,17407,NA,"ddpcr0022","Datoforoverfoerseltil_80Cfryserenilaboratorieterikkedokumenteremenproevemersenestblevetoverfoertd15_06_2021ogmuligvisvedentidligeredato
",3.16,"2022-jan-11","2021-06-15","2021-06-10","2021-06-10",NA,28,"MST-SX24",400,"Sjaelland",99150002,"FranksRev",55.0334833333333,15.5078333333333,39,"MST2021025","MST2021025_2021-06-10","MST2021025::2021-06-10","MST2021025STEX24_02","EmilGuddalLarsen",NA,"Mergus","MST2021025STEX24_02","24_02",16.8,"MST2021025","nej",1750,TRUE,10,6,2021,17407,"Calsap","Unknown",0,19,2,67,0
"267","E04","MST2021088","Calsap",0,18422,0,18422,18422,NA,"ddpcr0022",NA,16.5,"2022-feb-01","2021-05-21","2021-05-20","2021-05-20","75",188,"MST-SX25",400,"MSTFYN",96700057,"KertemindeBugt",55.4392166666667,10.8276944444444,198,"MST2021088","MST2021088_2021-05-20","MST2021088::2021-05-20","MST2021088STEX25_03","janeRobertsen",NA,"Frigg","MST2021088STEX25_03","25_03",73.7,"MST2021088","ja",1600,FALSE,20,5,2021,18422,"Calsap","Unknown",0,45,2,93,0
"268","E05","MST2021070","Calsap",0,17856,0,17856,17856,NA,"ddpcr0022",NA,9.1,"2022-jan-11","2021-10-27","2021-10-26","2021-10-26","86",1,"MST-SX24",400,"MSTNJL",93610032,"93610032",56.6626666666667,9.96678333333333,28,"MST2021070","MST2021070_2021-10-26","MST2021070::2021-10-26","MST2021070STEX24_16","RasmusBillegrav",NA,"Frigg","MST2021070STEX24_16","24_16",107.4,"MST2021070","ja",1200,FALSE,26,10,2021,17856,"Calsap","Unknown",0,36,2,84,0
"269","E06","MST2021030","Calsap",0,16544,0,16544,16544,NA,"ddpcr0022",NA,4.07,"2021-nov-24","2021-05-31","2021-05-26","2021-05-26","N_A",1,"MST-SX21",400,"MST_MJL",93740007,"SkiveFjord",56.6208333333333,9.06681944444444,5,"MST2021030","MST2021030_2021-05-26","MST2021030::2021-05-26","MST2021030STEX21_08","PHELD_NICRA",NA,"Sif","MST2021030STEX21_08","21_08",115.9,"MST2021030","nej",1600,TRUE,26,5,2021,16544,"Calsap","Unknown",0,22,2,70,0
"270","E07","MST2021006","Calsap",0,13905,0,13905,13905,NA,"ddpcr0022",NA,7.65,"2022-jan-11","2021-08-25","2021-08-24","2021-08-24","_",96,"MST-SX24",400,"MSTSTO",99210007,"1001027Hovedeskov",54.7410833333333,12.0851805555556,106,"MST2021006","MST2021006_2021-08-24","MST2021006::2021-08-24","MST2021006STEX24_13","NicolaiEspenhainAnker",NA,"ABRA","MST2021006STEX24_13","24_13",17.3,"MST2021006","nej",1400,TRUE,24,8,2021,13905,"Calsap","Unknown",0,12,2,60,0
"271","F02","MST2021040","Calsap",0,13297,0,13297,13297,NA,"ddpcr0022",NA,4.92,"2021-dec-08","2021-09-22","2021-09-15","2021-09-15",NA,95,"MST-SX22",400,"MSToestjylland",93420310,"Tr3Fornaes",56.4437333333333,10.9524027777778,11,"MST2021040","MST2021040_2021-09-15","MST2021040::2021-09-15","MST2021040STEX22_09","JensDeding",NA,"Havana","MST2021040STEX22_09","22_09",15.7,"MST2021040","?",1270,FALSE,15,9,2021,13297,"Calsap","Unknown",0,26,2,74,0
"272","F03","NEKfeb2022","Calsap",0,17016,0,17016,17016,NA,"ddpcr0022",NA,NA,NA,NA,NA,NA,NA,NA,NA,NA,NA,NA,NA,NA,NA,NA,NA,NA,NA,NA,NA,NA,NA,NA,NA,NA,NA,NA,NA,NA,NA,NA,NA,17016,"Calsap","Unknown",0,48,2,96,0
"273","F04","MST2021062","Calsap",0,17845,0,17845,17845,NA,"ddpcr0022",NA,19,"2022-feb-01","2021-05-21","2021-05-21","2021-05-21","12",1,"MST-SX25",400,"MSTFYN",95600002,"95600002_FYN6300043",54.9975833333333,10.1654166666667,361,"MST2021062","MST2021062_2021-05-21","MST2021062::2021-05-21","MST2021062STEX25_10","janeRobertsen",NA,"Frigg","MST2021062STEX25_10","25_10",112.2,"MST2021062","ja",1400,FALSE,21,5,2021,17845,"Calsap","Unknown",0,34,2,82,0
"274","F05","MST1043","Calsap",0,17526,0,17526,17526,NA,"ddpcr0022",NA,3.06,"2022-jan-06","2021-04-12","2021-04-06","2021-04-06",NA,11,"MST-SX23",400,"MSTOJL",93500119,"Hevringbugt",56.6261666666667,10.3204,12,"MST1043","MST1043_2021-04-06","MST1043::2021-04-06","MST1043STEX23_02","JOCTH",NA,"Musling",NA,"23_02",64.3,"MST1043","nej",1500,FALSE,6,4,2021,17526,"Calsap","Unknown",0,8,2,56,0
"275","F06","MST2021055","Calsap",0,18105,0,18105,18105,NA,"ddpcr0022",NA,5.3,"2021-nov-24","2021-09-15","2021-09-14","2021-09-14","24",1,"MST-SX21",400,"STO",99000049,"99000049",55.25,15.9833333333333,909,"MST2021055","MST2021055_2021-09-14","MST2021055::2021-09-14","MST2021055STEX21_12","krmsk",NA,"sif","MST2021055STEX21_12","21_12",169.3,"MST2021055","ja",1500,FALSE,14,9,2021,18105,"Calsap","Unknown",0,32,2,80,0
"276","F07","MST2021011","Calsap",0,14593,0,14593,14593,NA,"ddpcr0022",NA,4.23,"2021-dec-08","2021-08-03","2021-08-31","2021-08-31","_",4.1e+16,"MST-SX22",400,"MSTSTO",98210012,"0401011FemerenBaeltVest",54.73475,11.0846527777778,51,"MST2021011","MST2021011_2021-08-31","MST2021011::2021-08-31","MST2021011STEX22_05","NicolaiEspenhainAnker",NA,"ABRA","MST2021011STEX22_05","22_05",170.9,"MST2021011","nej",1500,TRUE,31,8,2021,14593,"Calsap","Unknown",0,14,2,62,0
"277","G02","MST2021081","Calsap",0,12699,0,12699,12699,NA,"ddpcr0022","RIB1510007",3.54,"2021-nov-24","2021-09-21","2021-09-20","2021-09-20",NA,1,"MST-SX21",400,"Sydjylland",91500007,"Soenderhooest",55.3375166666667,8.35012777777778,63,"MST2021081","MST2021081_2021-09-20","MST2021081::2021-09-20","MST2021081STEX21_22","LasseoerstedJensen",NA,"Haig","MST2021081STEX21_22","21_22",16,"MST2021081","nej",1300,FALSE,20,9,2021,12699,"Calsap","Unknown",0,41,2,89,0
"278","G03","MST1028","Calsap",0,18204,0,18204,18204,NA,"ddpcr0022",NA,7.15,"2022-jan-06","2021-03-26","2021-03-15","2021-03-15","17",282,"MST-SX23",400,"MSTSYD",95700008,"FFSB0011",54.8341666666667,9.81666666666667,292,"MST1028","MST1028_2021-03-15","MST1028::2021-03-15","MST1028STEX23_11","RasmusBillegrav",NA,"LivII",NA,"23_11",27.8,"MST1028","ja",1600,FALSE,15,3,2021,18204,"Calsap","Unknown",0,4,2,52,0
"279","G04","MST2021051","Calsap",0,18248,0,18248,18248,NA,"ddpcr0022",NA,22.5,"2022-feb-01","2021-06-10","2021-06-04","2021-06-04",NA,1,"MST-SX25",400,"MSTNJL",93730002,"93730002_VIB3708_1",56.9543333333333,9.07075,7,"MST2021051","MST2021051_2021-06-04","MST2021051::2021-06-04","MST2021051STEX25_16","RasmusBillegrav",NA,"Frigg","MST2021051STEX25_16","25_16",150.8,"MST2021051","nej",1700,FALSE,4,6,2021,18248,"Calsap","Unknown",0,30,2,78,0
"280","G05","MST1024","Calsap",0,18371,0,18371,18371,NA,"ddpcr0022",NA,1,"2022-jan-06","2021-04-19","2021-04-15","2021-04-15",NA,5,"MST-SX23",400,"MSTMJL",93770056,"NissumBredning",56.6008333333333,8.400225,6,"MST1024","MST1024_2021-04-15","MST1024::2021-04-15","MST1024STEX23_14","JOCTH",NA,"Musling",NA,"23_14",69,"MST1024","nej",1500,FALSE,15,4,2021,18371,"Calsap","Unknown",0,2,2,50,0
"281","G06","MST2021085","Calsap",0,16193,0,16193,16193,NA,"ddpcr0022",NA,3.26,"2021-nov-24","2021-09-22","2021-09-16","2021-09-16","8.8E+016",1,"MST-SX21",400,"SJL",93000001,"93000001",56.1305,11.1501055555556,439,"MST2021085","MST2021085_2021-09-16","MST2021085::2021-09-16","MST2021085STEX21_24","krmsk",NA,"sif","MST2021085STEX21_24","21_24",173.2,"MST2021085","ja",1700,FALSE,16,9,2021,16193,"Calsap","Unknown",0,44,2,92,0
"282","G07","MST2021002","Calsap",0,15444,0,15444,15444,NA,"ddpcr0022",NA,5.4,"2021-dec-08","2021-07-08","2021-07-07","2021-07-07","_",57,"MST-SX22",400,"MSTSTO",96220363,"0101142EnoeNor",55.15755,11.6357944444444,67,"MST2021002","MST2021002_2021-07-07","MST2021002::2021-07-07","MST2021002STEX22_04","jakobOleLarsen",NA,"ABRA","MST2021002STEX22_04","22_04",20.4,"MST2021002","nej",1000,TRUE,7,7,2021,15444,"Calsap","Unknown",0,10,2,58,0
"283","H02","MST2021044","Calsap",0,11320,0,11320,11320,NA,"ddpcr0022","RIB1510007",2.62,"2021-dec-08","2021-05-20","2021-05-19","2021-05-19",NA,1,"MST-SX22",400,"Sydjylland",91500007,"Soenderhooest",55.3375166666667,8.35012777777778,55,"MST2021044","MST2021044_2021-05-19","MST2021044::2021-05-19","MST2021044STEX22_11","LasseoerstedJensen",NA,"Haig","MST2021044STEX22_11","22_11",11,"MST2021044","nej",1200,FALSE,19,5,2021,11320,"Calsap","Unknown",0,28,2,76,0
"284","H03","MST1027","Calsap",0,18440,0,18440,18440,NA,"ddpcr0022",NA,5.4,"2022-feb-01","2021-03-26","2021-03-19","2021-03-19","95",155,"MST-SX25",400,"MSTFYN",96510125,"Sydfynskeoehav_BF11",55.0262,10.3685111111111,165,"MST1027","MST1027_2021-03-19","MST1027::2021-03-19","MST1027STEX25_15","RasmusBillegrav",NA,"LivII",NA,"25_15",42,"MST1027","ja",1500,FALSE,19,3,2021,18440,"Calsap","Unknown",0,3,2,51,0
"285","H04","MST2021099","Calsap",0,13301,0,13301,13301,NA,"ddpcr0022",NA,5.4,"2022-jan-11","2021-08-25","2021-08-24","2021-08-24","3",1,"MST-SX24",400,"MSTOJL",94400007,"94400007_ARH170006",56.1544166666667,10.3166972222222,16,"MST2021099","MST2021099_2021-08-24","MST2021099::2021-08-24","MST2021099STEX24_19","RasmusBillegrav",NA,"Frigg","MST2021099STEX24_19","24_19",175.1,"MST2021099","ja",1500,FALSE,24,8,2021,13301,"Calsap","Unknown",0,47,2,95,0
"286","H05","MST1031","Calsap",0,16123,0,16123,16123,NA,"ddpcr0022",NA,17.5,"2022-feb-01","2021-03-26","2021-03-17","2021-03-17","Ingenlagdeling",89,"MST-SX25",400,"MST_SJL",93210013,"Isefjordydre",55.8656666666667,11.7835111111111,105,"MST1031","MST1031_2021-03-17","MST1031::2021-03-17","MST1031STEX25_11","PHELD_NIFSO",NA,"Daphne",NA,"25_11",33.6,"MST1031","nej",1500,FALSE,17,3,2021,16123,"Calsap","Unknown",0,5,2,53,0
"287","H06","MST1038","Calsap",0,16834,0,16834,16834,NA,"ddpcr0022",NA,2.61,"2022-jan-06","2021-04-16","2021-04-14","2021-04-14","3",111,"MST-SX23",400,"MST_STORSTRoeM",95220322,"BFKarrebaeksmindeBugt",55.1395,11.5002361111111,121,"MST1038","MST1038_2021-04-14","MST1038::2021-04-14","MST1038STEX23_09","Alkri",NA,"DAPHNE",NA,"23_09",60.3,"MST1038","ja",1700,FALSE,14,4,2021,16834,"Calsap","Unknown",0,6,2,54,0
"288","H07","MST2021013","Calsap",0,15001,0,15001,15001,NA,"ddpcr0022",NA,9.55,"2021-dec-08","2021-09-10","2021-08-25","2021-08-25",NA,1,"MST-SX22",400,"Sjaelland",93220011,"ROS60",55.713,12.04,48,"MST2021013","MST2021013_2021-08-25","MST2021013::2021-08-25","MST2021013STEX22_06","EmilGuddalLarsen",NA,"Mergus","MST2021013STEX22_06","22_06",17.9,"MST2021013","nej",1600,TRUE,25,8,2021,15001,"Calsap","Unknown",0,16,2,64,0
"289","A02","MST1039","Psefar",NA,0,0,0,0,NA,"ddpcr0023",NA,13.6,"2022-feb-01","2021-05-03","2021-04-26","2021-04-26","na",1,"MST-SX25",400,"MST_MJL",91320001,"RKB1",56.0778333333333,8.21670555555556,32,"MST1039","MST1039_2021-04-26","MST1039::2021-04-26","MST1039STEX25_19","JettePoulsenEngholm",NA,"Penelope",NA,"25_19",95,"MST1039","nej",570,FALSE,26,4,2021,0,"Psefar","Unknown",0,7,16,727,0
"290","A03","MST2021049","Psefar",1.41258788108826,19167,23,19144,19167,NA,"ddpcr0023","LISD0027",7.75,"2022-jan-06","2021-05-21","2021-05-21","2021-05-21",NA,10,"MST-SX23",400,"Sydjylland",91650035,"ListerDyb",55.0938666666667,8.56828611111111,11,"MST2021049","MST2021049_2021-05-21","MST2021049::2021-05-21","MST2021049STEX23_10","LasseoerstedJensen",NA,"Fucus","MST2021049STEX23_10","23_10",11,"MST2021049","nej",500,FALSE,21,5,2021,19167,"Psefar","Unknown",1.41258788108826,29,16,749,1
"291","A04","MST2021012","Psefar",1526.8017578125,17969,13061,4908,17969,NA,"ddpcr0023",NA,11,"2022-feb-01","2021-05-03","2021-04-27","2021-04-27","na",59,"MST-SX25",400,"MSTSYD",95130028,"VejleFjordindre_VF",55.7021833333333,9.66136111111111,69,"MST2021012","MST2021012_2021-04-27","MST2021012::2021-04-27","MST2021012STEX25_12","KRISTIANMCGREGOR",NA,"LIVII","MST2021012STEX25_12","25_12",81.7,"MST2021012","nej",1500,TRUE,27,4,2021,17969,"Psefar","Unknown",1526.8017578125,15,16,735,1
"292","A05","MST2021058","Psefar",126.658668518066,17900,1827,16073,17900,NA,"ddpcr0023",NA,3.7,"2021-nov-24","2021-09-03","2021-08-30","2021-08-30","17",1,"MST-SX21",400,"MSTOJL",94300001,"94300001_VEJ0006870",55.6743833333333,10.0845083333333,194,"MST2021058","MST2021058_2021-08-30","MST2021058::2021-08-30","MST2021058STEX21_13","KRISTIANMCGREGOR",NA,"Frigg","MST2021058STEX21_13","21_13",100.7,"MST2021058","ja",1500,FALSE,30,8,2021,17900,"Psefar","Unknown",126.658668518066,33,16,753,1
"293","A06","MST2021039","Psefar",0,17053,0,17053,17053,NA,"ddpcr0023",NA,2.72,"2021-dec-08","2021-05-20","2021-05-07","2021-05-07","7m",1,"MST-SX22",400,"MST_NJL",93610032,"MariagerFjord",56.6626666666667,9.96678333333333,27,"MST2021039","MST2021039_2021-05-07","MST2021039::2021-05-07","MST2021039STEX22_08","PHELD_ALKRI",NA,"Sif","MST2021039STEX22_08","22_08",92.8,"MST2021039","ja",1800,FALSE,7,5,2021,17053,"Psefar","Unknown",0,25,16,745,0
"294","A07","MST2021043","Psefar",1560.60217285156,19706,14476,5230,19706,NA,"ddpcr0023","Dererkunenproevetilraadighed_proeve2erbortkommet",4.41,"2021-dec-08","2021-05-20","2021-05-17","2021-05-17","4",1,"MST-SX22",400,"MSTSJL",93000001,"VSJ20925",56.1316666666667,11.1513361111111,48,"MST2021043","MST2021043_2021-05-17","MST2021043::2021-05-17","MST2021043STEX22_10","alkri_nifso",NA,"Sif","MST2021043STEX22_10","22_10",10.6,"MST2021043","ja",1500,FALSE,17,5,2021,19706,"Psefar","Unknown",1560.60217285156,27,16,747,1
"295","B02","MST2021015","Psefar",0,11368,0,11368,11368,NA,"ddpcr0023",NA,5.4,"2021-nov-24","2021-09-08","2021-09-02","2021-09-02","na",1,"MST-SX21",400,"MST_MJL",91320001,"RKB1",56.0778333333333,8.21678611111111,32,"MST2021015","MST2021015_2021-09-02","MST2021015::2021-09-02","MST2021015STEX21_03","BentJensen",NA,"Penelope","MST2021015STEX21_03","21_03",17.5,"MST2021015","nej",925,TRUE,2,9,2021,11368,"Psefar","Unknown",0,17,16,737,0
"296","B03","MST2021052","Psefar",0.471355885267258,17475,7,17468,17475,NA,"ddpcr0023",NA,8.95,"2021-nov-24","2021-06-15","2021-06-14","2021-06-14","26",1,"MST-SX21",400,"Fyn",94230001,"FYN6900017",55.4678333333333,10.5169333333333,84,"MST2021052","MST2021052_2021-06-14","MST2021052::2021-06-14","MST2021052STEX21_10","FlemmingNoergaard",NA,"Belone","MST2021052STEX21_10","21_10",17.8,"MST2021052","ja",610,FALSE,14,6,2021,17475,"Psefar","Unknown",0.471355885267258,31,16,751,1
"297","B04","MST2021075","Psefar",3458.11889648438,18810,17815,995,18810,NA,"ddpcr0023",NA,4.86,"2021-dec-08","2021-05-20","2021-05-11","2021-05-11","13",1,"MST-SX22",400,"MSTOJL",94300001,"VEJ0006870_94300001",55.6743833333333,10.0845083333333,21,"MST2021075","MST2021075_2021-05-11","MST2021075::2021-05-11","MST2021075STEX22_13","janeRobertsen",NA,"Frigg","MST2021075STEX22_13","22_13",98.1,"MST2021075","ja",1100,FALSE,11,5,2021,18810,"Psefar","Unknown",3458.11889648438,38,16,758,1
"298","B05","MST2021064","Psefar",0,18521,0,18521,18521,NA,"ddpcr0023","Breddegrad:56572400",2.96,"2021-nov-24","2021-09-08","2021-09-02","2021-09-02","na",1,"MST-SX21",400,"MSTNJL",93730002,"93730002_VIB3708_1",56.954,9.05020833333333,76,"MST2021064","MST2021064_2021-09-02","MST2021064::2021-09-02","MST2021064STEX21_15","kristianmcgregor",NA,"Frigg","MST2021064STEX21_15","21_15",173.7,"MST2021064","nej",700,FALSE,2,9,2021,18521,"Psefar","Unknown",0,35,16,755,0
"299","B06","MST1054","Psefar",0,15691,0,15691,15691,NA,"ddpcr0023",NA,6.85,"2022-jan-11","2021-05-31","2021-05-18","2021-05-18","38m",1,"MST-SX24",400,"MST_FYN",99000052,"DMU444_Arkona",55,13.3,48,"MST1054","MST1054_2021-05-18","MST1054::2021-05-18","MST1054STEX24_23","ALKRI_NIFSO",NA,"Sif",NA,"24_23",92,"MST1054","ja",1400,FALSE,18,5,2021,15691,"Psefar","Unknown",0,9,16,729,0
"300","B07","MST2021076","Psefar",0,17566,0,17566,17566,NA,"ddpcr0023",NA,7.4,"2022-feb-01","2021-09-08","2021-09-02","2021-09-02","42",1,"MST-SX25",400,"MSTFYN",99000052,"DMU444",54.9996666666667,13.3,457,"MST2021076","MST2021076_2021-09-02","MST2021076::2021-09-02","MST2021076STEX25_04","alkri",NA,"Sif","MST2021076STEX25_04","25_04",17.5,"MST2021076","ja",1800,FALSE,2,9,2021,17566,"Psefar","Unknown",0,39,16,759,0
"301","C02","MST2021028","Psefar",NA,0,0,0,0,NA,"ddpcr0023","VandproeverneernedkoeletogtransporterettilAalborghvorfiltreringenskete",0.58,"2021-nov-24","2021-10-09","2021-09-27","2021-09-27",NA,NA,"MST-SX21",400,"Nordjylland",92200001,"HirtshalsNOR7715_92200001",57.6078333333333,9.90025555555555,18,"MST2021028","MST2021028_2021-09-27","MST2021028::2021-09-27","MST2021028STEX21_06","SvendaageBendtsen",NA,"MagretheGaardbo","MST2021028STEX21_06","21_06",15,"MST2021028","nej",1200,TRUE,27,9,2021,0,"Psefar","Unknown",0,20,16,740,0
"302","C03","MST2021071","Psefar",0.763063609600067,16965,11,16954,16965,NA,"ddpcr0023",NA,6.5,"2022-jan-11","2021-10-21","2021-10-13","2021-10-13",NA,1,"MST-SX24",400,"Fyn",94230001,"FYN6900017",55.4678333333333,10.5169333333333,98,"MST2021071","MST2021071_2021-10-13","MST2021071::2021-10-13","MST2021071STEX24_04","FlemmingNoergaard&PauliJoergensen",NA,"Belone","MST2021071STEX24_04","24_04",11.4,"MST2021071","nej",1500,FALSE,13,10,2021,16965,"Psefar","Unknown",0.763063609600067,37,16,757,1
"303","C04","MST1022","Psefar",1228.3232421875,15218,9861,5357,15218,NA,"ddpcr0023",NA,0.428,"2021-dec-08","2021-05-20","2021-05-17","2021-05-17","9",1,"MST-SX22",400,"MSTOJL",94400007,"ARH1700006_94400007",56.1547333333333,10.3170055555556,162,"MST1022","MST1022_2021-05-17","MST1022::2021-05-17","MST1022STEX22_02","janeRobertsen",NA,"Frigg",NA,"22_02",10.9,"MST1022","ja",1100,FALSE,17,5,2021,15218,"Psefar","Unknown",1228.3232421875,1,16,721,1
"304","C05","MST2021079","Psefar",0.0636222362518311,18492,1,18491,18492,NA,"ddpcr0023",NA,7.6,"2021-nov-24","2021-09-08","2021-09-06","2021-09-06","2",1,"MST-SX21",400,"MSTMJL",93740007,"93740007_VIB3727_1",56.6208333333333,9.06681944444444,51,"MST2021079","MST2021079_2021-09-06","MST2021079::2021-09-06","MST2021079STEX21_21","RasmusBillegrav",NA,"Frigg","MST2021079STEX21_21","21_21",173.5,"MST2021079","ja",1100,FALSE,6,9,2021,18492,"Psefar","Unknown",0.0636222362518311,40,16,760,1
"305","C06","MST2021008","Psefar",0.221508875489235,15935,3,15932,15935,NA,"ddpcr0023",NA,9.1,"2022-jan-11","2021-05-31","2021-05-19","2021-05-19","86",1,"MST-SX24",400,"MST_SJL",97200002,"KBH431_Ven",55.8666666666667,12.75,55,"MST2021008","MST2021008_2021-05-19","MST2021008::2021-05-19","MST2021008STEX24_05","ALKRI_NIFSO",NA,"Sif","MST2021008STEX24_05","24_05",11.8,"MST2021008","ja",1300,FALSE,19,5,2021,15935,"Psefar","Unknown",0.221508875489235,13,16,733,1
"306","C07","MST2021029","Psefar",0,17784,0,17784,17784,NA,"ddpcr0023",NA,5.7,"2021-nov-24","2021-09-15","2021-09-07","2021-09-07","12",1,"MST-SX21",400,"MSTSJL",97200002,"KBH431",55.8616666666667,12.7336055555556,501,"MST2021029","MST2021029_2021-09-07","MST2021029::2021-09-07","MST2021029STEX21_07","alkri",NA,"Sif","MST2021029STEX21_07","21_07",17.1,"MST2021029","ja",1800,TRUE,7,9,2021,17784,"Psefar","Unknown",0,21,16,741,0
"307","D02","MST2021031","Psefar",NA,0,0,0,0,NA,"ddpcr0023","ErudtagetmedLindahlslangesomdybdeintegredetproeverfra0_10metersammenmedplanktonproeverneogsaaprofilmaalingerchlAogvandkemi",0.97,"2021-nov-24","2021-07-03","2021-06-17","2021-06-17",NA,4,"MST-SX21",400,"Nordjylland",92200001,"HirtshalsNOR7715_92200001",57.6078333333333,9.90025555555555,15,"MST2021031","MST2021031_2021-06-17","MST2021031::2021-06-17","MST2021031STEX21_09","SvendaageBendtsen",NA,"MagretheGaardbo","MST2021031STEX21_09","21_09",14,"MST2021031","nej",1200,FALSE,17,6,2021,0,"Psefar","Unknown",0,23,16,743,0
"308","D03","MST2021005","Psefar",0,16798,0,16798,16798,NA,"ddpcr0023",NA,11.7,"2022-jan-11","2021-06-10","2021-06-01","2021-06-01",NA,1,"MST-SX24",400,"Sjaelland",93220011,"ROS60_322RoskildeFjord",55.713,12.04,48,"MST2021005","MST2021005_2021-06-01","MST2021005::2021-06-01","MST2021005STEX24_12","EmilGuddalLarsen",NA,"Mergus","MST2021005STEX24_12","24_12",17.1,"MST2021005","nej",1600,TRUE,1,6,2021,16798,"Psefar","Unknown",0,11,16,731,0
"309","D04","MST2021089","Psefar",804.049194335938,16816,8326,8490,16816,NA,"ddpcr0023",NA,5.7,"2022-jan-06","2021-05-20","2021-05-17","2021-05-17","75",13,"MST-SX23",400,"MSTOJL",94510035,"EbeltoftVig",56.2094,10.6003444444444,14,"MST2021089","MST2021089_2021-05-17","MST2021089::2021-05-17","MST2021089STEX23_06","janeRobertsen",NA,"Frigg","MST2021089STEX23_06","23_06",77.3,"MST2021089","ja",1400,FALSE,17,5,2021,16816,"Psefar","Unknown",804.049194335938,46,16,766,1
"310","D05","MST2021082","Psefar",147.563278198242,17068,2012,15056,17068,NA,"ddpcr0023",NA,4.09,"2021-nov-24","2021-09-08","2021-09-07","2021-09-07","4",1,"MST-SX21",400,"MSTNJL",93000005,"93000005_NOR409",56.8561,10.7845083333333,146,"MST2021082","MST2021082_2021-09-07","MST2021082::2021-09-07","MST2021082STEX21_23","RasmusBillegrav",NA,"Frigg","MST2021082STEX21_23","21_23",160.3,"MST2021082","ja",1500,FALSE,7,9,2021,17068,"Psefar","Unknown",147.563278198242,42,16,762,1
"311","D06","MST2021019","Psefar",511.149475097656,16856,5940,10916,16856,NA,"ddpcr0023",NA,3.86,"2022-jan-11","2021-05-31","2021-05-25","2021-05-25","11m",1,"MST-SX24",400,"MST_NJL",93000005,"NOR409_aalborgBugt",56.8566666666667,10.7834722222222,146,"MST2021019","MST2021019_2021-05-25","MST2021019::2021-05-25","MST2021019STEX24_21","ALKRI_NICRA",NA,"Sif","MST2021019STEX24_21","24_21",88,"MST2021019","ja",1650,TRUE,25,5,2021,16856,"Psefar","Unknown",511.149475097656,18,16,738,1
"312","D07","MST2021083","Psefar",0.219716235995293,16065,3,16062,16065,NA,"ddpcr0023",NA,7.8,"2022-jan-11","2021-10-29","2021-10-22","2021-10-22","12",1,"MST-SX24",400,"MSTFYN",95600002,"FYN6300043",54.9976833333333,10.1517305555556,34,"MST2021083","MST2021083_2021-10-22","MST2021083::2021-10-22","MST2021083STEX24_03","alkri",NA,"Sif","MST2021083STEX24_03","24_03",12.5,"MST2021083","ja",1500,FALSE,22,10,2021,16065,"Psefar","Unknown",0.219716235995293,43,16,763,1
"313","E02","MST2021032","Psefar",43.7668609619141,11282,412,10870,11282,NA,"ddpcr0023","erudtagetmedNiskinvandhenter",3.28,"2022-jan-11","2021-07-03","2021-06-23","2021-06-23",NA,3,"MST-SX24",400,"Nordjylland",93920064,"KragskovRevSyd",57.5407666666667,10.4687805555556,4,"MST2021032","MST2021032_2021-06-23","MST2021032::2021-06-23","MST2021032STEX24_11","SvendaageBendtsen",NA,"Pingo","MST2021032STEX24_11","24_11",15.7,"MST2021032","nej",1400,FALSE,23,6,2021,11282,"Psefar","Unknown",43.7668609619141,24,16,744,1
"314","E03","MST2021025","Psefar",0,17290,0,17290,17290,NA,"ddpcr0023","Datoforoverfoerseltil_80Cfryserenilaboratorieterikkedokumenteremenproevemersenestblevetoverfoertd15_06_2021ogmuligvisvedentidligeredato
",3.16,"2022-jan-11","2021-06-15","2021-06-10","2021-06-10",NA,28,"MST-SX24",400,"Sjaelland",99150002,"FranksRev",55.0334833333333,15.5078333333333,39,"MST2021025","MST2021025_2021-06-10","MST2021025::2021-06-10","MST2021025STEX24_02","EmilGuddalLarsen",NA,"Mergus","MST2021025STEX24_02","24_02",16.8,"MST2021025","nej",1750,TRUE,10,6,2021,17290,"Psefar","Unknown",0,19,16,739,0
"315","E04","MST2021088","Psefar",1291.53881835938,17401,11596,5805,17401,NA,"ddpcr0023",NA,16.5,"2022-feb-01","2021-05-21","2021-05-20","2021-05-20","75",188,"MST-SX25",400,"MSTFYN",96700057,"KertemindeBugt",55.4392166666667,10.8276944444444,198,"MST2021088","MST2021088_2021-05-20","MST2021088::2021-05-20","MST2021088STEX25_03","janeRobertsen",NA,"Frigg","MST2021088STEX25_03","25_03",73.7,"MST2021088","ja",1600,FALSE,20,5,2021,17401,"Psefar","Unknown",1291.53881835938,45,16,765,1
"316","E05","MST2021070","Psefar",0,17890,0,17890,17890,NA,"ddpcr0023",NA,9.1,"2022-jan-11","2021-10-27","2021-10-26","2021-10-26","86",1,"MST-SX24",400,"MSTNJL",93610032,"93610032",56.6626666666667,9.96678333333333,28,"MST2021070","MST2021070_2021-10-26","MST2021070::2021-10-26","MST2021070STEX24_16","RasmusBillegrav",NA,"Frigg","MST2021070STEX24_16","24_16",107.4,"MST2021070","ja",1200,FALSE,26,10,2021,17890,"Psefar","Unknown",0,36,16,756,0
"317","E06","MST2021030","Psefar",0,14889,0,14889,14889,NA,"ddpcr0023",NA,4.07,"2021-nov-24","2021-05-31","2021-05-26","2021-05-26","N_A",1,"MST-SX21",400,"MST_MJL",93740007,"SkiveFjord",56.6208333333333,9.06681944444444,5,"MST2021030","MST2021030_2021-05-26","MST2021030::2021-05-26","MST2021030STEX21_08","PHELD_NICRA",NA,"Sif","MST2021030STEX21_08","21_08",115.9,"MST2021030","nej",1600,TRUE,26,5,2021,14889,"Psefar","Unknown",0,22,16,742,0
"318","E07","MST2021006","Psefar",0.378883332014084,15528,5,15523,15528,NA,"ddpcr0023",NA,7.65,"2022-jan-11","2021-08-25","2021-08-24","2021-08-24","_",96,"MST-SX24",400,"MSTSTO",99210007,"1001027Hovedeskov",54.7410833333333,12.0851805555556,106,"MST2021006","MST2021006_2021-08-24","MST2021006::2021-08-24","MST2021006STEX24_13","NicolaiEspenhainAnker",NA,"ABRA","MST2021006STEX24_13","24_13",17.3,"MST2021006","nej",1400,TRUE,24,8,2021,15528,"Psefar","Unknown",0.378883332014084,12,16,732,1
"319","F02","MST2021040","Psefar",14.6090126037598,10291,127,10164,10291,NA,"ddpcr0023",NA,4.92,"2021-dec-08","2021-09-22","2021-09-15","2021-09-15",NA,95,"MST-SX22",400,"MSToestjylland",93420310,"Tr3Fornaes",56.4437333333333,10.9524027777778,11,"MST2021040","MST2021040_2021-09-15","MST2021040::2021-09-15","MST2021040STEX22_09","JensDeding",NA,"Havana","MST2021040STEX22_09","22_09",15.7,"MST2021040","?",1270,FALSE,15,9,2021,10291,"Psefar","Unknown",14.6090126037598,26,16,746,1
"320","F03","NEKfeb2022","Psefar",0,17553,0,17553,17553,NA,"ddpcr0023",NA,NA,NA,NA,NA,NA,NA,NA,NA,NA,NA,NA,NA,NA,NA,NA,NA,NA,NA,NA,NA,NA,NA,NA,NA,NA,NA,NA,NA,NA,NA,NA,NA,17553,"Psefar","Unknown",0,48,16,768,0
"321","F04","MST2021062","Psefar",1e+06,15784,15784,0,15784,NA,"ddpcr0023",NA,19,"2022-feb-01","2021-05-21","2021-05-21","2021-05-21","12",1,"MST-SX25",400,"MSTFYN",95600002,"95600002_FYN6300043",54.9975833333333,10.1654166666667,361,"MST2021062","MST2021062_2021-05-21","MST2021062::2021-05-21","MST2021062STEX25_10","janeRobertsen",NA,"Frigg","MST2021062STEX25_10","25_10",112.2,"MST2021062","ja",1400,FALSE,21,5,2021,15784,"Psefar","Unknown",1e+06,34,16,754,1
"322","F05","MST1043","Psefar",561.491516113281,17298,6565,10733,17298,NA,"ddpcr0023",NA,3.06,"2022-jan-06","2021-04-12","2021-04-06","2021-04-06",NA,11,"MST-SX23",400,"MSTOJL",93500119,"Hevringbugt",56.6261666666667,10.3204,12,"MST1043","MST1043_2021-04-06","MST1043::2021-04-06","MST1043STEX23_02","JOCTH",NA,"Musling",NA,"23_02",64.3,"MST1043","nej",1500,FALSE,6,4,2021,17298,"Psefar","Unknown",561.491516113281,8,16,728,1
"323","F06","MST2021055","Psefar",0.0992425307631493,11855,1,11854,11855,NA,"ddpcr0023",NA,5.3,"2021-nov-24","2021-09-15","2021-09-14","2021-09-14","24",1,"MST-SX21",400,"STO",99000049,"99000049",55.25,15.9833333333333,909,"MST2021055","MST2021055_2021-09-14","MST2021055::2021-09-14","MST2021055STEX21_12","krmsk",NA,"sif","MST2021055STEX21_12","21_12",169.3,"MST2021055","ja",1500,FALSE,14,9,2021,11855,"Psefar","Unknown",0.0992425307631493,32,16,752,1
"324","F07","MST2021011","Psefar",4.3119592666626,15307,56,15251,15307,NA,"ddpcr0023",NA,4.23,"2021-dec-08","2021-08-03","2021-08-31","2021-08-31","_",4.1e+16,"MST-SX22",400,"MSTSTO",98210012,"0401011FemerenBaeltVest",54.73475,11.0846527777778,51,"MST2021011","MST2021011_2021-08-31","MST2021011::2021-08-31","MST2021011STEX22_05","NicolaiEspenhainAnker",NA,"ABRA","MST2021011STEX22_05","22_05",170.9,"MST2021011","nej",1500,TRUE,31,8,2021,15307,"Psefar","Unknown",4.3119592666626,14,16,734,1
"325","G02","MST2021081","Psefar",0,10500,0,10500,10500,NA,"ddpcr0023","RIB1510007",3.54,"2021-nov-24","2021-09-21","2021-09-20","2021-09-20",NA,1,"MST-SX21",400,"Sydjylland",91500007,"Soenderhooest",55.3375166666667,8.35012777777778,63,"MST2021081","MST2021081_2021-09-20","MST2021081::2021-09-20","MST2021081STEX21_22","LasseoerstedJensen",NA,"Haig","MST2021081STEX21_22","21_22",16,"MST2021081","nej",1300,FALSE,20,9,2021,10500,"Psefar","Unknown",0,41,16,761,0
"326","G03","MST1028","Psefar",1.10747492313385,15942,15,15927,15942,NA,"ddpcr0023",NA,7.15,"2022-jan-06","2021-03-26","2021-03-15","2021-03-15","17",282,"MST-SX23",400,"MSTSYD",95700008,"FFSB0011",54.8341666666667,9.81666666666667,292,"MST1028","MST1028_2021-03-15","MST1028::2021-03-15","MST1028STEX23_11","RasmusBillegrav",NA,"LivII",NA,"23_11",27.8,"MST1028","ja",1600,FALSE,15,3,2021,15942,"Psefar","Unknown",1.10747492313385,4,16,724,1
"327","G04","MST2021051","Psefar",0,17061,0,17061,17061,NA,"ddpcr0023",NA,22.5,"2022-feb-01","2021-06-10","2021-06-04","2021-06-04",NA,1,"MST-SX25",400,"MSTNJL",93730002,"93730002_VIB3708_1",56.9543333333333,9.07075,7,"MST2021051","MST2021051_2021-06-04","MST2021051::2021-06-04","MST2021051STEX25_16","RasmusBillegrav",NA,"Frigg","MST2021051STEX25_16","25_16",150.8,"MST2021051","nej",1700,FALSE,4,6,2021,17061,"Psefar","Unknown",0,30,16,750,0
"328","G05","MST1024","Psefar",1.30501461029053,17138,19,17119,17138,NA,"ddpcr0023",NA,1,"2022-jan-06","2021-04-19","2021-04-15","2021-04-15",NA,5,"MST-SX23",400,"MSTMJL",93770056,"NissumBredning",56.6008333333333,8.400225,6,"MST1024","MST1024_2021-04-15","MST1024::2021-04-15","MST1024STEX23_14","JOCTH",NA,"Musling",NA,"23_14",69,"MST1024","nej",1500,FALSE,15,4,2021,17138,"Psefar","Unknown",1.30501461029053,2,16,722,1
"329","G06","MST2021085","Psefar",458.357421875,13698,4420,9278,13698,NA,"ddpcr0023",NA,3.26,"2021-nov-24","2021-09-22","2021-09-16","2021-09-16","8.8E+016",1,"MST-SX21",400,"SJL",93000001,"93000001",56.1305,11.1501055555556,439,"MST2021085","MST2021085_2021-09-16","MST2021085::2021-09-16","MST2021085STEX21_24","krmsk",NA,"sif","MST2021085STEX21_24","21_24",173.2,"MST2021085","ja",1700,FALSE,16,9,2021,13698,"Psefar","Unknown",458.357421875,44,16,764,1
"330","G07","MST2021002","Psefar",3.05401682853699,16586,43,16543,16586,NA,"ddpcr0023",NA,5.4,"2021-dec-08","2021-07-08","2021-07-07","2021-07-07","_",57,"MST-SX22",400,"MSTSTO",96220363,"0101142EnoeNor",55.15755,11.6357944444444,67,"MST2021002","MST2021002_2021-07-07","MST2021002::2021-07-07","MST2021002STEX22_04","jakobOleLarsen",NA,"ABRA","MST2021002STEX22_04","22_04",20.4,"MST2021002","nej",1000,TRUE,7,7,2021,16586,"Psefar","Unknown",3.05401682853699,10,16,730,1
"331","H02","MST2021044","Psefar",6.19104242324829,10098,53,10045,10098,NA,"ddpcr0023","RIB1510007",2.62,"2021-dec-08","2021-05-20","2021-05-19","2021-05-19",NA,1,"MST-SX22",400,"Sydjylland",91500007,"Soenderhooest",55.3375166666667,8.35012777777778,55,"MST2021044","MST2021044_2021-05-19","MST2021044::2021-05-19","MST2021044STEX22_11","LasseoerstedJensen",NA,"Haig","MST2021044STEX22_11","22_11",11,"MST2021044","nej",1200,FALSE,19,5,2021,10098,"Psefar","Unknown",6.19104242324829,28,16,748,1
"332","H03","MST1027","Psefar",1.67069172859192,15503,22,15481,15503,NA,"ddpcr0023",NA,5.4,"2022-feb-01","2021-03-26","2021-03-19","2021-03-19","95",155,"MST-SX25",400,"MSTFYN",96510125,"Sydfynskeoehav_BF11",55.0262,10.3685111111111,165,"MST1027","MST1027_2021-03-19","MST1027::2021-03-19","MST1027STEX25_15","RasmusBillegrav",NA,"LivII",NA,"25_15",42,"MST1027","ja",1500,FALSE,19,3,2021,15503,"Psefar","Unknown",1.67069172859192,3,16,723,1
"333","H04","MST2021099","Psefar",575.074035644531,17388,6723,10665,17388,NA,"ddpcr0023",NA,5.4,"2022-jan-11","2021-08-25","2021-08-24","2021-08-24","3",1,"MST-SX24",400,"MSTOJL",94400007,"94400007_ARH170006",56.1544166666667,10.3166972222222,16,"MST2021099","MST2021099_2021-08-24","MST2021099::2021-08-24","MST2021099STEX24_19","RasmusBillegrav",NA,"Frigg","MST2021099STEX24_19","24_19",175.1,"MST2021099","ja",1500,FALSE,24,8,2021,17388,"Psefar","Unknown",575.074035644531,47,16,767,1
"334","H05","MST1031","Psefar",95.7545013427734,17437,1363,16074,17437,NA,"ddpcr0023",NA,17.5,"2022-feb-01","2021-03-26","2021-03-17","2021-03-17","Ingenlagdeling",89,"MST-SX25",400,"MST_SJL",93210013,"Isefjordydre",55.8656666666667,11.7835111111111,105,"MST1031","MST1031_2021-03-17","MST1031::2021-03-17","MST1031STEX25_11","PHELD_NIFSO",NA,"Daphne",NA,"25_11",33.6,"MST1031","nej",1500,FALSE,17,3,2021,17437,"Psefar","Unknown",95.7545013427734,5,16,725,1
"335","H06","MST1038","Psefar",224.639999389648,13721,2385,11336,13721,NA,"ddpcr0023",NA,2.61,"2022-jan-06","2021-04-16","2021-04-14","2021-04-14","3",111,"MST-SX23",400,"MST_STORSTRoeM",95220322,"BFKarrebaeksmindeBugt",55.1395,11.5002361111111,121,"MST1038","MST1038_2021-04-14","MST1038::2021-04-14","MST1038STEX23_09","Alkri",NA,"DAPHNE",NA,"23_09",60.3,"MST1038","ja",1700,FALSE,14,4,2021,13721,"Psefar","Unknown",224.639999389648,6,16,726,1
"336","H07","MST2021013","Psefar",0.0805718973278999,14602,1,14601,14602,NA,"ddpcr0023",NA,9.55,"2021-dec-08","2021-09-10","2021-08-25","2021-08-25",NA,1,"MST-SX22",400,"Sjaelland",93220011,"ROS60",55.713,12.04,48,"MST2021013","MST2021013_2021-08-25","MST2021013::2021-08-25","MST2021013STEX22_06","EmilGuddalLarsen",NA,"Mergus","MST2021013STEX22_06","22_06",17.9,"MST2021013","nej",1600,TRUE,25,8,2021,14602,"Psefar","Unknown",0.0805718973278999,16,16,736,1
"337","A02","MST1039","Psever",0,17056,0,17056,17056,NA,"ddpcr0024",NA,13.6,"2022-feb-01","2021-05-03","2021-04-26","2021-04-26","na",1,"MST-SX25",400,"MST_MJL",91320001,"RKB1",56.0778333333333,8.21670555555556,32,"MST1039","MST1039_2021-04-26","MST1039::2021-04-26","MST1039STEX25_19","JettePoulsenEngholm",NA,"Penelope",NA,"25_19",95,"MST1039","nej",570,FALSE,26,4,2021,17056,"Psever","Unknown",0,7,17,775,0
"338","A03","MST2021049","Psever",31.5448989868164,19957,528,19429,19957,NA,"ddpcr0024","LISD0027",7.75,"2022-jan-06","2021-05-21","2021-05-21","2021-05-21",NA,10,"MST-SX23",400,"Sydjylland",91650035,"ListerDyb",55.0938666666667,8.56828611111111,11,"MST2021049","MST2021049_2021-05-21","MST2021049::2021-05-21","MST2021049STEX23_10","LasseoerstedJensen",NA,"Fucus","MST2021049STEX23_10","23_10",11,"MST2021049","nej",500,FALSE,21,5,2021,19957,"Psever","Unknown",31.5448989868164,29,17,797,1
"339","A04","MST2021012","Psever",0,20230,0,20230,20230,NA,"ddpcr0024",NA,11,"2022-feb-01","2021-05-03","2021-04-27","2021-04-27","na",59,"MST-SX25",400,"MSTSYD",95130028,"VejleFjordindre_VF",55.7021833333333,9.66136111111111,69,"MST2021012","MST2021012_2021-04-27","MST2021012::2021-04-27","MST2021012STEX25_12","KRISTIANMCGREGOR",NA,"LIVII","MST2021012STEX25_12","25_12",81.7,"MST2021012","nej",1500,TRUE,27,4,2021,20230,"Psever","Unknown",0,15,17,783,0
"340","A05","MST2021058","Psever",5.73285436630249,18103,88,18015,18103,NA,"ddpcr0024",NA,3.7,"2021-nov-24","2021-09-03","2021-08-30","2021-08-30","17",1,"MST-SX21",400,"MSTOJL",94300001,"94300001_VEJ0006870",55.6743833333333,10.0845083333333,194,"MST2021058","MST2021058_2021-08-30","MST2021058::2021-08-30","MST2021058STEX21_13","KRISTIANMCGREGOR",NA,"Frigg","MST2021058STEX21_13","21_13",100.7,"MST2021058","ja",1500,FALSE,30,8,2021,18103,"Psever","Unknown",5.73285436630249,33,17,801,1
"341","A06","MST2021039","Psever",0,10936,0,10936,10936,NA,"ddpcr0024",NA,2.72,"2021-dec-08","2021-05-20","2021-05-07","2021-05-07","7m",1,"MST-SX22",400,"MST_NJL",93610032,"MariagerFjord",56.6626666666667,9.96678333333333,27,"MST2021039","MST2021039_2021-05-07","MST2021039::2021-05-07","MST2021039STEX22_08","PHELD_ALKRI",NA,"Sif","MST2021039STEX22_08","22_08",92.8,"MST2021039","ja",1800,FALSE,7,5,2021,10936,"Psever","Unknown",0,25,17,793,0
"342","A07","MST2021043","Psever",0.141317784786224,16651,2,16649,16651,NA,"ddpcr0024","Dererkunenproevetilraadighed_proeve2erbortkommet",4.41,"2021-dec-08","2021-05-20","2021-05-17","2021-05-17","4",1,"MST-SX22",400,"MSTSJL",93000001,"VSJ20925",56.1316666666667,11.1513361111111,48,"MST2021043","MST2021043_2021-05-17","MST2021043::2021-05-17","MST2021043STEX22_10","alkri_nifso",NA,"Sif","MST2021043STEX22_10","22_10",10.6,"MST2021043","ja",1500,FALSE,17,5,2021,16651,"Psever","Unknown",0.141317784786224,27,17,795,1
"343","B02","MST2021015","Psever",0,9570,0,9570,9570,NA,"ddpcr0024",NA,5.4,"2021-nov-24","2021-09-08","2021-09-02","2021-09-02","na",1,"MST-SX21",400,"MST_MJL",91320001,"RKB1",56.0778333333333,8.21678611111111,32,"MST2021015","MST2021015_2021-09-02","MST2021015::2021-09-02","MST2021015STEX21_03","BentJensen",NA,"Penelope","MST2021015STEX21_03","21_03",17.5,"MST2021015","nej",925,TRUE,2,9,2021,9570,"Psever","Unknown",0,17,17,785,0
"344","B03","MST2021052","Psever",0,20004,0,20004,20004,NA,"ddpcr0024",NA,8.95,"2021-nov-24","2021-06-15","2021-06-14","2021-06-14","26",1,"MST-SX21",400,"Fyn",94230001,"FYN6900017",55.4678333333333,10.5169333333333,84,"MST2021052","MST2021052_2021-06-14","MST2021052::2021-06-14","MST2021052STEX21_10","FlemmingNoergaard",NA,"Belone","MST2021052STEX21_10","21_10",17.8,"MST2021052","ja",610,FALSE,14,6,2021,20004,"Psever","Unknown",0,31,17,799,0
"345","B04","MST2021075","Psever",0.0604636035859585,19458,1,19457,19458,NA,"ddpcr0024",NA,4.86,"2021-dec-08","2021-05-20","2021-05-11","2021-05-11","13",1,"MST-SX22",400,"MSTOJL",94300001,"VEJ0006870_94300001",55.6743833333333,10.0845083333333,21,"MST2021075","MST2021075_2021-05-11","MST2021075::2021-05-11","MST2021075STEX22_13","janeRobertsen",NA,"Frigg","MST2021075STEX22_13","22_13",98.1,"MST2021075","ja",1100,FALSE,11,5,2021,19458,"Psever","Unknown",0.0604636035859585,38,17,806,1
"346","B05","MST2021064","Psever",0.248830497264862,18914,4,18910,18914,NA,"ddpcr0024","Breddegrad:56572400",2.96,"2021-nov-24","2021-09-08","2021-09-02","2021-09-02","na",1,"MST-SX21",400,"MSTNJL",93730002,"93730002_VIB3708_1",56.954,9.05020833333333,76,"MST2021064","MST2021064_2021-09-02","MST2021064::2021-09-02","MST2021064STEX21_15","kristianmcgregor",NA,"Frigg","MST2021064STEX21_15","21_15",173.7,"MST2021064","nej",700,FALSE,2,9,2021,18914,"Psever","Unknown",0.248830497264862,35,17,803,1
"347","B06","MST1054","Psever",0,15642,0,15642,15642,NA,"ddpcr0024",NA,6.85,"2022-jan-11","2021-05-31","2021-05-18","2021-05-18","38m",1,"MST-SX24",400,"MST_FYN",99000052,"DMU444_Arkona",55,13.3,48,"MST1054","MST1054_2021-05-18","MST1054::2021-05-18","MST1054STEX24_23","ALKRI_NIFSO",NA,"Sif",NA,"24_23",92,"MST1054","ja",1400,FALSE,18,5,2021,15642,"Psever","Unknown",0,9,17,777,0
"348","B07","MST2021076","Psever",0,17009,0,17009,17009,NA,"ddpcr0024",NA,7.4,"2022-feb-01","2021-09-08","2021-09-02","2021-09-02","42",1,"MST-SX25",400,"MSTFYN",99000052,"DMU444",54.9996666666667,13.3,457,"MST2021076","MST2021076_2021-09-02","MST2021076::2021-09-02","MST2021076STEX25_04","alkri",NA,"Sif","MST2021076STEX25_04","25_04",17.5,"MST2021076","ja",1800,FALSE,2,9,2021,17009,"Psever","Unknown",0,39,17,807,0
"349","C02","MST2021028","Psever",2.56164908409119,17471,38,17433,17471,NA,"ddpcr0024","VandproeverneernedkoeletogtransporterettilAalborghvorfiltreringenskete",0.58,"2021-nov-24","2021-10-09","2021-09-27","2021-09-27",NA,NA,"MST-SX21",400,"Nordjylland",92200001,"HirtshalsNOR7715_92200001",57.6078333333333,9.90025555555555,18,"MST2021028","MST2021028_2021-09-27","MST2021028::2021-09-27","MST2021028STEX21_06","SvendaageBendtsen",NA,"MagretheGaardbo","MST2021028STEX21_06","21_06",15,"MST2021028","nej",1200,TRUE,27,9,2021,17471,"Psever","Unknown",2.56164908409119,20,17,788,1
"350","C03","MST2021071","Psever",0.535070180892944,19793,9,19784,19793,NA,"ddpcr0024",NA,6.5,"2022-jan-11","2021-10-21","2021-10-13","2021-10-13",NA,1,"MST-SX24",400,"Fyn",94230001,"FYN6900017",55.4678333333333,10.5169333333333,98,"MST2021071","MST2021071_2021-10-13","MST2021071::2021-10-13","MST2021071STEX24_04","FlemmingNoergaard&PauliJoergensen",NA,"Belone","MST2021071STEX24_04","24_04",11.4,"MST2021071","nej",1500,FALSE,13,10,2021,19793,"Psever","Unknown",0.535070180892944,37,17,805,1
"351","C04","MST1022","Psever",0.0584160797297955,20140,1,20139,20140,NA,"ddpcr0024",NA,0.428,"2021-dec-08","2021-05-20","2021-05-17","2021-05-17","9",1,"MST-SX22",400,"MSTOJL",94400007,"ARH1700006_94400007",56.1547333333333,10.3170055555556,162,"MST1022","MST1022_2021-05-17","MST1022::2021-05-17","MST1022STEX22_02","janeRobertsen",NA,"Frigg",NA,"22_02",10.9,"MST1022","ja",1100,FALSE,17,5,2021,20140,"Psever","Unknown",0.0584160797297955,1,17,769,1
"352","C05","MST2021079","Psever",0,16993,0,16993,16993,NA,"ddpcr0024",NA,7.6,"2021-nov-24","2021-09-08","2021-09-06","2021-09-06","2",1,"MST-SX21",400,"MSTMJL",93740007,"93740007_VIB3727_1",56.6208333333333,9.06681944444444,51,"MST2021079","MST2021079_2021-09-06","MST2021079::2021-09-06","MST2021079STEX21_21","RasmusBillegrav",NA,"Frigg","MST2021079STEX21_21","21_21",173.5,"MST2021079","ja",1100,FALSE,6,9,2021,16993,"Psever","Unknown",0,40,17,808,0
"353","C06","MST2021008","Psever",0,15573,0,15573,15573,NA,"ddpcr0024",NA,9.1,"2022-jan-11","2021-05-31","2021-05-19","2021-05-19","86",1,"MST-SX24",400,"MST_SJL",97200002,"KBH431_Ven",55.8666666666667,12.75,55,"MST2021008","MST2021008_2021-05-19","MST2021008::2021-05-19","MST2021008STEX24_05","ALKRI_NIFSO",NA,"Sif","MST2021008STEX24_05","24_05",11.8,"MST2021008","ja",1300,FALSE,19,5,2021,15573,"Psever","Unknown",0,13,17,781,0
"354","C07","MST2021029","Psever",0,17146,0,17146,17146,NA,"ddpcr0024",NA,5.7,"2021-nov-24","2021-09-15","2021-09-07","2021-09-07","12",1,"MST-SX21",400,"MSTSJL",97200002,"KBH431",55.8616666666667,12.7336055555556,501,"MST2021029","MST2021029_2021-09-07","MST2021029::2021-09-07","MST2021029STEX21_07","alkri",NA,"Sif","MST2021029STEX21_07","21_07",17.1,"MST2021029","ja",1800,TRUE,7,9,2021,17146,"Psever","Unknown",0,21,17,789,0
"355","D02","MST2021031","Psever",0,17707,0,17707,17707,NA,"ddpcr0024","ErudtagetmedLindahlslangesomdybdeintegredetproeverfra0_10metersammenmedplanktonproeverneogsaaprofilmaalingerchlAogvandkemi",0.97,"2021-nov-24","2021-07-03","2021-06-17","2021-06-17",NA,4,"MST-SX21",400,"Nordjylland",92200001,"HirtshalsNOR7715_92200001",57.6078333333333,9.90025555555555,15,"MST2021031","MST2021031_2021-06-17","MST2021031::2021-06-17","MST2021031STEX21_09","SvendaageBendtsen",NA,"MagretheGaardbo","MST2021031STEX21_09","21_09",14,"MST2021031","nej",1200,FALSE,17,6,2021,17707,"Psever","Unknown",0,23,17,791,0
"356","D03","MST2021005","Psever",0,19362,0,19362,19362,NA,"ddpcr0024",NA,11.7,"2022-jan-11","2021-06-10","2021-06-01","2021-06-01",NA,1,"MST-SX24",400,"Sjaelland",93220011,"ROS60_322RoskildeFjord",55.713,12.04,48,"MST2021005","MST2021005_2021-06-01","MST2021005::2021-06-01","MST2021005STEX24_12","EmilGuddalLarsen",NA,"Mergus","MST2021005STEX24_12","24_12",17.1,"MST2021005","nej",1600,TRUE,1,6,2021,19362,"Psever","Unknown",0,11,17,779,0
"357","D04","MST2021089","Psever",0.0589251779019833,19966,1,19965,19966,NA,"ddpcr0024",NA,5.7,"2022-jan-06","2021-05-20","2021-05-17","2021-05-17","75",13,"MST-SX23",400,"MSTOJL",94510035,"EbeltoftVig",56.2094,10.6003444444444,14,"MST2021089","MST2021089_2021-05-17","MST2021089::2021-05-17","MST2021089STEX23_06","janeRobertsen",NA,"Frigg","MST2021089STEX23_06","23_06",77.3,"MST2021089","ja",1400,FALSE,17,5,2021,19966,"Psever","Unknown",0.0589251779019833,46,17,814,1
"358","D05","MST2021082","Psever",31.0848159790039,16797,438,16359,16797,NA,"ddpcr0024",NA,4.09,"2021-nov-24","2021-09-08","2021-09-07","2021-09-07","4",1,"MST-SX21",400,"MSTNJL",93000005,"93000005_NOR409",56.8561,10.7845083333333,146,"MST2021082","MST2021082_2021-09-07","MST2021082::2021-09-07","MST2021082STEX21_23","RasmusBillegrav",NA,"Frigg","MST2021082STEX21_23","21_23",160.3,"MST2021082","ja",1500,FALSE,7,9,2021,16797,"Psever","Unknown",31.0848159790039,42,17,810,1
"359","D06","MST2021019","Psever",0.0757181420922279,15538,1,15537,15538,NA,"ddpcr0024",NA,3.86,"2022-jan-11","2021-05-31","2021-05-25","2021-05-25","11m",1,"MST-SX24",400,"MST_NJL",93000005,"NOR409_aalborgBugt",56.8566666666667,10.7834722222222,146,"MST2021019","MST2021019_2021-05-25","MST2021019::2021-05-25","MST2021019STEX24_21","ALKRI_NICRA",NA,"Sif","MST2021019STEX24_21","24_21",88,"MST2021019","ja",1650,TRUE,25,5,2021,15538,"Psever","Unknown",0.0757181420922279,18,17,786,1
"360","D07","MST2021083","Psever",0,15289,0,15289,15289,NA,"ddpcr0024",NA,7.8,"2022-jan-11","2021-10-29","2021-10-22","2021-10-22","12",1,"MST-SX24",400,"MSTFYN",95600002,"FYN6300043",54.9976833333333,10.1517305555556,34,"MST2021083","MST2021083_2021-10-22","MST2021083::2021-10-22","MST2021083STEX24_03","alkri",NA,"Sif","MST2021083STEX24_03","24_03",12.5,"MST2021083","ja",1500,FALSE,22,10,2021,15289,"Psever","Unknown",0,43,17,811,0
"361","E02","MST2021032","Psever",0.425717622041702,16584,6,16578,16584,NA,"ddpcr0024","erudtagetmedNiskinvandhenter",3.28,"2022-jan-11","2021-07-03","2021-06-23","2021-06-23",NA,3,"MST-SX24",400,"Nordjylland",93920064,"KragskovRevSyd",57.5407666666667,10.4687805555556,4,"MST2021032","MST2021032_2021-06-23","MST2021032::2021-06-23","MST2021032STEX24_11","SvendaageBendtsen",NA,"Pingo","MST2021032STEX24_11","24_11",15.7,"MST2021032","nej",1400,FALSE,23,6,2021,16584,"Psever","Unknown",0.425717622041702,24,17,792,1
"362","E03","MST2021025","Psever",0,18874,0,18874,18874,NA,"ddpcr0024","Datoforoverfoerseltil_80Cfryserenilaboratorieterikkedokumenteremenproevemersenestblevetoverfoertd15_06_2021ogmuligvisvedentidligeredato
",3.16,"2022-jan-11","2021-06-15","2021-06-10","2021-06-10",NA,28,"MST-SX24",400,"Sjaelland",99150002,"FranksRev",55.0334833333333,15.5078333333333,39,"MST2021025","MST2021025_2021-06-10","MST2021025::2021-06-10","MST2021025STEX24_02","EmilGuddalLarsen",NA,"Mergus","MST2021025STEX24_02","24_02",16.8,"MST2021025","nej",1750,TRUE,10,6,2021,18874,"Psever","Unknown",0,19,17,787,0
"363","E04","MST2021088","Psever",0.0615357160568237,19119,1,19118,19119,NA,"ddpcr0024",NA,16.5,"2022-feb-01","2021-05-21","2021-05-20","2021-05-20","75",188,"MST-SX25",400,"MSTFYN",96700057,"KertemindeBugt",55.4392166666667,10.8276944444444,198,"MST2021088","MST2021088_2021-05-20","MST2021088::2021-05-20","MST2021088STEX25_03","janeRobertsen",NA,"Frigg","MST2021088STEX25_03","25_03",73.7,"MST2021088","ja",1600,FALSE,20,5,2021,19119,"Psever","Unknown",0.0615357160568237,45,17,813,1
"364","E05","MST2021070","Psever",0,17429,0,17429,17429,NA,"ddpcr0024",NA,9.1,"2022-jan-11","2021-10-27","2021-10-26","2021-10-26","86",1,"MST-SX24",400,"MSTNJL",93610032,"93610032",56.6626666666667,9.96678333333333,28,"MST2021070","MST2021070_2021-10-26","MST2021070::2021-10-26","MST2021070STEX24_16","RasmusBillegrav",NA,"Frigg","MST2021070STEX24_16","24_16",107.4,"MST2021070","ja",1200,FALSE,26,10,2021,17429,"Psever","Unknown",0,36,17,804,0
"365","E06","MST2021030","Psever",0,15996,0,15996,15996,NA,"ddpcr0024",NA,4.07,"2021-nov-24","2021-05-31","2021-05-26","2021-05-26","N_A",1,"MST-SX21",400,"MST_MJL",93740007,"SkiveFjord",56.6208333333333,9.06681944444444,5,"MST2021030","MST2021030_2021-05-26","MST2021030::2021-05-26","MST2021030STEX21_08","PHELD_NICRA",NA,"Sif","MST2021030STEX21_08","21_08",115.9,"MST2021030","nej",1600,TRUE,26,5,2021,15996,"Psever","Unknown",0,22,17,790,0
"366","E07","MST2021006","Psever",0,18003,0,18003,18003,NA,"ddpcr0024",NA,7.65,"2022-jan-11","2021-08-25","2021-08-24","2021-08-24","_",96,"MST-SX24",400,"MSTSTO",99210007,"1001027Hovedeskov",54.7410833333333,12.0851805555556,106,"MST2021006","MST2021006_2021-08-24","MST2021006::2021-08-24","MST2021006STEX24_13","NicolaiEspenhainAnker",NA,"ABRA","MST2021006STEX24_13","24_13",17.3,"MST2021006","nej",1400,TRUE,24,8,2021,18003,"Psever","Unknown",0,12,17,780,0
"367","F02","MST2021040","Psever",5.68452405929565,18464,89,18375,18464,NA,"ddpcr0024",NA,4.92,"2021-dec-08","2021-09-22","2021-09-15","2021-09-15",NA,95,"MST-SX22",400,"MSToestjylland",93420310,"Tr3Fornaes",56.4437333333333,10.9524027777778,11,"MST2021040","MST2021040_2021-09-15","MST2021040::2021-09-15","MST2021040STEX22_09","JensDeding",NA,"Havana","MST2021040STEX22_09","22_09",15.7,"MST2021040","?",1270,FALSE,15,9,2021,18464,"Psever","Unknown",5.68452405929565,26,17,794,1
"368","F03","NEKfeb2022","Psever",0,18921,0,18921,18921,NA,"ddpcr0024",NA,NA,NA,NA,NA,NA,NA,NA,NA,NA,NA,NA,NA,NA,NA,NA,NA,NA,NA,NA,NA,NA,NA,NA,NA,NA,NA,NA,NA,NA,NA,NA,NA,18921,"Psever","Unknown",0,48,17,816,0
"369","F04","MST2021062","Psever",2.21696782112122,19122,36,19086,19122,NA,"ddpcr0024",NA,19,"2022-feb-01","2021-05-21","2021-05-21","2021-05-21","12",1,"MST-SX25",400,"MSTFYN",95600002,"95600002_FYN6300043",54.9975833333333,10.1654166666667,361,"MST2021062","MST2021062_2021-05-21","MST2021062::2021-05-21","MST2021062STEX25_10","janeRobertsen",NA,"Frigg","MST2021062STEX25_10","25_10",112.2,"MST2021062","ja",1400,FALSE,21,5,2021,19122,"Psever","Unknown",2.21696782112122,34,17,802,1
"370","F05","MST1043","Psever",0,18606,0,18606,18606,NA,"ddpcr0024",NA,3.06,"2022-jan-06","2021-04-12","2021-04-06","2021-04-06",NA,11,"MST-SX23",400,"MSTOJL",93500119,"Hevringbugt",56.6261666666667,10.3204,12,"MST1043","MST1043_2021-04-06","MST1043::2021-04-06","MST1043STEX23_02","JOCTH",NA,"Musling",NA,"23_02",64.3,"MST1043","nej",1500,FALSE,6,4,2021,18606,"Psever","Unknown",0,8,17,776,0
"371","F06","MST2021055","Psever",0,16373,0,16373,16373,NA,"ddpcr0024",NA,5.3,"2021-nov-24","2021-09-15","2021-09-14","2021-09-14","24",1,"MST-SX21",400,"STO",99000049,"99000049",55.25,15.9833333333333,909,"MST2021055","MST2021055_2021-09-14","MST2021055::2021-09-14","MST2021055STEX21_12","krmsk",NA,"sif","MST2021055STEX21_12","21_12",169.3,"MST2021055","ja",1500,FALSE,14,9,2021,16373,"Psever","Unknown",0,32,17,800,0
"372","F07","MST2021011","Psever",0,17373,0,17373,17373,NA,"ddpcr0024",NA,4.23,"2021-dec-08","2021-08-03","2021-08-31","2021-08-31","_",4.1e+16,"MST-SX22",400,"MSTSTO",98210012,"0401011FemerenBaeltVest",54.73475,11.0846527777778,51,"MST2021011","MST2021011_2021-08-31","MST2021011::2021-08-31","MST2021011STEX22_05","NicolaiEspenhainAnker",NA,"ABRA","MST2021011STEX22_05","22_05",170.9,"MST2021011","nej",1500,TRUE,31,8,2021,17373,"Psever","Unknown",0,14,17,782,0
"373","G02","MST2021081","Psever",0,17409,0,17409,17409,NA,"ddpcr0024","RIB1510007",3.54,"2021-nov-24","2021-09-21","2021-09-20","2021-09-20",NA,1,"MST-SX21",400,"Sydjylland",91500007,"Soenderhooest",55.3375166666667,8.35012777777778,63,"MST2021081","MST2021081_2021-09-20","MST2021081::2021-09-20","MST2021081STEX21_22","LasseoerstedJensen",NA,"Haig","MST2021081STEX21_22","21_22",16,"MST2021081","nej",1300,FALSE,20,9,2021,17409,"Psever","Unknown",0,41,17,809,0
"374","G03","MST1028","Psever",0,18626,0,18626,18626,NA,"ddpcr0024",NA,7.15,"2022-jan-06","2021-03-26","2021-03-15","2021-03-15","17",282,"MST-SX23",400,"MSTSYD",95700008,"FFSB0011",54.8341666666667,9.81666666666667,292,"MST1028","MST1028_2021-03-15","MST1028::2021-03-15","MST1028STEX23_11","RasmusBillegrav",NA,"LivII",NA,"23_11",27.8,"MST1028","ja",1600,FALSE,15,3,2021,18626,"Psever","Unknown",0,4,17,772,0
"375","G04","MST2021051","Psever",0,19407,0,19407,19407,NA,"ddpcr0024",NA,22.5,"2022-feb-01","2021-06-10","2021-06-04","2021-06-04",NA,1,"MST-SX25",400,"MSTNJL",93730002,"93730002_VIB3708_1",56.9543333333333,9.07075,7,"MST2021051","MST2021051_2021-06-04","MST2021051::2021-06-04","MST2021051STEX25_16","RasmusBillegrav",NA,"Frigg","MST2021051STEX25_16","25_16",150.8,"MST2021051","nej",1700,FALSE,4,6,2021,19407,"Psever","Unknown",0,30,17,798,0
"376","G05","MST1024","Psever",23.5280895233154,16919,335,16584,16919,NA,"ddpcr0024",NA,1,"2022-jan-06","2021-04-19","2021-04-15","2021-04-15",NA,5,"MST-SX23",400,"MSTMJL",93770056,"NissumBredning",56.6008333333333,8.400225,6,"MST1024","MST1024_2021-04-15","MST1024::2021-04-15","MST1024STEX23_14","JOCTH",NA,"Musling",NA,"23_14",69,"MST1024","nej",1500,FALSE,15,4,2021,16919,"Psever","Unknown",23.5280895233154,2,17,770,1
"377","G06","MST2021085","Psever",2.3779673576355,10400,21,10379,10400,NA,"ddpcr0024",NA,3.26,"2021-nov-24","2021-09-22","2021-09-16","2021-09-16","8.8E+016",1,"MST-SX21",400,"SJL",93000001,"93000001",56.1305,11.1501055555556,439,"MST2021085","MST2021085_2021-09-16","MST2021085::2021-09-16","MST2021085STEX21_24","krmsk",NA,"sif","MST2021085STEX21_24","21_24",173.2,"MST2021085","ja",1700,FALSE,16,9,2021,10400,"Psever","Unknown",2.3779673576355,44,17,812,1
"378","G07","MST2021002","Psever",0,17925,0,17925,17925,NA,"ddpcr0024",NA,5.4,"2021-dec-08","2021-07-08","2021-07-07","2021-07-07","_",57,"MST-SX22",400,"MSTSTO",96220363,"0101142EnoeNor",55.15755,11.6357944444444,67,"MST2021002","MST2021002_2021-07-07","MST2021002::2021-07-07","MST2021002STEX22_04","jakobOleLarsen",NA,"ABRA","MST2021002STEX22_04","22_04",20.4,"MST2021002","nej",1000,TRUE,7,7,2021,17925,"Psever","Unknown",0,10,17,778,0
"379","H02","MST2021044","Psever",74.135009765625,18143,1108,17035,18143,NA,"ddpcr0024","RIB1510007",2.62,"2021-dec-08","2021-05-20","2021-05-19","2021-05-19",NA,1,"MST-SX22",400,"Sydjylland",91500007,"Soenderhooest",55.3375166666667,8.35012777777778,55,"MST2021044","MST2021044_2021-05-19","MST2021044::2021-05-19","MST2021044STEX22_11","LasseoerstedJensen",NA,"Haig","MST2021044STEX22_11","22_11",11,"MST2021044","nej",1200,FALSE,19,5,2021,18143,"Psever","Unknown",74.135009765625,28,17,796,1
"380","H03","MST1027","Psever",0,19496,0,19496,19496,NA,"ddpcr0024",NA,5.4,"2022-feb-01","2021-03-26","2021-03-19","2021-03-19","95",155,"MST-SX25",400,"MSTFYN",96510125,"Sydfynskeoehav_BF11",55.0262,10.3685111111111,165,"MST1027","MST1027_2021-03-19","MST1027::2021-03-19","MST1027STEX25_15","RasmusBillegrav",NA,"LivII",NA,"25_15",42,"MST1027","ja",1500,FALSE,19,3,2021,19496,"Psever","Unknown",0,3,17,771,0
"381","H04","MST2021099","Psever",20.6495037078857,19369,337,19032,19369,NA,"ddpcr0024",NA,5.4,"2022-jan-11","2021-08-25","2021-08-24","2021-08-24","3",1,"MST-SX24",400,"MSTOJL",94400007,"94400007_ARH170006",56.1544166666667,10.3166972222222,16,"MST2021099","MST2021099_2021-08-24","MST2021099::2021-08-24","MST2021099STEX24_19","RasmusBillegrav",NA,"Frigg","MST2021099STEX24_19","24_19",175.1,"MST2021099","ja",1500,FALSE,24,8,2021,19369,"Psever","Unknown",20.6495037078857,47,17,815,1
"382","H05","MST1031","Psever",0,18309,0,18309,18309,NA,"ddpcr0024",NA,17.5,"2022-feb-01","2021-03-26","2021-03-17","2021-03-17","Ingenlagdeling",89,"MST-SX25",400,"MST_SJL",93210013,"Isefjordydre",55.8656666666667,11.7835111111111,105,"MST1031","MST1031_2021-03-17","MST1031::2021-03-17","MST1031STEX25_11","PHELD_NIFSO",NA,"Daphne",NA,"25_11",33.6,"MST1031","nej",1500,FALSE,17,3,2021,18309,"Psever","Unknown",0,5,17,773,0
"383","H06","MST1038","Psever",0,17340,0,17340,17340,NA,"ddpcr0024",NA,2.61,"2022-jan-06","2021-04-16","2021-04-14","2021-04-14","3",111,"MST-SX23",400,"MST_STORSTRoeM",95220322,"BFKarrebaeksmindeBugt",55.1395,11.5002361111111,121,"MST1038","MST1038_2021-04-14","MST1038::2021-04-14","MST1038STEX23_09","Alkri",NA,"DAPHNE",NA,"23_09",60.3,"MST1038","ja",1700,FALSE,14,4,2021,17340,"Psever","Unknown",0,6,17,774,0
"384","H07","MST2021013","Psever",0,17084,0,17084,17084,NA,"ddpcr0024",NA,9.55,"2021-dec-08","2021-09-10","2021-08-25","2021-08-25",NA,1,"MST-SX22",400,"Sjaelland",93220011,"ROS60",55.713,12.04,48,"MST2021013","MST2021013_2021-08-25","MST2021013::2021-08-25","MST2021013STEX22_06","EmilGuddalLarsen",NA,"Mergus","MST2021013STEX22_06","22_06",17.9,"MST2021013","nej",1600,TRUE,25,8,2021,17084,"Psever","Unknown",0,16,17,784,0
"385","A02","MST1039","Hemsan",0,16959,0,16959,16959,NA,"ddpcr0025",NA,13.6,"2022-feb-01","2021-05-03","2021-04-26","2021-04-26","na",1,"MST-SX25",400,"MST_MJL",91320001,"RKB1",56.0778333333333,8.21670555555556,32,"MST1039","MST1039_2021-04-26","MST1039::2021-04-26","MST1039STEX25_19","JettePoulsenEngholm",NA,"Penelope",NA,"25_19",95,"MST1039","nej",570,FALSE,26,4,2021,16959,"Hemsan","Unknown",0,7,8,343,0
"386","A03","MST2021049","Hemsan",0,17911,0,17911,17911,NA,"ddpcr0025","LISD0027",7.75,"2022-jan-06","2021-05-21","2021-05-21","2021-05-21",NA,10,"MST-SX23",400,"Sydjylland",91650035,"ListerDyb",55.0938666666667,8.56828611111111,11,"MST2021049","MST2021049_2021-05-21","MST2021049::2021-05-21","MST2021049STEX23_10","LasseoerstedJensen",NA,"Fucus","MST2021049STEX23_10","23_10",11,"MST2021049","nej",500,FALSE,21,5,2021,17911,"Hemsan","Unknown",0,29,8,365,0
"387","A04","MST2021012","Hemsan",0,19772,0,19772,19772,NA,"ddpcr0025",NA,11,"2022-feb-01","2021-05-03","2021-04-27","2021-04-27","na",59,"MST-SX25",400,"MSTSYD",95130028,"VejleFjordindre_VF",55.7021833333333,9.66136111111111,69,"MST2021012","MST2021012_2021-04-27","MST2021012::2021-04-27","MST2021012STEX25_12","KRISTIANMCGREGOR",NA,"LIVII","MST2021012STEX25_12","25_12",81.7,"MST2021012","nej",1500,TRUE,27,4,2021,19772,"Hemsan","Unknown",0,15,8,351,0
"388","A05","MST2021058","Hemsan",0,15070,0,15070,15070,NA,"ddpcr0025",NA,3.7,"2021-nov-24","2021-09-03","2021-08-30","2021-08-30","17",1,"MST-SX21",400,"MSTOJL",94300001,"94300001_VEJ0006870",55.6743833333333,10.0845083333333,194,"MST2021058","MST2021058_2021-08-30","MST2021058::2021-08-30","MST2021058STEX21_13","KRISTIANMCGREGOR",NA,"Frigg","MST2021058STEX21_13","21_13",100.7,"MST2021058","ja",1500,FALSE,30,8,2021,15070,"Hemsan","Unknown",0,33,8,369,0
"389","A06","MST2021039","Hemsan",0,17446,0,17446,17446,NA,"ddpcr0025",NA,2.72,"2021-dec-08","2021-05-20","2021-05-07","2021-05-07","7m",1,"MST-SX22",400,"MST_NJL",93610032,"MariagerFjord",56.6626666666667,9.96678333333333,27,"MST2021039","MST2021039_2021-05-07","MST2021039::2021-05-07","MST2021039STEX22_08","PHELD_ALKRI",NA,"Sif","MST2021039STEX22_08","22_08",92.8,"MST2021039","ja",1800,FALSE,7,5,2021,17446,"Hemsan","Unknown",0,25,8,361,0
"390","A07","MST2021043","Hemsan",0,17280,0,17280,17280,NA,"ddpcr0025","Dererkunenproevetilraadighed_proeve2erbortkommet",4.41,"2021-dec-08","2021-05-20","2021-05-17","2021-05-17","4",1,"MST-SX22",400,"MSTSJL",93000001,"VSJ20925",56.1316666666667,11.1513361111111,48,"MST2021043","MST2021043_2021-05-17","MST2021043::2021-05-17","MST2021043STEX22_10","alkri_nifso",NA,"Sif","MST2021043STEX22_10","22_10",10.6,"MST2021043","ja",1500,FALSE,17,5,2021,17280,"Hemsan","Unknown",0,27,8,363,0
"391","B02","MST2021015","Hemsan",0,17155,0,17155,17155,NA,"ddpcr0025",NA,5.4,"2021-nov-24","2021-09-08","2021-09-02","2021-09-02","na",1,"MST-SX21",400,"MST_MJL",91320001,"RKB1",56.0778333333333,8.21678611111111,32,"MST2021015","MST2021015_2021-09-02","MST2021015::2021-09-02","MST2021015STEX21_03","BentJensen",NA,"Penelope","MST2021015STEX21_03","21_03",17.5,"MST2021015","nej",925,TRUE,2,9,2021,17155,"Hemsan","Unknown",0,17,8,353,0
"392","B03","MST2021052","Hemsan",0,16630,0,16630,16630,NA,"ddpcr0025",NA,8.95,"2021-nov-24","2021-06-15","2021-06-14","2021-06-14","26",1,"MST-SX21",400,"Fyn",94230001,"FYN6900017",55.4678333333333,10.5169333333333,84,"MST2021052","MST2021052_2021-06-14","MST2021052::2021-06-14","MST2021052STEX21_10","FlemmingNoergaard",NA,"Belone","MST2021052STEX21_10","21_10",17.8,"MST2021052","ja",610,FALSE,14,6,2021,16630,"Hemsan","Unknown",0,31,8,367,0
"393","B04","MST2021075","Hemsan",0,19352,0,19352,19352,NA,"ddpcr0025",NA,4.86,"2021-dec-08","2021-05-20","2021-05-11","2021-05-11","13",1,"MST-SX22",400,"MSTOJL",94300001,"VEJ0006870_94300001",55.6743833333333,10.0845083333333,21,"MST2021075","MST2021075_2021-05-11","MST2021075::2021-05-11","MST2021075STEX22_13","janeRobertsen",NA,"Frigg","MST2021075STEX22_13","22_13",98.1,"MST2021075","ja",1100,FALSE,11,5,2021,19352,"Hemsan","Unknown",0,38,8,374,0
"394","B05","MST2021064","Hemsan",0,16957,0,16957,16957,NA,"ddpcr0025","Breddegrad:56572400",2.96,"2021-nov-24","2021-09-08","2021-09-02","2021-09-02","na",1,"MST-SX21",400,"MSTNJL",93730002,"93730002_VIB3708_1",56.954,9.05020833333333,76,"MST2021064","MST2021064_2021-09-02","MST2021064::2021-09-02","MST2021064STEX21_15","kristianmcgregor",NA,"Frigg","MST2021064STEX21_15","21_15",173.7,"MST2021064","nej",700,FALSE,2,9,2021,16957,"Hemsan","Unknown",0,35,8,371,0
"395","B06","MST1054","Hemsan",0,20651,0,20651,20651,NA,"ddpcr0025",NA,6.85,"2022-jan-11","2021-05-31","2021-05-18","2021-05-18","38m",1,"MST-SX24",400,"MST_FYN",99000052,"DMU444_Arkona",55,13.3,48,"MST1054","MST1054_2021-05-18","MST1054::2021-05-18","MST1054STEX24_23","ALKRI_NIFSO",NA,"Sif",NA,"24_23",92,"MST1054","ja",1400,FALSE,18,5,2021,20651,"Hemsan","Unknown",0,9,8,345,0
"396","B07","MST2021076","Hemsan",0,15177,0,15177,15177,NA,"ddpcr0025",NA,7.4,"2022-feb-01","2021-09-08","2021-09-02","2021-09-02","42",1,"MST-SX25",400,"MSTFYN",99000052,"DMU444",54.9996666666667,13.3,457,"MST2021076","MST2021076_2021-09-02","MST2021076::2021-09-02","MST2021076STEX25_04","alkri",NA,"Sif","MST2021076STEX25_04","25_04",17.5,"MST2021076","ja",1800,FALSE,2,9,2021,15177,"Hemsan","Unknown",0,39,8,375,0
"397","C02","MST2021028","Hemsan",0,17677,0,17677,17677,NA,"ddpcr0025","VandproeverneernedkoeletogtransporterettilAalborghvorfiltreringenskete",0.58,"2021-nov-24","2021-10-09","2021-09-27","2021-09-27",NA,NA,"MST-SX21",400,"Nordjylland",92200001,"HirtshalsNOR7715_92200001",57.6078333333333,9.90025555555555,18,"MST2021028","MST2021028_2021-09-27","MST2021028::2021-09-27","MST2021028STEX21_06","SvendaageBendtsen",NA,"MagretheGaardbo","MST2021028STEX21_06","21_06",15,"MST2021028","nej",1200,TRUE,27,9,2021,17677,"Hemsan","Unknown",0,20,8,356,0
"398","C03","MST2021071","Hemsan",0,17329,0,17329,17329,NA,"ddpcr0025",NA,6.5,"2022-jan-11","2021-10-21","2021-10-13","2021-10-13",NA,1,"MST-SX24",400,"Fyn",94230001,"FYN6900017",55.4678333333333,10.5169333333333,98,"MST2021071","MST2021071_2021-10-13","MST2021071::2021-10-13","MST2021071STEX24_04","FlemmingNoergaard&PauliJoergensen",NA,"Belone","MST2021071STEX24_04","24_04",11.4,"MST2021071","nej",1500,FALSE,13,10,2021,17329,"Hemsan","Unknown",0,37,8,373,0
"399","C04","MST1022","Hemsan",0,16818,0,16818,16818,NA,"ddpcr0025",NA,0.428,"2021-dec-08","2021-05-20","2021-05-17","2021-05-17","9",1,"MST-SX22",400,"MSTOJL",94400007,"ARH1700006_94400007",56.1547333333333,10.3170055555556,162,"MST1022","MST1022_2021-05-17","MST1022::2021-05-17","MST1022STEX22_02","janeRobertsen",NA,"Frigg",NA,"22_02",10.9,"MST1022","ja",1100,FALSE,17,5,2021,16818,"Hemsan","Unknown",0,1,8,337,0
"400","C05","MST2021079","Hemsan",0,14595,0,14595,14595,NA,"ddpcr0025",NA,7.6,"2021-nov-24","2021-09-08","2021-09-06","2021-09-06","2",1,"MST-SX21",400,"MSTMJL",93740007,"93740007_VIB3727_1",56.6208333333333,9.06681944444444,51,"MST2021079","MST2021079_2021-09-06","MST2021079::2021-09-06","MST2021079STEX21_21","RasmusBillegrav",NA,"Frigg","MST2021079STEX21_21","21_21",173.5,"MST2021079","ja",1100,FALSE,6,9,2021,14595,"Hemsan","Unknown",0,40,8,376,0
"401","C06","MST2021008","Hemsan",0,17677,0,17677,17677,NA,"ddpcr0025",NA,9.1,"2022-jan-11","2021-05-31","2021-05-19","2021-05-19","86",1,"MST-SX24",400,"MST_SJL",97200002,"KBH431_Ven",55.8666666666667,12.75,55,"MST2021008","MST2021008_2021-05-19","MST2021008::2021-05-19","MST2021008STEX24_05","ALKRI_NIFSO",NA,"Sif","MST2021008STEX24_05","24_05",11.8,"MST2021008","ja",1300,FALSE,19,5,2021,17677,"Hemsan","Unknown",0,13,8,349,0
"402","C07","MST2021029","Hemsan",0,13416,0,13416,13416,NA,"ddpcr0025",NA,5.7,"2021-nov-24","2021-09-15","2021-09-07","2021-09-07","12",1,"MST-SX21",400,"MSTSJL",97200002,"KBH431",55.8616666666667,12.7336055555556,501,"MST2021029","MST2021029_2021-09-07","MST2021029::2021-09-07","MST2021029STEX21_07","alkri",NA,"Sif","MST2021029STEX21_07","21_07",17.1,"MST2021029","ja",1800,TRUE,7,9,2021,13416,"Hemsan","Unknown",0,21,8,357,0
"403","D02","MST2021031","Hemsan",0,9540,0,9540,9540,NA,"ddpcr0025","ErudtagetmedLindahlslangesomdybdeintegredetproeverfra0_10metersammenmedplanktonproeverneogsaaprofilmaalingerchlAogvandkemi",0.97,"2021-nov-24","2021-07-03","2021-06-17","2021-06-17",NA,4,"MST-SX21",400,"Nordjylland",92200001,"HirtshalsNOR7715_92200001",57.6078333333333,9.90025555555555,15,"MST2021031","MST2021031_2021-06-17","MST2021031::2021-06-17","MST2021031STEX21_09","SvendaageBendtsen",NA,"MagretheGaardbo","MST2021031STEX21_09","21_09",14,"MST2021031","nej",1200,FALSE,17,6,2021,9540,"Hemsan","Unknown",0,23,8,359,0
"404","D03","MST2021005","Hemsan",0,17460,0,17460,17460,NA,"ddpcr0025",NA,11.7,"2022-jan-11","2021-06-10","2021-06-01","2021-06-01",NA,1,"MST-SX24",400,"Sjaelland",93220011,"ROS60_322RoskildeFjord",55.713,12.04,48,"MST2021005","MST2021005_2021-06-01","MST2021005::2021-06-01","MST2021005STEX24_12","EmilGuddalLarsen",NA,"Mergus","MST2021005STEX24_12","24_12",17.1,"MST2021005","nej",1600,TRUE,1,6,2021,17460,"Hemsan","Unknown",0,11,8,347,0
"405","D04","MST2021089","Hemsan",0,17883,0,17883,17883,NA,"ddpcr0025",NA,5.7,"2022-jan-06","2021-05-20","2021-05-17","2021-05-17","75",13,"MST-SX23",400,"MSTOJL",94510035,"EbeltoftVig",56.2094,10.6003444444444,14,"MST2021089","MST2021089_2021-05-17","MST2021089::2021-05-17","MST2021089STEX23_06","janeRobertsen",NA,"Frigg","MST2021089STEX23_06","23_06",77.3,"MST2021089","ja",1400,FALSE,17,5,2021,17883,"Hemsan","Unknown",0,46,8,382,0
"406","D05","MST2021082","Hemsan",0,8623,0,8623,8623,NA,"ddpcr0025",NA,4.09,"2021-nov-24","2021-09-08","2021-09-07","2021-09-07","4",1,"MST-SX21",400,"MSTNJL",93000005,"93000005_NOR409",56.8561,10.7845083333333,146,"MST2021082","MST2021082_2021-09-07","MST2021082::2021-09-07","MST2021082STEX21_23","RasmusBillegrav",NA,"Frigg","MST2021082STEX21_23","21_23",160.3,"MST2021082","ja",1500,FALSE,7,9,2021,8623,"Hemsan","Unknown",0,42,8,378,0
"407","D06","MST2021019","Hemsan",0,19443,0,19443,19443,NA,"ddpcr0025",NA,3.86,"2022-jan-11","2021-05-31","2021-05-25","2021-05-25","11m",1,"MST-SX24",400,"MST_NJL",93000005,"NOR409_aalborgBugt",56.8566666666667,10.7834722222222,146,"MST2021019","MST2021019_2021-05-25","MST2021019::2021-05-25","MST2021019STEX24_21","ALKRI_NICRA",NA,"Sif","MST2021019STEX24_21","24_21",88,"MST2021019","ja",1650,TRUE,25,5,2021,19443,"Hemsan","Unknown",0,18,8,354,0
"408","D07","MST2021083","Hemsan",0,10476,0,10476,10476,NA,"ddpcr0025",NA,7.8,"2022-jan-11","2021-10-29","2021-10-22","2021-10-22","12",1,"MST-SX24",400,"MSTFYN",95600002,"FYN6300043",54.9976833333333,10.1517305555556,34,"MST2021083","MST2021083_2021-10-22","MST2021083::2021-10-22","MST2021083STEX24_03","alkri",NA,"Sif","MST2021083STEX24_03","24_03",12.5,"MST2021083","ja",1500,FALSE,22,10,2021,10476,"Hemsan","Unknown",0,43,8,379,0
"409","E02","MST2021032","Hemsan",0,17682,0,17682,17682,NA,"ddpcr0025","erudtagetmedNiskinvandhenter",3.28,"2022-jan-11","2021-07-03","2021-06-23","2021-06-23",NA,3,"MST-SX24",400,"Nordjylland",93920064,"KragskovRevSyd",57.5407666666667,10.4687805555556,4,"MST2021032","MST2021032_2021-06-23","MST2021032::2021-06-23","MST2021032STEX24_11","SvendaageBendtsen",NA,"Pingo","MST2021032STEX24_11","24_11",15.7,"MST2021032","nej",1400,FALSE,23,6,2021,17682,"Hemsan","Unknown",0,24,8,360,0
"410","E03","MST2021025","Hemsan",0,17011,0,17011,17011,NA,"ddpcr0025","Datoforoverfoerseltil_80Cfryserenilaboratorieterikkedokumenteremenproevemersenestblevetoverfoertd15_06_2021ogmuligvisvedentidligeredato
",3.16,"2022-jan-11","2021-06-15","2021-06-10","2021-06-10",NA,28,"MST-SX24",400,"Sjaelland",99150002,"FranksRev",55.0334833333333,15.5078333333333,39,"MST2021025","MST2021025_2021-06-10","MST2021025::2021-06-10","MST2021025STEX24_02","EmilGuddalLarsen",NA,"Mergus","MST2021025STEX24_02","24_02",16.8,"MST2021025","nej",1750,TRUE,10,6,2021,17011,"Hemsan","Unknown",0,19,8,355,0
"411","E04","MST2021088","Hemsan",0,15960,0,15960,15960,NA,"ddpcr0025",NA,16.5,"2022-feb-01","2021-05-21","2021-05-20","2021-05-20","75",188,"MST-SX25",400,"MSTFYN",96700057,"KertemindeBugt",55.4392166666667,10.8276944444444,198,"MST2021088","MST2021088_2021-05-20","MST2021088::2021-05-20","MST2021088STEX25_03","janeRobertsen",NA,"Frigg","MST2021088STEX25_03","25_03",73.7,"MST2021088","ja",1600,FALSE,20,5,2021,15960,"Hemsan","Unknown",0,45,8,381,0
"412","E05","MST2021070","Hemsan",0,15743,0,15743,15743,NA,"ddpcr0025",NA,9.1,"2022-jan-11","2021-10-27","2021-10-26","2021-10-26","86",1,"MST-SX24",400,"MSTNJL",93610032,"93610032",56.6626666666667,9.96678333333333,28,"MST2021070","MST2021070_2021-10-26","MST2021070::2021-10-26","MST2021070STEX24_16","RasmusBillegrav",NA,"Frigg","MST2021070STEX24_16","24_16",107.4,"MST2021070","ja",1200,FALSE,26,10,2021,15743,"Hemsan","Unknown",0,36,8,372,0
"413","E06","MST2021030","Hemsan",0,19836,0,19836,19836,NA,"ddpcr0025",NA,4.07,"2021-nov-24","2021-05-31","2021-05-26","2021-05-26","N_A",1,"MST-SX21",400,"MST_MJL",93740007,"SkiveFjord",56.6208333333333,9.06681944444444,5,"MST2021030","MST2021030_2021-05-26","MST2021030::2021-05-26","MST2021030STEX21_08","PHELD_NICRA",NA,"Sif","MST2021030STEX21_08","21_08",115.9,"MST2021030","nej",1600,TRUE,26,5,2021,19836,"Hemsan","Unknown",0,22,8,358,0
"414","E07","MST2021006","Hemsan",0,13968,0,13968,13968,NA,"ddpcr0025",NA,7.65,"2022-jan-11","2021-08-25","2021-08-24","2021-08-24","_",96,"MST-SX24",400,"MSTSTO",99210007,"1001027Hovedeskov",54.7410833333333,12.0851805555556,106,"MST2021006","MST2021006_2021-08-24","MST2021006::2021-08-24","MST2021006STEX24_13","NicolaiEspenhainAnker",NA,"ABRA","MST2021006STEX24_13","24_13",17.3,"MST2021006","nej",1400,TRUE,24,8,2021,13968,"Hemsan","Unknown",0,12,8,348,0
"415","F02","MST2021040","Hemsan",0,16252,0,16252,16252,NA,"ddpcr0025",NA,4.92,"2021-dec-08","2021-09-22","2021-09-15","2021-09-15",NA,95,"MST-SX22",400,"MSToestjylland",93420310,"Tr3Fornaes",56.4437333333333,10.9524027777778,11,"MST2021040","MST2021040_2021-09-15","MST2021040::2021-09-15","MST2021040STEX22_09","JensDeding",NA,"Havana","MST2021040STEX22_09","22_09",15.7,"MST2021040","?",1270,FALSE,15,9,2021,16252,"Hemsan","Unknown",0,26,8,362,0
"416","F03","NEKfeb2022","Hemsan",0,18087,0,18087,18087,NA,"ddpcr0025",NA,NA,NA,NA,NA,NA,NA,NA,NA,NA,NA,NA,NA,NA,NA,NA,NA,NA,NA,NA,NA,NA,NA,NA,NA,NA,NA,NA,NA,NA,NA,NA,NA,18087,"Hemsan","Unknown",0,48,8,384,0
"417","F04","MST2021062","Hemsan",0,19022,0,19022,19022,NA,"ddpcr0025",NA,19,"2022-feb-01","2021-05-21","2021-05-21","2021-05-21","12",1,"MST-SX25",400,"MSTFYN",95600002,"95600002_FYN6300043",54.9975833333333,10.1654166666667,361,"MST2021062","MST2021062_2021-05-21","MST2021062::2021-05-21","MST2021062STEX25_10","janeRobertsen",NA,"Frigg","MST2021062STEX25_10","25_10",112.2,"MST2021062","ja",1400,FALSE,21,5,2021,19022,"Hemsan","Unknown",0,34,8,370,0
"418","F05","MST1043","Hemsan",0,14019,0,14019,14019,NA,"ddpcr0025",NA,3.06,"2022-jan-06","2021-04-12","2021-04-06","2021-04-06",NA,11,"MST-SX23",400,"MSTOJL",93500119,"Hevringbugt",56.6261666666667,10.3204,12,"MST1043","MST1043_2021-04-06","MST1043::2021-04-06","MST1043STEX23_02","JOCTH",NA,"Musling",NA,"23_02",64.3,"MST1043","nej",1500,FALSE,6,4,2021,14019,"Hemsan","Unknown",0,8,8,344,0
"419","F06","MST2021055","Hemsan",0,19316,0,19316,19316,NA,"ddpcr0025",NA,5.3,"2021-nov-24","2021-09-15","2021-09-14","2021-09-14","24",1,"MST-SX21",400,"STO",99000049,"99000049",55.25,15.9833333333333,909,"MST2021055","MST2021055_2021-09-14","MST2021055::2021-09-14","MST2021055STEX21_12","krmsk",NA,"sif","MST2021055STEX21_12","21_12",169.3,"MST2021055","ja",1500,FALSE,14,9,2021,19316,"Hemsan","Unknown",0,32,8,368,0
"420","F07","MST2021011","Hemsan",0,16585,0,16585,16585,NA,"ddpcr0025",NA,4.23,"2021-dec-08","2021-08-03","2021-08-31","2021-08-31","_",4.1e+16,"MST-SX22",400,"MSTSTO",98210012,"0401011FemerenBaeltVest",54.73475,11.0846527777778,51,"MST2021011","MST2021011_2021-08-31","MST2021011::2021-08-31","MST2021011STEX22_05","NicolaiEspenhainAnker",NA,"ABRA","MST2021011STEX22_05","22_05",170.9,"MST2021011","nej",1500,TRUE,31,8,2021,16585,"Hemsan","Unknown",0,14,8,350,0
"421","G02","MST2021081","Hemsan",0.0665481016039848,17679,1,17678,17679,NA,"ddpcr0025","RIB1510007",3.54,"2021-nov-24","2021-09-21","2021-09-20","2021-09-20",NA,1,"MST-SX21",400,"Sydjylland",91500007,"Soenderhooest",55.3375166666667,8.35012777777778,63,"MST2021081","MST2021081_2021-09-20","MST2021081::2021-09-20","MST2021081STEX21_22","LasseoerstedJensen",NA,"Haig","MST2021081STEX21_22","21_22",16,"MST2021081","nej",1300,FALSE,20,9,2021,17679,"Hemsan","Unknown",0.0665481016039848,41,8,377,1
"422","G03","MST1028","Hemsan",0.415934443473816,2829,1,2828,2829,NA,"ddpcr0025",NA,7.15,"2022-jan-06","2021-03-26","2021-03-15","2021-03-15","17",282,"MST-SX23",400,"MSTSYD",95700008,"FFSB0011",54.8341666666667,9.81666666666667,292,"MST1028","MST1028_2021-03-15","MST1028::2021-03-15","MST1028STEX23_11","RasmusBillegrav",NA,"LivII",NA,"23_11",27.8,"MST1028","ja",1600,FALSE,15,3,2021,2829,"Hemsan","Unknown",0.415934443473816,4,8,340,1
"423","G04","MST2021051","Hemsan",0,18434,0,18434,18434,NA,"ddpcr0025",NA,22.5,"2022-feb-01","2021-06-10","2021-06-04","2021-06-04",NA,1,"MST-SX25",400,"MSTNJL",93730002,"93730002_VIB3708_1",56.9543333333333,9.07075,7,"MST2021051","MST2021051_2021-06-04","MST2021051::2021-06-04","MST2021051STEX25_16","RasmusBillegrav",NA,"Frigg","MST2021051STEX25_16","25_16",150.8,"MST2021051","nej",1700,FALSE,4,6,2021,18434,"Hemsan","Unknown",0,30,8,366,0
"424","G05","MST1024","Hemsan",0,15412,0,15412,15412,NA,"ddpcr0025",NA,1,"2022-jan-06","2021-04-19","2021-04-15","2021-04-15",NA,5,"MST-SX23",400,"MSTMJL",93770056,"NissumBredning",56.6008333333333,8.400225,6,"MST1024","MST1024_2021-04-15","MST1024::2021-04-15","MST1024STEX23_14","JOCTH",NA,"Musling",NA,"23_14",69,"MST1024","nej",1500,FALSE,15,4,2021,15412,"Hemsan","Unknown",0,2,8,338,0
"425","G06","MST2021085","Hemsan",0,18921,0,18921,18921,NA,"ddpcr0025",NA,3.26,"2021-nov-24","2021-09-22","2021-09-16","2021-09-16","8.8E+016",1,"MST-SX21",400,"SJL",93000001,"93000001",56.1305,11.1501055555556,439,"MST2021085","MST2021085_2021-09-16","MST2021085::2021-09-16","MST2021085STEX21_24","krmsk",NA,"sif","MST2021085STEX21_24","21_24",173.2,"MST2021085","ja",1700,FALSE,16,9,2021,18921,"Hemsan","Unknown",0,44,8,380,0
"426","G07","MST2021002","Hemsan",0,16502,0,16502,16502,NA,"ddpcr0025",NA,5.4,"2021-dec-08","2021-07-08","2021-07-07","2021-07-07","_",57,"MST-SX22",400,"MSTSTO",96220363,"0101142EnoeNor",55.15755,11.6357944444444,67,"MST2021002","MST2021002_2021-07-07","MST2021002::2021-07-07","MST2021002STEX22_04","jakobOleLarsen",NA,"ABRA","MST2021002STEX22_04","22_04",20.4,"MST2021002","nej",1000,TRUE,7,7,2021,16502,"Hemsan","Unknown",0,10,8,346,0
"427","H02","MST2021044","Hemsan",0,17332,0,17332,17332,NA,"ddpcr0025","RIB1510007",2.62,"2021-dec-08","2021-05-20","2021-05-19","2021-05-19",NA,1,"MST-SX22",400,"Sydjylland",91500007,"Soenderhooest",55.3375166666667,8.35012777777778,55,"MST2021044","MST2021044_2021-05-19","MST2021044::2021-05-19","MST2021044STEX22_11","LasseoerstedJensen",NA,"Haig","MST2021044STEX22_11","22_11",11,"MST2021044","nej",1200,FALSE,19,5,2021,17332,"Hemsan","Unknown",0,28,8,364,0
"428","H03","MST1027","Hemsan",0,18700,0,18700,18700,NA,"ddpcr0025",NA,5.4,"2022-feb-01","2021-03-26","2021-03-19","2021-03-19","95",155,"MST-SX25",400,"MSTFYN",96510125,"Sydfynskeoehav_BF11",55.0262,10.3685111111111,165,"MST1027","MST1027_2021-03-19","MST1027::2021-03-19","MST1027STEX25_15","RasmusBillegrav",NA,"LivII",NA,"25_15",42,"MST1027","ja",1500,FALSE,19,3,2021,18700,"Hemsan","Unknown",0,3,8,339,0
"429","H04","MST2021099","Hemsan",0,18741,0,18741,18741,NA,"ddpcr0025",NA,5.4,"2022-jan-11","2021-08-25","2021-08-24","2021-08-24","3",1,"MST-SX24",400,"MSTOJL",94400007,"94400007_ARH170006",56.1544166666667,10.3166972222222,16,"MST2021099","MST2021099_2021-08-24","MST2021099::2021-08-24","MST2021099STEX24_19","RasmusBillegrav",NA,"Frigg","MST2021099STEX24_19","24_19",175.1,"MST2021099","ja",1500,FALSE,24,8,2021,18741,"Hemsan","Unknown",0,47,8,383,0
"430","H05","MST1031","Hemsan",0,15810,0,15810,15810,NA,"ddpcr0025",NA,17.5,"2022-feb-01","2021-03-26","2021-03-17","2021-03-17","Ingenlagdeling",89,"MST-SX25",400,"MST_SJL",93210013,"Isefjordydre",55.8656666666667,11.7835111111111,105,"MST1031","MST1031_2021-03-17","MST1031::2021-03-17","MST1031STEX25_11","PHELD_NIFSO",NA,"Daphne",NA,"25_11",33.6,"MST1031","nej",1500,FALSE,17,3,2021,15810,"Hemsan","Unknown",0,5,8,341,0
"431","H06","MST1038","Hemsan",0,19054,0,19054,19054,NA,"ddpcr0025",NA,2.61,"2022-jan-06","2021-04-16","2021-04-14","2021-04-14","3",111,"MST-SX23",400,"MST_STORSTRoeM",95220322,"BFKarrebaeksmindeBugt",55.1395,11.5002361111111,121,"MST1038","MST1038_2021-04-14","MST1038::2021-04-14","MST1038STEX23_09","Alkri",NA,"DAPHNE",NA,"23_09",60.3,"MST1038","ja",1700,FALSE,14,4,2021,19054,"Hemsan","Unknown",0,6,8,342,0
"432","H07","MST2021013","Hemsan",0,19065,0,19065,19065,NA,"ddpcr0025",NA,9.55,"2021-dec-08","2021-09-10","2021-08-25","2021-08-25",NA,1,"MST-SX22",400,"Sjaelland",93220011,"ROS60",55.713,12.04,48,"MST2021013","MST2021013_2021-08-25","MST2021013::2021-08-25","MST2021013STEX22_06","EmilGuddalLarsen",NA,"Mergus","MST2021013STEX22_06","22_06",17.9,"MST2021013","nej",1600,TRUE,25,8,2021,19065,"Hemsan","Unknown",0,16,8,352,0
"433","A02","MST1039","Hemtak",0,17445,0,17445,17445,NA,"ddpcr0026",NA,13.6,"2022-feb-01","2021-05-03","2021-04-26","2021-04-26","na",1,"MST-SX25",400,"MST_MJL",91320001,"RKB1",56.0778333333333,8.21670555555556,32,"MST1039","MST1039_2021-04-26","MST1039::2021-04-26","MST1039STEX25_19","JettePoulsenEngholm",NA,"Penelope",NA,"25_19",95,"MST1039","nej",570,FALSE,26,4,2021,17445,"Hemtak","Unknown",0,7,9,391,0
"434","A03","MST2021049","Hemtak",0.062911182641983,18701,1,18700,18701,NA,"ddpcr0026","LISD0027",7.75,"2022-jan-06","2021-05-21","2021-05-21","2021-05-21",NA,10,"MST-SX23",400,"Sydjylland",91650035,"ListerDyb",55.0938666666667,8.56828611111111,11,"MST2021049","MST2021049_2021-05-21","MST2021049::2021-05-21","MST2021049STEX23_10","LasseoerstedJensen",NA,"Fucus","MST2021049STEX23_10","23_10",11,"MST2021049","nej",500,FALSE,21,5,2021,18701,"Hemtak","Unknown",0.062911182641983,29,9,413,1
"435","A04","MST2021012","Hemtak",0,18439,0,18439,18439,NA,"ddpcr0026",NA,11,"2022-feb-01","2021-05-03","2021-04-27","2021-04-27","na",59,"MST-SX25",400,"MSTSYD",95130028,"VejleFjordindre_VF",55.7021833333333,9.66136111111111,69,"MST2021012","MST2021012_2021-04-27","MST2021012::2021-04-27","MST2021012STEX25_12","KRISTIANMCGREGOR",NA,"LIVII","MST2021012STEX25_12","25_12",81.7,"MST2021012","nej",1500,TRUE,27,4,2021,18439,"Hemtak","Unknown",0,15,9,399,0
"436","A05","MST2021058","Hemtak",0,20142,0,20142,20142,NA,"ddpcr0026",NA,3.7,"2021-nov-24","2021-09-03","2021-08-30","2021-08-30","17",1,"MST-SX21",400,"MSTOJL",94300001,"94300001_VEJ0006870",55.6743833333333,10.0845083333333,194,"MST2021058","MST2021058_2021-08-30","MST2021058::2021-08-30","MST2021058STEX21_13","KRISTIANMCGREGOR",NA,"Frigg","MST2021058STEX21_13","21_13",100.7,"MST2021058","ja",1500,FALSE,30,8,2021,20142,"Hemtak","Unknown",0,33,9,417,0
"437","A06","MST2021039","Hemtak",0,19101,0,19101,19101,NA,"ddpcr0026",NA,2.72,"2021-dec-08","2021-05-20","2021-05-07","2021-05-07","7m",1,"MST-SX22",400,"MST_NJL",93610032,"MariagerFjord",56.6626666666667,9.96678333333333,27,"MST2021039","MST2021039_2021-05-07","MST2021039::2021-05-07","MST2021039STEX22_08","PHELD_ALKRI",NA,"Sif","MST2021039STEX22_08","22_08",92.8,"MST2021039","ja",1800,FALSE,7,5,2021,19101,"Hemtak","Unknown",0,25,9,409,0
"438","A07","MST2021043","Hemtak",0,17509,0,17509,17509,NA,"ddpcr0026","Dererkunenproevetilraadighed_proeve2erbortkommet",4.41,"2021-dec-08","2021-05-20","2021-05-17","2021-05-17","4",1,"MST-SX22",400,"MSTSJL",93000001,"VSJ20925",56.1316666666667,11.1513361111111,48,"MST2021043","MST2021043_2021-05-17","MST2021043::2021-05-17","MST2021043STEX22_10","alkri_nifso",NA,"Sif","MST2021043STEX22_10","22_10",10.6,"MST2021043","ja",1500,FALSE,17,5,2021,17509,"Hemtak","Unknown",0,27,9,411,0
"439","B02","MST2021015","Hemtak",0,18503,0,18503,18503,NA,"ddpcr0026",NA,5.4,"2021-nov-24","2021-09-08","2021-09-02","2021-09-02","na",1,"MST-SX21",400,"MST_MJL",91320001,"RKB1",56.0778333333333,8.21678611111111,32,"MST2021015","MST2021015_2021-09-02","MST2021015::2021-09-02","MST2021015STEX21_03","BentJensen",NA,"Penelope","MST2021015STEX21_03","21_03",17.5,"MST2021015","nej",925,TRUE,2,9,2021,18503,"Hemtak","Unknown",0,17,9,401,0
"440","B03","MST2021052","Hemtak",0,19574,0,19574,19574,NA,"ddpcr0026",NA,8.95,"2021-nov-24","2021-06-15","2021-06-14","2021-06-14","26",1,"MST-SX21",400,"Fyn",94230001,"FYN6900017",55.4678333333333,10.5169333333333,84,"MST2021052","MST2021052_2021-06-14","MST2021052::2021-06-14","MST2021052STEX21_10","FlemmingNoergaard",NA,"Belone","MST2021052STEX21_10","21_10",17.8,"MST2021052","ja",610,FALSE,14,6,2021,19574,"Hemtak","Unknown",0,31,9,415,0
"441","B04","MST2021075","Hemtak",0,16117,0,16117,16117,NA,"ddpcr0026",NA,4.86,"2021-dec-08","2021-05-20","2021-05-11","2021-05-11","13",1,"MST-SX22",400,"MSTOJL",94300001,"VEJ0006870_94300001",55.6743833333333,10.0845083333333,21,"MST2021075","MST2021075_2021-05-11","MST2021075::2021-05-11","MST2021075STEX22_13","janeRobertsen",NA,"Frigg","MST2021075STEX22_13","22_13",98.1,"MST2021075","ja",1100,FALSE,11,5,2021,16117,"Hemtak","Unknown",0,38,9,422,0
"442","B05","MST2021064","Hemtak",0,20436,0,20436,20436,NA,"ddpcr0026","Breddegrad:56572400",2.96,"2021-nov-24","2021-09-08","2021-09-02","2021-09-02","na",1,"MST-SX21",400,"MSTNJL",93730002,"93730002_VIB3708_1",56.954,9.05020833333333,76,"MST2021064","MST2021064_2021-09-02","MST2021064::2021-09-02","MST2021064STEX21_15","kristianmcgregor",NA,"Frigg","MST2021064STEX21_15","21_15",173.7,"MST2021064","nej",700,FALSE,2,9,2021,20436,"Hemtak","Unknown",0,35,9,419,0
"443","B06","MST1054","Hemtak",0,17693,0,17693,17693,NA,"ddpcr0026",NA,6.85,"2022-jan-11","2021-05-31","2021-05-18","2021-05-18","38m",1,"MST-SX24",400,"MST_FYN",99000052,"DMU444_Arkona",55,13.3,48,"MST1054","MST1054_2021-05-18","MST1054::2021-05-18","MST1054STEX24_23","ALKRI_NIFSO",NA,"Sif",NA,"24_23",92,"MST1054","ja",1400,FALSE,18,5,2021,17693,"Hemtak","Unknown",0,9,9,393,0
"444","B07","MST2021076","Hemtak",0,16813,0,16813,16813,NA,"ddpcr0026",NA,7.4,"2022-feb-01","2021-09-08","2021-09-02","2021-09-02","42",1,"MST-SX25",400,"MSTFYN",99000052,"DMU444",54.9996666666667,13.3,457,"MST2021076","MST2021076_2021-09-02","MST2021076::2021-09-02","MST2021076STEX25_04","alkri",NA,"Sif","MST2021076STEX25_04","25_04",17.5,"MST2021076","ja",1800,FALSE,2,9,2021,16813,"Hemtak","Unknown",0,39,9,423,0
"445","C02","MST2021028","Hemtak",0,18156,0,18156,18156,NA,"ddpcr0026","VandproeverneernedkoeletogtransporterettilAalborghvorfiltreringenskete",0.58,"2021-nov-24","2021-10-09","2021-09-27","2021-09-27",NA,NA,"MST-SX21",400,"Nordjylland",92200001,"HirtshalsNOR7715_92200001",57.6078333333333,9.90025555555555,18,"MST2021028","MST2021028_2021-09-27","MST2021028::2021-09-27","MST2021028STEX21_06","SvendaageBendtsen",NA,"MagretheGaardbo","MST2021028STEX21_06","21_06",15,"MST2021028","nej",1200,TRUE,27,9,2021,18156,"Hemtak","Unknown",0,20,9,404,0
"446","C03","MST2021071","Hemtak",0,32175,0,32175,32175,NA,"ddpcr0026",NA,6.5,"2022-jan-11","2021-10-21","2021-10-13","2021-10-13",NA,1,"MST-SX24",400,"Fyn",94230001,"FYN6900017",55.4678333333333,10.5169333333333,98,"MST2021071","MST2021071_2021-10-13","MST2021071::2021-10-13","MST2021071STEX24_04","FlemmingNoergaard&PauliJoergensen",NA,"Belone","MST2021071STEX24_04","24_04",11.4,"MST2021071","nej",1500,FALSE,13,10,2021,32175,"Hemtak","Unknown",0,37,9,421,0
"447","C04","MST1022","Hemtak",0,16835,0,16835,16835,NA,"ddpcr0026",NA,0.428,"2021-dec-08","2021-05-20","2021-05-17","2021-05-17","9",1,"MST-SX22",400,"MSTOJL",94400007,"ARH1700006_94400007",56.1547333333333,10.3170055555556,162,"MST1022","MST1022_2021-05-17","MST1022::2021-05-17","MST1022STEX22_02","janeRobertsen",NA,"Frigg",NA,"22_02",10.9,"MST1022","ja",1100,FALSE,17,5,2021,16835,"Hemtak","Unknown",0,1,9,385,0
"448","C05","MST2021079","Hemtak",0,19015,0,19015,19015,NA,"ddpcr0026",NA,7.6,"2021-nov-24","2021-09-08","2021-09-06","2021-09-06","2",1,"MST-SX21",400,"MSTMJL",93740007,"93740007_VIB3727_1",56.6208333333333,9.06681944444444,51,"MST2021079","MST2021079_2021-09-06","MST2021079::2021-09-06","MST2021079STEX21_21","RasmusBillegrav",NA,"Frigg","MST2021079STEX21_21","21_21",173.5,"MST2021079","ja",1100,FALSE,6,9,2021,19015,"Hemtak","Unknown",0,40,9,424,0
"449","C06","MST2021008","Hemtak",0,18856,0,18856,18856,NA,"ddpcr0026",NA,9.1,"2022-jan-11","2021-05-31","2021-05-19","2021-05-19","86",1,"MST-SX24",400,"MST_SJL",97200002,"KBH431_Ven",55.8666666666667,12.75,55,"MST2021008","MST2021008_2021-05-19","MST2021008::2021-05-19","MST2021008STEX24_05","ALKRI_NIFSO",NA,"Sif","MST2021008STEX24_05","24_05",11.8,"MST2021008","ja",1300,FALSE,19,5,2021,18856,"Hemtak","Unknown",0,13,9,397,0
"450","C07","MST2021029","Hemtak",0,15139,0,15139,15139,NA,"ddpcr0026",NA,5.7,"2021-nov-24","2021-09-15","2021-09-07","2021-09-07","12",1,"MST-SX21",400,"MSTSJL",97200002,"KBH431",55.8616666666667,12.7336055555556,501,"MST2021029","MST2021029_2021-09-07","MST2021029::2021-09-07","MST2021029STEX21_07","alkri",NA,"Sif","MST2021029STEX21_07","21_07",17.1,"MST2021029","ja",1800,TRUE,7,9,2021,15139,"Hemtak","Unknown",0,21,9,405,0
"451","D02","MST2021031","Hemtak",0,1476,0,1476,1476,NA,"ddpcr0026","ErudtagetmedLindahlslangesomdybdeintegredetproeverfra0_10metersammenmedplanktonproeverneogsaaprofilmaalingerchlAogvandkemi",0.97,"2021-nov-24","2021-07-03","2021-06-17","2021-06-17",NA,4,"MST-SX21",400,"Nordjylland",92200001,"HirtshalsNOR7715_92200001",57.6078333333333,9.90025555555555,15,"MST2021031","MST2021031_2021-06-17","MST2021031::2021-06-17","MST2021031STEX21_09","SvendaageBendtsen",NA,"MagretheGaardbo","MST2021031STEX21_09","21_09",14,"MST2021031","nej",1200,FALSE,17,6,2021,1476,"Hemtak","Unknown",0,23,9,407,0
"452","D03","MST2021005","Hemtak",0,18125,0,18125,18125,NA,"ddpcr0026",NA,11.7,"2022-jan-11","2021-06-10","2021-06-01","2021-06-01",NA,1,"MST-SX24",400,"Sjaelland",93220011,"ROS60_322RoskildeFjord",55.713,12.04,48,"MST2021005","MST2021005_2021-06-01","MST2021005::2021-06-01","MST2021005STEX24_12","EmilGuddalLarsen",NA,"Mergus","MST2021005STEX24_12","24_12",17.1,"MST2021005","nej",1600,TRUE,1,6,2021,18125,"Hemtak","Unknown",0,11,9,395,0
"453","D04","MST2021089","Hemtak",0,17616,0,17616,17616,NA,"ddpcr0026",NA,5.7,"2022-jan-06","2021-05-20","2021-05-17","2021-05-17","75",13,"MST-SX23",400,"MSTOJL",94510035,"EbeltoftVig",56.2094,10.6003444444444,14,"MST2021089","MST2021089_2021-05-17","MST2021089::2021-05-17","MST2021089STEX23_06","janeRobertsen",NA,"Frigg","MST2021089STEX23_06","23_06",77.3,"MST2021089","ja",1400,FALSE,17,5,2021,17616,"Hemtak","Unknown",0,46,9,430,0
"454","D05","MST2021082","Hemtak",0,18195,0,18195,18195,NA,"ddpcr0026",NA,4.09,"2021-nov-24","2021-09-08","2021-09-07","2021-09-07","4",1,"MST-SX21",400,"MSTNJL",93000005,"93000005_NOR409",56.8561,10.7845083333333,146,"MST2021082","MST2021082_2021-09-07","MST2021082::2021-09-07","MST2021082STEX21_23","RasmusBillegrav",NA,"Frigg","MST2021082STEX21_23","21_23",160.3,"MST2021082","ja",1500,FALSE,7,9,2021,18195,"Hemtak","Unknown",0,42,9,426,0
"455","D06","MST2021019","Hemtak",0,19297,0,19297,19297,NA,"ddpcr0026",NA,3.86,"2022-jan-11","2021-05-31","2021-05-25","2021-05-25","11m",1,"MST-SX24",400,"MST_NJL",93000005,"NOR409_aalborgBugt",56.8566666666667,10.7834722222222,146,"MST2021019","MST2021019_2021-05-25","MST2021019::2021-05-25","MST2021019STEX24_21","ALKRI_NICRA",NA,"Sif","MST2021019STEX24_21","24_21",88,"MST2021019","ja",1650,TRUE,25,5,2021,19297,"Hemtak","Unknown",0,18,9,402,0
"456","D07","MST2021083","Hemtak",0.0783765092492104,15011,1,15010,15011,NA,"ddpcr0026",NA,7.8,"2022-jan-11","2021-10-29","2021-10-22","2021-10-22","12",1,"MST-SX24",400,"MSTFYN",95600002,"FYN6300043",54.9976833333333,10.1517305555556,34,"MST2021083","MST2021083_2021-10-22","MST2021083::2021-10-22","MST2021083STEX24_03","alkri",NA,"Sif","MST2021083STEX24_03","24_03",12.5,"MST2021083","ja",1500,FALSE,22,10,2021,15011,"Hemtak","Unknown",0.0783765092492104,43,9,427,1
"457","E02","MST2021032","Hemtak",0,17151,0,17151,17151,NA,"ddpcr0026","erudtagetmedNiskinvandhenter",3.28,"2022-jan-11","2021-07-03","2021-06-23","2021-06-23",NA,3,"MST-SX24",400,"Nordjylland",93920064,"KragskovRevSyd",57.5407666666667,10.4687805555556,4,"MST2021032","MST2021032_2021-06-23","MST2021032::2021-06-23","MST2021032STEX24_11","SvendaageBendtsen",NA,"Pingo","MST2021032STEX24_11","24_11",15.7,"MST2021032","nej",1400,FALSE,23,6,2021,17151,"Hemtak","Unknown",0,24,9,408,0
"458","E03","MST2021025","Hemtak",0,18979,0,18979,18979,NA,"ddpcr0026","Datoforoverfoerseltil_80Cfryserenilaboratorieterikkedokumenteremenproevemersenestblevetoverfoertd15_06_2021ogmuligvisvedentidligeredato
",3.16,"2022-jan-11","2021-06-15","2021-06-10","2021-06-10",NA,28,"MST-SX24",400,"Sjaelland",99150002,"FranksRev",55.0334833333333,15.5078333333333,39,"MST2021025","MST2021025_2021-06-10","MST2021025::2021-06-10","MST2021025STEX24_02","EmilGuddalLarsen",NA,"Mergus","MST2021025STEX24_02","24_02",16.8,"MST2021025","nej",1750,TRUE,10,6,2021,18979,"Hemtak","Unknown",0,19,9,403,0
"459","E04","MST2021088","Hemtak",0,16897,0,16897,16897,NA,"ddpcr0026",NA,16.5,"2022-feb-01","2021-05-21","2021-05-20","2021-05-20","75",188,"MST-SX25",400,"MSTFYN",96700057,"KertemindeBugt",55.4392166666667,10.8276944444444,198,"MST2021088","MST2021088_2021-05-20","MST2021088::2021-05-20","MST2021088STEX25_03","janeRobertsen",NA,"Frigg","MST2021088STEX25_03","25_03",73.7,"MST2021088","ja",1600,FALSE,20,5,2021,16897,"Hemtak","Unknown",0,45,9,429,0
"460","E05","MST2021070","Hemtak",0,19121,0,19121,19121,NA,"ddpcr0026",NA,9.1,"2022-jan-11","2021-10-27","2021-10-26","2021-10-26","86",1,"MST-SX24",400,"MSTNJL",93610032,"93610032",56.6626666666667,9.96678333333333,28,"MST2021070","MST2021070_2021-10-26","MST2021070::2021-10-26","MST2021070STEX24_16","RasmusBillegrav",NA,"Frigg","MST2021070STEX24_16","24_16",107.4,"MST2021070","ja",1200,FALSE,26,10,2021,19121,"Hemtak","Unknown",0,36,9,420,0
"461","E06","MST2021030","Hemtak",0,18237,0,18237,18237,NA,"ddpcr0026",NA,4.07,"2021-nov-24","2021-05-31","2021-05-26","2021-05-26","N_A",1,"MST-SX21",400,"MST_MJL",93740007,"SkiveFjord",56.6208333333333,9.06681944444444,5,"MST2021030","MST2021030_2021-05-26","MST2021030::2021-05-26","MST2021030STEX21_08","PHELD_NICRA",NA,"Sif","MST2021030STEX21_08","21_08",115.9,"MST2021030","nej",1600,TRUE,26,5,2021,18237,"Hemtak","Unknown",0,22,9,406,0
"462","E07","MST2021006","Hemtak",0,14371,0,14371,14371,NA,"ddpcr0026",NA,7.65,"2022-jan-11","2021-08-25","2021-08-24","2021-08-24","_",96,"MST-SX24",400,"MSTSTO",99210007,"1001027Hovedeskov",54.7410833333333,12.0851805555556,106,"MST2021006","MST2021006_2021-08-24","MST2021006::2021-08-24","MST2021006STEX24_13","NicolaiEspenhainAnker",NA,"ABRA","MST2021006STEX24_13","24_13",17.3,"MST2021006","nej",1400,TRUE,24,8,2021,14371,"Hemtak","Unknown",0,12,9,396,0
"463","F02","MST2021040","Hemtak",NA,0,0,0,0,NA,"ddpcr0026",NA,4.92,"2021-dec-08","2021-09-22","2021-09-15","2021-09-15",NA,95,"MST-SX22",400,"MSToestjylland",93420310,"Tr3Fornaes",56.4437333333333,10.9524027777778,11,"MST2021040","MST2021040_2021-09-15","MST2021040::2021-09-15","MST2021040STEX22_09","JensDeding",NA,"Havana","MST2021040STEX22_09","22_09",15.7,"MST2021040","?",1270,FALSE,15,9,2021,0,"Hemtak","Unknown",0,26,9,410,0
"464","F03","NEKfeb2022","Hemtak",0,17775,0,17775,17775,NA,"ddpcr0026",NA,NA,NA,NA,NA,NA,NA,NA,NA,NA,NA,NA,NA,NA,NA,NA,NA,NA,NA,NA,NA,NA,NA,NA,NA,NA,NA,NA,NA,NA,NA,NA,NA,17775,"Hemtak","Unknown",0,48,9,432,0
"465","F04","MST2021062","Hemtak",0,18859,0,18859,18859,NA,"ddpcr0026",NA,19,"2022-feb-01","2021-05-21","2021-05-21","2021-05-21","12",1,"MST-SX25",400,"MSTFYN",95600002,"95600002_FYN6300043",54.9975833333333,10.1654166666667,361,"MST2021062","MST2021062_2021-05-21","MST2021062::2021-05-21","MST2021062STEX25_10","janeRobertsen",NA,"Frigg","MST2021062STEX25_10","25_10",112.2,"MST2021062","ja",1400,FALSE,21,5,2021,18859,"Hemtak","Unknown",0,34,9,418,0
"466","F05","MST1043","Hemtak",0,19221,0,19221,19221,NA,"ddpcr0026",NA,3.06,"2022-jan-06","2021-04-12","2021-04-06","2021-04-06",NA,11,"MST-SX23",400,"MSTOJL",93500119,"Hevringbugt",56.6261666666667,10.3204,12,"MST1043","MST1043_2021-04-06","MST1043::2021-04-06","MST1043STEX23_02","JOCTH",NA,"Musling",NA,"23_02",64.3,"MST1043","nej",1500,FALSE,6,4,2021,19221,"Hemtak","Unknown",0,8,9,392,0
"467","F06","MST2021055","Hemtak",0,17114,0,17114,17114,NA,"ddpcr0026",NA,5.3,"2021-nov-24","2021-09-15","2021-09-14","2021-09-14","24",1,"MST-SX21",400,"STO",99000049,"99000049",55.25,15.9833333333333,909,"MST2021055","MST2021055_2021-09-14","MST2021055::2021-09-14","MST2021055STEX21_12","krmsk",NA,"sif","MST2021055STEX21_12","21_12",169.3,"MST2021055","ja",1500,FALSE,14,9,2021,17114,"Hemtak","Unknown",0,32,9,416,0
"468","F07","MST2021011","Hemtak",0,16628,0,16628,16628,NA,"ddpcr0026",NA,4.23,"2021-dec-08","2021-08-03","2021-08-31","2021-08-31","_",4.1e+16,"MST-SX22",400,"MSTSTO",98210012,"0401011FemerenBaeltVest",54.73475,11.0846527777778,51,"MST2021011","MST2021011_2021-08-31","MST2021011::2021-08-31","MST2021011STEX22_05","NicolaiEspenhainAnker",NA,"ABRA","MST2021011STEX22_05","22_05",170.9,"MST2021011","nej",1500,TRUE,31,8,2021,16628,"Hemtak","Unknown",0,14,9,398,0
"469","G02","MST2021081","Hemtak",0,17139,0,17139,17139,NA,"ddpcr0026","RIB1510007",3.54,"2021-nov-24","2021-09-21","2021-09-20","2021-09-20",NA,1,"MST-SX21",400,"Sydjylland",91500007,"Soenderhooest",55.3375166666667,8.35012777777778,63,"MST2021081","MST2021081_2021-09-20","MST2021081::2021-09-20","MST2021081STEX21_22","LasseoerstedJensen",NA,"Haig","MST2021081STEX21_22","21_22",16,"MST2021081","nej",1300,FALSE,20,9,2021,17139,"Hemtak","Unknown",0,41,9,425,0
"470","G03","MST1028","Hemtak",0,9882,0,9882,9882,NA,"ddpcr0026",NA,7.15,"2022-jan-06","2021-03-26","2021-03-15","2021-03-15","17",282,"MST-SX23",400,"MSTSYD",95700008,"FFSB0011",54.8341666666667,9.81666666666667,292,"MST1028","MST1028_2021-03-15","MST1028::2021-03-15","MST1028STEX23_11","RasmusBillegrav",NA,"LivII",NA,"23_11",27.8,"MST1028","ja",1600,FALSE,15,3,2021,9882,"Hemtak","Unknown",0,4,9,388,0
"471","G04","MST2021051","Hemtak",0,18451,0,18451,18451,NA,"ddpcr0026",NA,22.5,"2022-feb-01","2021-06-10","2021-06-04","2021-06-04",NA,1,"MST-SX25",400,"MSTNJL",93730002,"93730002_VIB3708_1",56.9543333333333,9.07075,7,"MST2021051","MST2021051_2021-06-04","MST2021051::2021-06-04","MST2021051STEX25_16","RasmusBillegrav",NA,"Frigg","MST2021051STEX25_16","25_16",150.8,"MST2021051","nej",1700,FALSE,4,6,2021,18451,"Hemtak","Unknown",0,30,9,414,0
"472","G05","MST1024","Hemtak",0,17589,0,17589,17589,NA,"ddpcr0026",NA,1,"2022-jan-06","2021-04-19","2021-04-15","2021-04-15",NA,5,"MST-SX23",400,"MSTMJL",93770056,"NissumBredning",56.6008333333333,8.400225,6,"MST1024","MST1024_2021-04-15","MST1024::2021-04-15","MST1024STEX23_14","JOCTH",NA,"Musling",NA,"23_14",69,"MST1024","nej",1500,FALSE,15,4,2021,17589,"Hemtak","Unknown",0,2,9,386,0
"473","G06","MST2021085","Hemtak",0,17827,0,17827,17827,NA,"ddpcr0026",NA,3.26,"2021-nov-24","2021-09-22","2021-09-16","2021-09-16","8.8E+016",1,"MST-SX21",400,"SJL",93000001,"93000001",56.1305,11.1501055555556,439,"MST2021085","MST2021085_2021-09-16","MST2021085::2021-09-16","MST2021085STEX21_24","krmsk",NA,"sif","MST2021085STEX21_24","21_24",173.2,"MST2021085","ja",1700,FALSE,16,9,2021,17827,"Hemtak","Unknown",0,44,9,428,0
"474","G07","MST2021002","Hemtak",0,15082,0,15082,15082,NA,"ddpcr0026",NA,5.4,"2021-dec-08","2021-07-08","2021-07-07","2021-07-07","_",57,"MST-SX22",400,"MSTSTO",96220363,"0101142EnoeNor",55.15755,11.6357944444444,67,"MST2021002","MST2021002_2021-07-07","MST2021002::2021-07-07","MST2021002STEX22_04","jakobOleLarsen",NA,"ABRA","MST2021002STEX22_04","22_04",20.4,"MST2021002","nej",1000,TRUE,7,7,2021,15082,"Hemtak","Unknown",0,10,9,394,0
"475","H02","MST2021044","Hemtak",0,16654,0,16654,16654,NA,"ddpcr0026","RIB1510007",2.62,"2021-dec-08","2021-05-20","2021-05-19","2021-05-19",NA,1,"MST-SX22",400,"Sydjylland",91500007,"Soenderhooest",55.3375166666667,8.35012777777778,55,"MST2021044","MST2021044_2021-05-19","MST2021044::2021-05-19","MST2021044STEX22_11","LasseoerstedJensen",NA,"Haig","MST2021044STEX22_11","22_11",11,"MST2021044","nej",1200,FALSE,19,5,2021,16654,"Hemtak","Unknown",0,28,9,412,0
"476","H03","MST1027","Hemtak",0,17189,0,17189,17189,NA,"ddpcr0026",NA,5.4,"2022-feb-01","2021-03-26","2021-03-19","2021-03-19","95",155,"MST-SX25",400,"MSTFYN",96510125,"Sydfynskeoehav_BF11",55.0262,10.3685111111111,165,"MST1027","MST1027_2021-03-19","MST1027::2021-03-19","MST1027STEX25_15","RasmusBillegrav",NA,"LivII",NA,"25_15",42,"MST1027","ja",1500,FALSE,19,3,2021,17189,"Hemtak","Unknown",0,3,9,387,0
"477","H04","MST2021099","Hemtak",0,18621,0,18621,18621,NA,"ddpcr0026",NA,5.4,"2022-jan-11","2021-08-25","2021-08-24","2021-08-24","3",1,"MST-SX24",400,"MSTOJL",94400007,"94400007_ARH170006",56.1544166666667,10.3166972222222,16,"MST2021099","MST2021099_2021-08-24","MST2021099::2021-08-24","MST2021099STEX24_19","RasmusBillegrav",NA,"Frigg","MST2021099STEX24_19","24_19",175.1,"MST2021099","ja",1500,FALSE,24,8,2021,18621,"Hemtak","Unknown",0,47,9,431,0
"478","H05","MST1031","Hemtak",0,19190,0,19190,19190,NA,"ddpcr0026",NA,17.5,"2022-feb-01","2021-03-26","2021-03-17","2021-03-17","Ingenlagdeling",89,"MST-SX25",400,"MST_SJL",93210013,"Isefjordydre",55.8656666666667,11.7835111111111,105,"MST1031","MST1031_2021-03-17","MST1031::2021-03-17","MST1031STEX25_11","PHELD_NIFSO",NA,"Daphne",NA,"25_11",33.6,"MST1031","nej",1500,FALSE,17,3,2021,19190,"Hemtak","Unknown",0,5,9,389,0
"479","H06","MST1038","Hemtak",0,19215,0,19215,19215,NA,"ddpcr0026",NA,2.61,"2022-jan-06","2021-04-16","2021-04-14","2021-04-14","3",111,"MST-SX23",400,"MST_STORSTRoeM",95220322,"BFKarrebaeksmindeBugt",55.1395,11.5002361111111,121,"MST1038","MST1038_2021-04-14","MST1038::2021-04-14","MST1038STEX23_09","Alkri",NA,"DAPHNE",NA,"23_09",60.3,"MST1038","ja",1700,FALSE,14,4,2021,19215,"Hemtak","Unknown",0,6,9,390,0
"480","H07","MST2021013","Hemtak",0,14434,0,14434,14434,NA,"ddpcr0026",NA,9.55,"2021-dec-08","2021-09-10","2021-08-25","2021-08-25",NA,1,"MST-SX22",400,"Sjaelland",93220011,"ROS60",55.713,12.04,48,"MST2021013","MST2021013_2021-08-25","MST2021013::2021-08-25","MST2021013STEX22_06","EmilGuddalLarsen",NA,"Mergus","MST2021013STEX22_06","22_06",17.9,"MST2021013","nej",1600,TRUE,25,8,2021,14434,"Hemtak","Unknown",0,16,9,400,0
"481","A02","MST1039","Colper",0.0723469853401184,16262,1,16261,16262,NA,"ddpcr0033",NA,13.6,"2022-feb-01","2021-05-03","2021-04-26","2021-04-26","na",1,"MST-SX25",400,"MST_MJL",91320001,"RKB1",56.0778333333333,8.21670555555556,32,"MST1039","MST1039_2021-04-26","MST1039::2021-04-26","MST1039STEX25_19","JettePoulsenEngholm",NA,"Penelope",NA,"25_19",95,"MST1039","nej",570,FALSE,26,4,2021,16262,"Colper","Unknown",0.0723469853401184,7,4,151,1
"482","A03","MST2021049","Colper",NA,0,0,0,0,NA,"ddpcr0033","LISD0027",7.75,"2022-jan-06","2021-05-21","2021-05-21","2021-05-21",NA,10,"MST-SX23",400,"Sydjylland",91650035,"ListerDyb",55.0938666666667,8.56828611111111,11,"MST2021049","MST2021049_2021-05-21","MST2021049::2021-05-21","MST2021049STEX23_10","LasseoerstedJensen",NA,"Fucus","MST2021049STEX23_10","23_10",11,"MST2021049","nej",500,FALSE,21,5,2021,0,"Colper","Unknown",0,29,4,173,0
"483","A04","MST2021012","Colper",0,16074,0,16074,16074,NA,"ddpcr0033",NA,11,"2022-feb-01","2021-05-03","2021-04-27","2021-04-27","na",59,"MST-SX25",400,"MSTSYD",95130028,"VejleFjordindre_VF",55.7021833333333,9.66136111111111,69,"MST2021012","MST2021012_2021-04-27","MST2021012::2021-04-27","MST2021012STEX25_12","KRISTIANMCGREGOR",NA,"LIVII","MST2021012STEX25_12","25_12",81.7,"MST2021012","nej",1500,TRUE,27,4,2021,16074,"Colper","Unknown",0,15,4,159,0
"484","A05","MST2021058","Colper",0,16410,0,16410,16410,NA,"ddpcr0033",NA,3.7,"2021-nov-24","2021-09-03","2021-08-30","2021-08-30","17",1,"MST-SX21",400,"MSTOJL",94300001,"94300001_VEJ0006870",55.6743833333333,10.0845083333333,194,"MST2021058","MST2021058_2021-08-30","MST2021058::2021-08-30","MST2021058STEX21_13","KRISTIANMCGREGOR",NA,"Frigg","MST2021058STEX21_13","21_13",100.7,"MST2021058","ja",1500,FALSE,30,8,2021,16410,"Colper","Unknown",0,33,4,177,0
"485","A06","MST2021039","Colper",0,15014,0,15014,15014,NA,"ddpcr0033",NA,2.72,"2021-dec-08","2021-05-20","2021-05-07","2021-05-07","7m",1,"MST-SX22",400,"MST_NJL",93610032,"MariagerFjord",56.6626666666667,9.96678333333333,27,"MST2021039","MST2021039_2021-05-07","MST2021039::2021-05-07","MST2021039STEX22_08","PHELD_ALKRI",NA,"Sif","MST2021039STEX22_08","22_08",92.8,"MST2021039","ja",1800,FALSE,7,5,2021,15014,"Colper","Unknown",0,25,4,169,0
"486","A07","MST2021043","Colper",0,16237,0,16237,16237,NA,"ddpcr0033","Dererkunenproevetilraadighed_proeve2erbortkommet",4.41,"2021-dec-08","2021-05-20","2021-05-17","2021-05-17","4",1,"MST-SX22",400,"MSTSJL",93000001,"VSJ20925",56.1316666666667,11.1513361111111,48,"MST2021043","MST2021043_2021-05-17","MST2021043::2021-05-17","MST2021043STEX22_10","alkri_nifso",NA,"Sif","MST2021043STEX22_10","22_10",10.6,"MST2021043","ja",1500,FALSE,17,5,2021,16237,"Colper","Unknown",0,27,4,171,0
"487","B02","MST2021015","Colper",0,15376,0,15376,15376,NA,"ddpcr0033",NA,5.4,"2021-nov-24","2021-09-08","2021-09-02","2021-09-02","na",1,"MST-SX21",400,"MST_MJL",91320001,"RKB1",56.0778333333333,8.21678611111111,32,"MST2021015","MST2021015_2021-09-02","MST2021015::2021-09-02","MST2021015STEX21_03","BentJensen",NA,"Penelope","MST2021015STEX21_03","21_03",17.5,"MST2021015","nej",925,TRUE,2,9,2021,15376,"Colper","Unknown",0,17,4,161,0
"488","B03","MST2021052","Colper",0,14160,0,14160,14160,NA,"ddpcr0033",NA,8.95,"2021-nov-24","2021-06-15","2021-06-14","2021-06-14","26",1,"MST-SX21",400,"Fyn",94230001,"FYN6900017",55.4678333333333,10.5169333333333,84,"MST2021052","MST2021052_2021-06-14","MST2021052::2021-06-14","MST2021052STEX21_10","FlemmingNoergaard",NA,"Belone","MST2021052STEX21_10","21_10",17.8,"MST2021052","ja",610,FALSE,14,6,2021,14160,"Colper","Unknown",0,31,4,175,0
"489","B04","MST2021075","Colper",0,14944,0,14944,14944,NA,"ddpcr0033",NA,4.86,"2021-dec-08","2021-05-20","2021-05-11","2021-05-11","13",1,"MST-SX22",400,"MSTOJL",94300001,"VEJ0006870_94300001",55.6743833333333,10.0845083333333,21,"MST2021075","MST2021075_2021-05-11","MST2021075::2021-05-11","MST2021075STEX22_13","janeRobertsen",NA,"Frigg","MST2021075STEX22_13","22_13",98.1,"MST2021075","ja",1100,FALSE,11,5,2021,14944,"Colper","Unknown",0,38,4,182,0
"490","B05","MST2021064","Colper",0,15849,0,15849,15849,NA,"ddpcr0033","Breddegrad:56572400",2.96,"2021-nov-24","2021-09-08","2021-09-02","2021-09-02","na",1,"MST-SX21",400,"MSTNJL",93730002,"93730002_VIB3708_1",56.954,9.05020833333333,76,"MST2021064","MST2021064_2021-09-02","MST2021064::2021-09-02","MST2021064STEX21_15","kristianmcgregor",NA,"Frigg","MST2021064STEX21_15","21_15",173.7,"MST2021064","nej",700,FALSE,2,9,2021,15849,"Colper","Unknown",0,35,4,179,0
"491","B06","MST1054","Colper",0,18107,0,18107,18107,NA,"ddpcr0033",NA,6.85,"2022-jan-11","2021-05-31","2021-05-18","2021-05-18","38m",1,"MST-SX24",400,"MST_FYN",99000052,"DMU444_Arkona",55,13.3,48,"MST1054","MST1054_2021-05-18","MST1054::2021-05-18","MST1054STEX24_23","ALKRI_NIFSO",NA,"Sif",NA,"24_23",92,"MST1054","ja",1400,FALSE,18,5,2021,18107,"Colper","Unknown",0,9,4,153,0
"492","B07","MST2021076","Colper",0,16640,0,16640,16640,NA,"ddpcr0033",NA,7.4,"2022-feb-01","2021-09-08","2021-09-02","2021-09-02","42",1,"MST-SX25",400,"MSTFYN",99000052,"DMU444",54.9996666666667,13.3,457,"MST2021076","MST2021076_2021-09-02","MST2021076::2021-09-02","MST2021076STEX25_04","alkri",NA,"Sif","MST2021076STEX25_04","25_04",17.5,"MST2021076","ja",1800,FALSE,2,9,2021,16640,"Colper","Unknown",0,39,4,183,0
"493","C02","MST2021028","Colper",0,12651,0,12651,12651,NA,"ddpcr0033","VandproeverneernedkoeletogtransporterettilAalborghvorfiltreringenskete",0.58,"2021-nov-24","2021-10-09","2021-09-27","2021-09-27",NA,NA,"MST-SX21",400,"Nordjylland",92200001,"HirtshalsNOR7715_92200001",57.6078333333333,9.90025555555555,18,"MST2021028","MST2021028_2021-09-27","MST2021028::2021-09-27","MST2021028STEX21_06","SvendaageBendtsen",NA,"MagretheGaardbo","MST2021028STEX21_06","21_06",15,"MST2021028","nej",1200,TRUE,27,9,2021,12651,"Colper","Unknown",0,20,4,164,0
"494","C03","MST2021071","Colper",0.0838389843702316,14033,1,14032,14033,NA,"ddpcr0033",NA,6.5,"2022-jan-11","2021-10-21","2021-10-13","2021-10-13",NA,1,"MST-SX24",400,"Fyn",94230001,"FYN6900017",55.4678333333333,10.5169333333333,98,"MST2021071","MST2021071_2021-10-13","MST2021071::2021-10-13","MST2021071STEX24_04","FlemmingNoergaard&PauliJoergensen",NA,"Belone","MST2021071STEX24_04","24_04",11.4,"MST2021071","nej",1500,FALSE,13,10,2021,14033,"Colper","Unknown",0.0838389843702316,37,4,181,1
"495","C04","MST1022","Colper",NA,6397,0,6397,6397,NA,"ddpcr0033",NA,0.428,"2021-dec-08","2021-05-20","2021-05-17","2021-05-17","9",1,"MST-SX22",400,"MSTOJL",94400007,"ARH1700006_94400007",56.1547333333333,10.3170055555556,162,"MST1022","MST1022_2021-05-17","MST1022::2021-05-17","MST1022STEX22_02","janeRobertsen",NA,"Frigg",NA,"22_02",10.9,"MST1022","ja",1100,FALSE,17,5,2021,6397,"Colper","Unknown",0,1,4,145,0
"496","C05","MST2021079","Colper",0,14457,0,14457,14457,NA,"ddpcr0033",NA,7.6,"2021-nov-24","2021-09-08","2021-09-06","2021-09-06","2",1,"MST-SX21",400,"MSTMJL",93740007,"93740007_VIB3727_1",56.6208333333333,9.06681944444444,51,"MST2021079","MST2021079_2021-09-06","MST2021079::2021-09-06","MST2021079STEX21_21","RasmusBillegrav",NA,"Frigg","MST2021079STEX21_21","21_21",173.5,"MST2021079","ja",1100,FALSE,6,9,2021,14457,"Colper","Unknown",0,40,4,184,0
"497","C06","MST2021008","Colper",0,17261,0,17261,17261,NA,"ddpcr0033",NA,9.1,"2022-jan-11","2021-05-31","2021-05-19","2021-05-19","86",1,"MST-SX24",400,"MST_SJL",97200002,"KBH431_Ven",55.8666666666667,12.75,55,"MST2021008","MST2021008_2021-05-19","MST2021008::2021-05-19","MST2021008STEX24_05","ALKRI_NIFSO",NA,"Sif","MST2021008STEX24_05","24_05",11.8,"MST2021008","ja",1300,FALSE,19,5,2021,17261,"Colper","Unknown",0,13,4,157,0
"498","C07","MST2021029","Colper",0,16412,0,16412,16412,NA,"ddpcr0033",NA,5.7,"2021-nov-24","2021-09-15","2021-09-07","2021-09-07","12",1,"MST-SX21",400,"MSTSJL",97200002,"KBH431",55.8616666666667,12.7336055555556,501,"MST2021029","MST2021029_2021-09-07","MST2021029::2021-09-07","MST2021029STEX21_07","alkri",NA,"Sif","MST2021029STEX21_07","21_07",17.1,"MST2021029","ja",1800,TRUE,7,9,2021,16412,"Colper","Unknown",0,21,4,165,0
"499","D02","MST2021031","Colper",0,15858,0,15858,15858,NA,"ddpcr0033","ErudtagetmedLindahlslangesomdybdeintegredetproeverfra0_10metersammenmedplanktonproeverneogsaaprofilmaalingerchlAogvandkemi",0.97,"2021-nov-24","2021-07-03","2021-06-17","2021-06-17",NA,4,"MST-SX21",400,"Nordjylland",92200001,"HirtshalsNOR7715_92200001",57.6078333333333,9.90025555555555,15,"MST2021031","MST2021031_2021-06-17","MST2021031::2021-06-17","MST2021031STEX21_09","SvendaageBendtsen",NA,"MagretheGaardbo","MST2021031STEX21_09","21_09",14,"MST2021031","nej",1200,FALSE,17,6,2021,15858,"Colper","Unknown",0,23,4,167,0
"500","D03","MST2021005","Colper",0.0797201842069626,14758,1,14757,14758,NA,"ddpcr0033",NA,11.7,"2022-jan-11","2021-06-10","2021-06-01","2021-06-01",NA,1,"MST-SX24",400,"Sjaelland",93220011,"ROS60_322RoskildeFjord",55.713,12.04,48,"MST2021005","MST2021005_2021-06-01","MST2021005::2021-06-01","MST2021005STEX24_12","EmilGuddalLarsen",NA,"Mergus","MST2021005STEX24_12","24_12",17.1,"MST2021005","nej",1600,TRUE,1,6,2021,14758,"Colper","Unknown",0.0797201842069626,11,4,155,1
"501","D04","MST2021089","Colper",0,13801,0,13801,13801,NA,"ddpcr0033",NA,5.7,"2022-jan-06","2021-05-20","2021-05-17","2021-05-17","75",13,"MST-SX23",400,"MSTOJL",94510035,"EbeltoftVig",56.2094,10.6003444444444,14,"MST2021089","MST2021089_2021-05-17","MST2021089::2021-05-17","MST2021089STEX23_06","janeRobertsen",NA,"Frigg","MST2021089STEX23_06","23_06",77.3,"MST2021089","ja",1400,FALSE,17,5,2021,13801,"Colper","Unknown",0,46,4,190,0
"502","D05","MST2021082","Colper",0,15657,0,15657,15657,NA,"ddpcr0033",NA,4.09,"2021-nov-24","2021-09-08","2021-09-07","2021-09-07","4",1,"MST-SX21",400,"MSTNJL",93000005,"93000005_NOR409",56.8561,10.7845083333333,146,"MST2021082","MST2021082_2021-09-07","MST2021082::2021-09-07","MST2021082STEX21_23","RasmusBillegrav",NA,"Frigg","MST2021082STEX21_23","21_23",160.3,"MST2021082","ja",1500,FALSE,7,9,2021,15657,"Colper","Unknown",0,42,4,186,0
"503","D06","MST2021019","Colper",0,18431,0,18431,18431,NA,"ddpcr0033",NA,3.86,"2022-jan-11","2021-05-31","2021-05-25","2021-05-25","11m",1,"MST-SX24",400,"MST_NJL",93000005,"NOR409_aalborgBugt",56.8566666666667,10.7834722222222,146,"MST2021019","MST2021019_2021-05-25","MST2021019::2021-05-25","MST2021019STEX24_21","ALKRI_NICRA",NA,"Sif","MST2021019STEX24_21","24_21",88,"MST2021019","ja",1650,TRUE,25,5,2021,18431,"Colper","Unknown",0,18,4,162,0
"504","D07","MST2021083","Colper",0,16512,0,16512,16512,NA,"ddpcr0033",NA,7.8,"2022-jan-11","2021-10-29","2021-10-22","2021-10-22","12",1,"MST-SX24",400,"MSTFYN",95600002,"FYN6300043",54.9976833333333,10.1517305555556,34,"MST2021083","MST2021083_2021-10-22","MST2021083::2021-10-22","MST2021083STEX24_03","alkri",NA,"Sif","MST2021083STEX24_03","24_03",12.5,"MST2021083","ja",1500,FALSE,22,10,2021,16512,"Colper","Unknown",0,43,4,187,0
"505","E02","MST2021032","Colper",0,15922,0,15922,15922,NA,"ddpcr0033","erudtagetmedNiskinvandhenter",3.28,"2022-jan-11","2021-07-03","2021-06-23","2021-06-23",NA,3,"MST-SX24",400,"Nordjylland",93920064,"KragskovRevSyd",57.5407666666667,10.4687805555556,4,"MST2021032","MST2021032_2021-06-23","MST2021032::2021-06-23","MST2021032STEX24_11","SvendaageBendtsen",NA,"Pingo","MST2021032STEX24_11","24_11",15.7,"MST2021032","nej",1400,FALSE,23,6,2021,15922,"Colper","Unknown",0,24,4,168,0
"506","E03","MST2021025","Colper",0,13043,0,13043,13043,NA,"ddpcr0033","Datoforoverfoerseltil_80Cfryserenilaboratorieterikkedokumenteremenproevemersenestblevetoverfoertd15_06_2021ogmuligvisvedentidligeredato
",3.16,"2022-jan-11","2021-06-15","2021-06-10","2021-06-10",NA,28,"MST-SX24",400,"Sjaelland",99150002,"FranksRev",55.0334833333333,15.5078333333333,39,"MST2021025","MST2021025_2021-06-10","MST2021025::2021-06-10","MST2021025STEX24_02","EmilGuddalLarsen",NA,"Mergus","MST2021025STEX24_02","24_02",16.8,"MST2021025","nej",1750,TRUE,10,6,2021,13043,"Colper","Unknown",0,19,4,163,0
"507","E04","MST2021088","Colper",0,14227,0,14227,14227,NA,"ddpcr0033",NA,16.5,"2022-feb-01","2021-05-21","2021-05-20","2021-05-20","75",188,"MST-SX25",400,"MSTFYN",96700057,"KertemindeBugt",55.4392166666667,10.8276944444444,198,"MST2021088","MST2021088_2021-05-20","MST2021088::2021-05-20","MST2021088STEX25_03","janeRobertsen",NA,"Frigg","MST2021088STEX25_03","25_03",73.7,"MST2021088","ja",1600,FALSE,20,5,2021,14227,"Colper","Unknown",0,45,4,189,0
"508","E05","MST2021070","Colper",0,14654,0,14654,14654,NA,"ddpcr0033",NA,9.1,"2022-jan-11","2021-10-27","2021-10-26","2021-10-26","86",1,"MST-SX24",400,"MSTNJL",93610032,"93610032",56.6626666666667,9.96678333333333,28,"MST2021070","MST2021070_2021-10-26","MST2021070::2021-10-26","MST2021070STEX24_16","RasmusBillegrav",NA,"Frigg","MST2021070STEX24_16","24_16",107.4,"MST2021070","ja",1200,FALSE,26,10,2021,14654,"Colper","Unknown",0,36,4,180,0
"509","E06","MST2021030","Colper",0,16299,0,16299,16299,NA,"ddpcr0033",NA,4.07,"2021-nov-24","2021-05-31","2021-05-26","2021-05-26","N_A",1,"MST-SX21",400,"MST_MJL",93740007,"SkiveFjord",56.6208333333333,9.06681944444444,5,"MST2021030","MST2021030_2021-05-26","MST2021030::2021-05-26","MST2021030STEX21_08","PHELD_NICRA",NA,"Sif","MST2021030STEX21_08","21_08",115.9,"MST2021030","nej",1600,TRUE,26,5,2021,16299,"Colper","Unknown",0,22,4,166,0
"510","E07","MST2021006","Colper",0,16590,0,16590,16590,NA,"ddpcr0033",NA,7.65,"2022-jan-11","2021-08-25","2021-08-24","2021-08-24","_",96,"MST-SX24",400,"MSTSTO",99210007,"1001027Hovedeskov",54.7410833333333,12.0851805555556,106,"MST2021006","MST2021006_2021-08-24","MST2021006::2021-08-24","MST2021006STEX24_13","NicolaiEspenhainAnker",NA,"ABRA","MST2021006STEX24_13","24_13",17.3,"MST2021006","nej",1400,TRUE,24,8,2021,16590,"Colper","Unknown",0,12,4,156,0
"511","F02","MST2021040","Colper",0,15369,0,15369,15369,NA,"ddpcr0033",NA,4.92,"2021-dec-08","2021-09-22","2021-09-15","2021-09-15",NA,95,"MST-SX22",400,"MSToestjylland",93420310,"Tr3Fornaes",56.4437333333333,10.9524027777778,11,"MST2021040","MST2021040_2021-09-15","MST2021040::2021-09-15","MST2021040STEX22_09","JensDeding",NA,"Havana","MST2021040STEX22_09","22_09",15.7,"MST2021040","?",1270,FALSE,15,9,2021,15369,"Colper","Unknown",0,26,4,170,0
"512","F03","NEKfeb2022","Colper",NA,3342,0,3342,3342,NA,"ddpcr0033",NA,NA,NA,NA,NA,NA,NA,NA,NA,NA,NA,NA,NA,NA,NA,NA,NA,NA,NA,NA,NA,NA,NA,NA,NA,NA,NA,NA,NA,NA,NA,NA,NA,3342,"Colper","Unknown",0,48,4,192,0
"513","F04","MST2021062","Colper",0.0850143134593964,13839,1,13838,13839,NA,"ddpcr0033",NA,19,"2022-feb-01","2021-05-21","2021-05-21","2021-05-21","12",1,"MST-SX25",400,"MSTFYN",95600002,"95600002_FYN6300043",54.9975833333333,10.1654166666667,361,"MST2021062","MST2021062_2021-05-21","MST2021062::2021-05-21","MST2021062STEX25_10","janeRobertsen",NA,"Frigg","MST2021062STEX25_10","25_10",112.2,"MST2021062","ja",1400,FALSE,21,5,2021,13839,"Colper","Unknown",0.0850143134593964,34,4,178,1
"514","F05","MST1043","Colper",0,15148,0,15148,15148,NA,"ddpcr0033",NA,3.06,"2022-jan-06","2021-04-12","2021-04-06","2021-04-06",NA,11,"MST-SX23",400,"MSTOJL",93500119,"Hevringbugt",56.6261666666667,10.3204,12,"MST1043","MST1043_2021-04-06","MST1043::2021-04-06","MST1043STEX23_02","JOCTH",NA,"Musling",NA,"23_02",64.3,"MST1043","nej",1500,FALSE,6,4,2021,15148,"Colper","Unknown",0,8,4,152,0
"515","F06","MST2021055","Colper",0,17563,0,17563,17563,NA,"ddpcr0033",NA,5.3,"2021-nov-24","2021-09-15","2021-09-14","2021-09-14","24",1,"MST-SX21",400,"STO",99000049,"99000049",55.25,15.9833333333333,909,"MST2021055","MST2021055_2021-09-14","MST2021055::2021-09-14","MST2021055STEX21_12","krmsk",NA,"sif","MST2021055STEX21_12","21_12",169.3,"MST2021055","ja",1500,FALSE,14,9,2021,17563,"Colper","Unknown",0,32,4,176,0
"516","F07","MST2021011","Colper",0,17221,0,17221,17221,NA,"ddpcr0033",NA,4.23,"2021-dec-08","2021-08-03","2021-08-31","2021-08-31","_",4.1e+16,"MST-SX22",400,"MSTSTO",98210012,"0401011FemerenBaeltVest",54.73475,11.0846527777778,51,"MST2021011","MST2021011_2021-08-31","MST2021011::2021-08-31","MST2021011STEX22_05","NicolaiEspenhainAnker",NA,"ABRA","MST2021011STEX22_05","22_05",170.9,"MST2021011","nej",1500,TRUE,31,8,2021,17221,"Colper","Unknown",0,14,4,158,0
"517","G02","MST2021081","Colper",0,16179,0,16179,16179,NA,"ddpcr0033","RIB1510007",3.54,"2021-nov-24","2021-09-21","2021-09-20","2021-09-20",NA,1,"MST-SX21",400,"Sydjylland",91500007,"Soenderhooest",55.3375166666667,8.35012777777778,63,"MST2021081","MST2021081_2021-09-20","MST2021081::2021-09-20","MST2021081STEX21_22","LasseoerstedJensen",NA,"Haig","MST2021081STEX21_22","21_22",16,"MST2021081","nej",1300,FALSE,20,9,2021,16179,"Colper","Unknown",0,41,4,185,0
"518","G03","MST1028","Colper",NA,4012,0,4012,4012,NA,"ddpcr0033",NA,7.15,"2022-jan-06","2021-03-26","2021-03-15","2021-03-15","17",282,"MST-SX23",400,"MSTSYD",95700008,"FFSB0011",54.8341666666667,9.81666666666667,292,"MST1028","MST1028_2021-03-15","MST1028::2021-03-15","MST1028STEX23_11","RasmusBillegrav",NA,"LivII",NA,"23_11",27.8,"MST1028","ja",1600,FALSE,15,3,2021,4012,"Colper","Unknown",0,4,4,148,0
"519","G04","MST2021051","Colper",0,13682,0,13682,13682,NA,"ddpcr0033",NA,22.5,"2022-feb-01","2021-06-10","2021-06-04","2021-06-04",NA,1,"MST-SX25",400,"MSTNJL",93730002,"93730002_VIB3708_1",56.9543333333333,9.07075,7,"MST2021051","MST2021051_2021-06-04","MST2021051::2021-06-04","MST2021051STEX25_16","RasmusBillegrav",NA,"Frigg","MST2021051STEX25_16","25_16",150.8,"MST2021051","nej",1700,FALSE,4,6,2021,13682,"Colper","Unknown",0,30,4,174,0
"520","G05","MST1024","Colper",0,16130,0,16130,16130,NA,"ddpcr0033",NA,1,"2022-jan-06","2021-04-19","2021-04-15","2021-04-15",NA,5,"MST-SX23",400,"MSTMJL",93770056,"NissumBredning",56.6008333333333,8.400225,6,"MST1024","MST1024_2021-04-15","MST1024::2021-04-15","MST1024STEX23_14","JOCTH",NA,"Musling",NA,"23_14",69,"MST1024","nej",1500,FALSE,15,4,2021,16130,"Colper","Unknown",0,2,4,146,0
"521","G06","MST2021085","Colper",0,17608,0,17608,17608,NA,"ddpcr0033",NA,3.26,"2021-nov-24","2021-09-22","2021-09-16","2021-09-16","8.8E+016",1,"MST-SX21",400,"SJL",93000001,"93000001",56.1305,11.1501055555556,439,"MST2021085","MST2021085_2021-09-16","MST2021085::2021-09-16","MST2021085STEX21_24","krmsk",NA,"sif","MST2021085STEX21_24","21_24",173.2,"MST2021085","ja",1700,FALSE,16,9,2021,17608,"Colper","Unknown",0,44,4,188,0
"522","G07","MST2021002","Colper",0,16219,0,16219,16219,NA,"ddpcr0033",NA,5.4,"2021-dec-08","2021-07-08","2021-07-07","2021-07-07","_",57,"MST-SX22",400,"MSTSTO",96220363,"0101142EnoeNor",55.15755,11.6357944444444,67,"MST2021002","MST2021002_2021-07-07","MST2021002::2021-07-07","MST2021002STEX22_04","jakobOleLarsen",NA,"ABRA","MST2021002STEX22_04","22_04",20.4,"MST2021002","nej",1000,TRUE,7,7,2021,16219,"Colper","Unknown",0,10,4,154,0
"523","H02","MST2021044","Colper",0,12364,0,12364,12364,NA,"ddpcr0033","RIB1510007",2.62,"2021-dec-08","2021-05-20","2021-05-19","2021-05-19",NA,1,"MST-SX22",400,"Sydjylland",91500007,"Soenderhooest",55.3375166666667,8.35012777777778,55,"MST2021044","MST2021044_2021-05-19","MST2021044::2021-05-19","MST2021044STEX22_11","LasseoerstedJensen",NA,"Haig","MST2021044STEX22_11","22_11",11,"MST2021044","nej",1200,FALSE,19,5,2021,12364,"Colper","Unknown",0,28,4,172,0
"524","H03","MST1027","Colper",0,15656,0,15656,15656,NA,"ddpcr0033",NA,5.4,"2022-feb-01","2021-03-26","2021-03-19","2021-03-19","95",155,"MST-SX25",400,"MSTFYN",96510125,"Sydfynskeoehav_BF11",55.0262,10.3685111111111,165,"MST1027","MST1027_2021-03-19","MST1027::2021-03-19","MST1027STEX25_15","RasmusBillegrav",NA,"LivII",NA,"25_15",42,"MST1027","ja",1500,FALSE,19,3,2021,15656,"Colper","Unknown",0,3,4,147,0
"525","H04","MST2021099","Colper",0,15905,0,15905,15905,NA,"ddpcr0033",NA,5.4,"2022-jan-11","2021-08-25","2021-08-24","2021-08-24","3",1,"MST-SX24",400,"MSTOJL",94400007,"94400007_ARH170006",56.1544166666667,10.3166972222222,16,"MST2021099","MST2021099_2021-08-24","MST2021099::2021-08-24","MST2021099STEX24_19","RasmusBillegrav",NA,"Frigg","MST2021099STEX24_19","24_19",175.1,"MST2021099","ja",1500,FALSE,24,8,2021,15905,"Colper","Unknown",0,47,4,191,0
"526","H05","MST1031","Colper",0,16442,0,16442,16442,NA,"ddpcr0033",NA,17.5,"2022-feb-01","2021-03-26","2021-03-17","2021-03-17","Ingenlagdeling",89,"MST-SX25",400,"MST_SJL",93210013,"Isefjordydre",55.8656666666667,11.7835111111111,105,"MST1031","MST1031_2021-03-17","MST1031::2021-03-17","MST1031STEX25_11","PHELD_NIFSO",NA,"Daphne",NA,"25_11",33.6,"MST1031","nej",1500,FALSE,17,3,2021,16442,"Colper","Unknown",0,5,4,149,0
"527","H06","MST1038","Colper",0,16860,0,16860,16860,NA,"ddpcr0033",NA,2.61,"2022-jan-06","2021-04-16","2021-04-14","2021-04-14","3",111,"MST-SX23",400,"MST_STORSTRoeM",95220322,"BFKarrebaeksmindeBugt",55.1395,11.5002361111111,121,"MST1038","MST1038_2021-04-14","MST1038::2021-04-14","MST1038STEX23_09","Alkri",NA,"DAPHNE",NA,"23_09",60.3,"MST1038","ja",1700,FALSE,14,4,2021,16860,"Colper","Unknown",0,6,4,150,0
"528","H07","MST2021013","Colper",0,15537,0,15537,15537,NA,"ddpcr0033",NA,9.55,"2021-dec-08","2021-09-10","2021-08-25","2021-08-25",NA,1,"MST-SX22",400,"Sjaelland",93220011,"ROS60",55.713,12.04,48,"MST2021013","MST2021013_2021-08-25","MST2021013::2021-08-25","MST2021013STEX22_06","EmilGuddalLarsen",NA,"Mergus","MST2021013STEX22_06","22_06",17.9,"MST2021013","nej",1600,TRUE,25,8,2021,15537,"Colper","Unknown",0,16,4,160,0
"529","A02","MST1039","Corcas",0,18209,0,18209,18209,NA,"ddpcr0034",NA,13.6,"2022-feb-01","2021-05-03","2021-04-26","2021-04-26","na",1,"MST-SX25",400,"MST_MJL",91320001,"RKB1",56.0778333333333,8.21670555555556,32,"MST1039","MST1039_2021-04-26","MST1039::2021-04-26","MST1039STEX25_19","JettePoulsenEngholm",NA,"Penelope",NA,"25_19",95,"MST1039","nej",570,FALSE,26,4,2021,18209,"Corcas","Unknown",0,7,5,199,0
"530","A03","MST2021049","Corcas",0,19063,0,19063,19063,NA,"ddpcr0034","LISD0027",7.75,"2022-jan-06","2021-05-21","2021-05-21","2021-05-21",NA,10,"MST-SX23",400,"Sydjylland",91650035,"ListerDyb",55.0938666666667,8.56828611111111,11,"MST2021049","MST2021049_2021-05-21","MST2021049::2021-05-21","MST2021049STEX23_10","LasseoerstedJensen",NA,"Fucus","MST2021049STEX23_10","23_10",11,"MST2021049","nej",500,FALSE,21,5,2021,19063,"Corcas","Unknown",0,29,5,221,0
"531","A04","MST2021012","Corcas",0,17116,0,17116,17116,NA,"ddpcr0034",NA,11,"2022-feb-01","2021-05-03","2021-04-27","2021-04-27","na",59,"MST-SX25",400,"MSTSYD",95130028,"VejleFjordindre_VF",55.7021833333333,9.66136111111111,69,"MST2021012","MST2021012_2021-04-27","MST2021012::2021-04-27","MST2021012STEX25_12","KRISTIANMCGREGOR",NA,"LIVII","MST2021012STEX25_12","25_12",81.7,"MST2021012","nej",1500,TRUE,27,4,2021,17116,"Corcas","Unknown",0,15,5,207,0
"532","A05","MST2021058","Corcas",NA,0,0,0,0,NA,"ddpcr0034",NA,3.7,"2021-nov-24","2021-09-03","2021-08-30","2021-08-30","17",1,"MST-SX21",400,"MSTOJL",94300001,"94300001_VEJ0006870",55.6743833333333,10.0845083333333,194,"MST2021058","MST2021058_2021-08-30","MST2021058::2021-08-30","MST2021058STEX21_13","KRISTIANMCGREGOR",NA,"Frigg","MST2021058STEX21_13","21_13",100.7,"MST2021058","ja",1500,FALSE,30,8,2021,0,"Corcas","Unknown",0,33,5,225,0
"533","A06","MST2021039","Corcas",0,18361,0,18361,18361,NA,"ddpcr0034",NA,2.72,"2021-dec-08","2021-05-20","2021-05-07","2021-05-07","7m",1,"MST-SX22",400,"MST_NJL",93610032,"MariagerFjord",56.6626666666667,9.96678333333333,27,"MST2021039","MST2021039_2021-05-07","MST2021039::2021-05-07","MST2021039STEX22_08","PHELD_ALKRI",NA,"Sif","MST2021039STEX22_08","22_08",92.8,"MST2021039","ja",1800,FALSE,7,5,2021,18361,"Corcas","Unknown",0,25,5,217,0
"534","A07","MST2021043","Corcas",0,18103,0,18103,18103,NA,"ddpcr0034","Dererkunenproevetilraadighed_proeve2erbortkommet",4.41,"2021-dec-08","2021-05-20","2021-05-17","2021-05-17","4",1,"MST-SX22",400,"MSTSJL",93000001,"VSJ20925",56.1316666666667,11.1513361111111,48,"MST2021043","MST2021043_2021-05-17","MST2021043::2021-05-17","MST2021043STEX22_10","alkri_nifso",NA,"Sif","MST2021043STEX22_10","22_10",10.6,"MST2021043","ja",1500,FALSE,17,5,2021,18103,"Corcas","Unknown",0,27,5,219,0
"535","B02","MST2021015","Corcas",0,15573,0,15573,15573,NA,"ddpcr0034",NA,5.4,"2021-nov-24","2021-09-08","2021-09-02","2021-09-02","na",1,"MST-SX21",400,"MST_MJL",91320001,"RKB1",56.0778333333333,8.21678611111111,32,"MST2021015","MST2021015_2021-09-02","MST2021015::2021-09-02","MST2021015STEX21_03","BentJensen",NA,"Penelope","MST2021015STEX21_03","21_03",17.5,"MST2021015","nej",925,TRUE,2,9,2021,15573,"Corcas","Unknown",0,17,5,209,0
"536","B03","MST2021052","Corcas",0,17123,0,17123,17123,NA,"ddpcr0034",NA,8.95,"2021-nov-24","2021-06-15","2021-06-14","2021-06-14","26",1,"MST-SX21",400,"Fyn",94230001,"FYN6900017",55.4678333333333,10.5169333333333,84,"MST2021052","MST2021052_2021-06-14","MST2021052::2021-06-14","MST2021052STEX21_10","FlemmingNoergaard",NA,"Belone","MST2021052STEX21_10","21_10",17.8,"MST2021052","ja",610,FALSE,14,6,2021,17123,"Corcas","Unknown",0,31,5,223,0
"537","B04","MST2021075","Corcas",0,18496,0,18496,18496,NA,"ddpcr0034",NA,4.86,"2021-dec-08","2021-05-20","2021-05-11","2021-05-11","13",1,"MST-SX22",400,"MSTOJL",94300001,"VEJ0006870_94300001",55.6743833333333,10.0845083333333,21,"MST2021075","MST2021075_2021-05-11","MST2021075::2021-05-11","MST2021075STEX22_13","janeRobertsen",NA,"Frigg","MST2021075STEX22_13","22_13",98.1,"MST2021075","ja",1100,FALSE,11,5,2021,18496,"Corcas","Unknown",0,38,5,230,0
"538","B05","MST2021064","Corcas",0,4642,0,4642,4642,NA,"ddpcr0034","Breddegrad:56572400",2.96,"2021-nov-24","2021-09-08","2021-09-02","2021-09-02","na",1,"MST-SX21",400,"MSTNJL",93730002,"93730002_VIB3708_1",56.954,9.05020833333333,76,"MST2021064","MST2021064_2021-09-02","MST2021064::2021-09-02","MST2021064STEX21_15","kristianmcgregor",NA,"Frigg","MST2021064STEX21_15","21_15",173.7,"MST2021064","nej",700,FALSE,2,9,2021,4642,"Corcas","Unknown",0,35,5,227,0
"539","B06","MST1054","Corcas",0,18335,0,18335,18335,NA,"ddpcr0034",NA,6.85,"2022-jan-11","2021-05-31","2021-05-18","2021-05-18","38m",1,"MST-SX24",400,"MST_FYN",99000052,"DMU444_Arkona",55,13.3,48,"MST1054","MST1054_2021-05-18","MST1054::2021-05-18","MST1054STEX24_23","ALKRI_NIFSO",NA,"Sif",NA,"24_23",92,"MST1054","ja",1400,FALSE,18,5,2021,18335,"Corcas","Unknown",0,9,5,201,0
"540","B07","MST2021076","Corcas",0,17335,0,17335,17335,NA,"ddpcr0034",NA,7.4,"2022-feb-01","2021-09-08","2021-09-02","2021-09-02","42",1,"MST-SX25",400,"MSTFYN",99000052,"DMU444",54.9996666666667,13.3,457,"MST2021076","MST2021076_2021-09-02","MST2021076::2021-09-02","MST2021076STEX25_04","alkri",NA,"Sif","MST2021076STEX25_04","25_04",17.5,"MST2021076","ja",1800,FALSE,2,9,2021,17335,"Corcas","Unknown",0,39,5,231,0
"541","C02","MST2021028","Corcas",0,15808,0,15808,15808,NA,"ddpcr0034","VandproeverneernedkoeletogtransporterettilAalborghvorfiltreringenskete",0.58,"2021-nov-24","2021-10-09","2021-09-27","2021-09-27",NA,NA,"MST-SX21",400,"Nordjylland",92200001,"HirtshalsNOR7715_92200001",57.6078333333333,9.90025555555555,18,"MST2021028","MST2021028_2021-09-27","MST2021028::2021-09-27","MST2021028STEX21_06","SvendaageBendtsen",NA,"MagretheGaardbo","MST2021028STEX21_06","21_06",15,"MST2021028","nej",1200,TRUE,27,9,2021,15808,"Corcas","Unknown",0,20,5,212,0
"542","C03","MST2021071","Corcas",0,14015,0,14015,14015,NA,"ddpcr0034",NA,6.5,"2022-jan-11","2021-10-21","2021-10-13","2021-10-13",NA,1,"MST-SX24",400,"Fyn",94230001,"FYN6900017",55.4678333333333,10.5169333333333,98,"MST2021071","MST2021071_2021-10-13","MST2021071::2021-10-13","MST2021071STEX24_04","FlemmingNoergaard&PauliJoergensen",NA,"Belone","MST2021071STEX24_04","24_04",11.4,"MST2021071","nej",1500,FALSE,13,10,2021,14015,"Corcas","Unknown",0,37,5,229,0
"543","C04","MST1022","Corcas",0,16024,0,16024,16024,NA,"ddpcr0034",NA,0.428,"2021-dec-08","2021-05-20","2021-05-17","2021-05-17","9",1,"MST-SX22",400,"MSTOJL",94400007,"ARH1700006_94400007",56.1547333333333,10.3170055555556,162,"MST1022","MST1022_2021-05-17","MST1022::2021-05-17","MST1022STEX22_02","janeRobertsen",NA,"Frigg",NA,"22_02",10.9,"MST1022","ja",1100,FALSE,17,5,2021,16024,"Corcas","Unknown",0,1,5,193,0
"544","C05","MST2021079","Corcas",0,4848,0,4848,4848,NA,"ddpcr0034",NA,7.6,"2021-nov-24","2021-09-08","2021-09-06","2021-09-06","2",1,"MST-SX21",400,"MSTMJL",93740007,"93740007_VIB3727_1",56.6208333333333,9.06681944444444,51,"MST2021079","MST2021079_2021-09-06","MST2021079::2021-09-06","MST2021079STEX21_21","RasmusBillegrav",NA,"Frigg","MST2021079STEX21_21","21_21",173.5,"MST2021079","ja",1100,FALSE,6,9,2021,4848,"Corcas","Unknown",0,40,5,232,0
"545","C06","MST2021008","Corcas",0,9050,0,9050,9050,NA,"ddpcr0034",NA,9.1,"2022-jan-11","2021-05-31","2021-05-19","2021-05-19","86",1,"MST-SX24",400,"MST_SJL",97200002,"KBH431_Ven",55.8666666666667,12.75,55,"MST2021008","MST2021008_2021-05-19","MST2021008::2021-05-19","MST2021008STEX24_05","ALKRI_NIFSO",NA,"Sif","MST2021008STEX24_05","24_05",11.8,"MST2021008","ja",1300,FALSE,19,5,2021,9050,"Corcas","Unknown",0,13,5,205,0
"546","C07","MST2021029","Corcas",0,16361,0,16361,16361,NA,"ddpcr0034",NA,5.7,"2021-nov-24","2021-09-15","2021-09-07","2021-09-07","12",1,"MST-SX21",400,"MSTSJL",97200002,"KBH431",55.8616666666667,12.7336055555556,501,"MST2021029","MST2021029_2021-09-07","MST2021029::2021-09-07","MST2021029STEX21_07","alkri",NA,"Sif","MST2021029STEX21_07","21_07",17.1,"MST2021029","ja",1800,TRUE,7,9,2021,16361,"Corcas","Unknown",0,21,5,213,0
"547","D02","MST2021031","Corcas",0,16550,0,16550,16550,NA,"ddpcr0034","ErudtagetmedLindahlslangesomdybdeintegredetproeverfra0_10metersammenmedplanktonproeverneogsaaprofilmaalingerchlAogvandkemi",0.97,"2021-nov-24","2021-07-03","2021-06-17","2021-06-17",NA,4,"MST-SX21",400,"Nordjylland",92200001,"HirtshalsNOR7715_92200001",57.6078333333333,9.90025555555555,15,"MST2021031","MST2021031_2021-06-17","MST2021031::2021-06-17","MST2021031STEX21_09","SvendaageBendtsen",NA,"MagretheGaardbo","MST2021031STEX21_09","21_09",14,"MST2021031","nej",1200,FALSE,17,6,2021,16550,"Corcas","Unknown",0,23,5,215,0
"548","D03","MST2021005","Corcas",0,15319,0,15319,15319,NA,"ddpcr0034",NA,11.7,"2022-jan-11","2021-06-10","2021-06-01","2021-06-01",NA,1,"MST-SX24",400,"Sjaelland",93220011,"ROS60_322RoskildeFjord",55.713,12.04,48,"MST2021005","MST2021005_2021-06-01","MST2021005::2021-06-01","MST2021005STEX24_12","EmilGuddalLarsen",NA,"Mergus","MST2021005STEX24_12","24_12",17.1,"MST2021005","nej",1600,TRUE,1,6,2021,15319,"Corcas","Unknown",0,11,5,203,0
"549","D04","MST2021089","Corcas",0,14753,0,14753,14753,NA,"ddpcr0034",NA,5.7,"2022-jan-06","2021-05-20","2021-05-17","2021-05-17","75",13,"MST-SX23",400,"MSTOJL",94510035,"EbeltoftVig",56.2094,10.6003444444444,14,"MST2021089","MST2021089_2021-05-17","MST2021089::2021-05-17","MST2021089STEX23_06","janeRobertsen",NA,"Frigg","MST2021089STEX23_06","23_06",77.3,"MST2021089","ja",1400,FALSE,17,5,2021,14753,"Corcas","Unknown",0,46,5,238,0
"550","D05","MST2021082","Corcas",0,5044,0,5044,5044,NA,"ddpcr0034",NA,4.09,"2021-nov-24","2021-09-08","2021-09-07","2021-09-07","4",1,"MST-SX21",400,"MSTNJL",93000005,"93000005_NOR409",56.8561,10.7845083333333,146,"MST2021082","MST2021082_2021-09-07","MST2021082::2021-09-07","MST2021082STEX21_23","RasmusBillegrav",NA,"Frigg","MST2021082STEX21_23","21_23",160.3,"MST2021082","ja",1500,FALSE,7,9,2021,5044,"Corcas","Unknown",0,42,5,234,0
"551","D06","MST2021019","Corcas",0,18748,0,18748,18748,NA,"ddpcr0034",NA,3.86,"2022-jan-11","2021-05-31","2021-05-25","2021-05-25","11m",1,"MST-SX24",400,"MST_NJL",93000005,"NOR409_aalborgBugt",56.8566666666667,10.7834722222222,146,"MST2021019","MST2021019_2021-05-25","MST2021019::2021-05-25","MST2021019STEX24_21","ALKRI_NICRA",NA,"Sif","MST2021019STEX24_21","24_21",88,"MST2021019","ja",1650,TRUE,25,5,2021,18748,"Corcas","Unknown",0,18,5,210,0
"552","D07","MST2021083","Corcas",0,15751,0,15751,15751,NA,"ddpcr0034",NA,7.8,"2022-jan-11","2021-10-29","2021-10-22","2021-10-22","12",1,"MST-SX24",400,"MSTFYN",95600002,"FYN6300043",54.9976833333333,10.1517305555556,34,"MST2021083","MST2021083_2021-10-22","MST2021083::2021-10-22","MST2021083STEX24_03","alkri",NA,"Sif","MST2021083STEX24_03","24_03",12.5,"MST2021083","ja",1500,FALSE,22,10,2021,15751,"Corcas","Unknown",0,43,5,235,0
"553","E02","MST2021032","Corcas",0,13317,0,13317,13317,NA,"ddpcr0034","erudtagetmedNiskinvandhenter",3.28,"2022-jan-11","2021-07-03","2021-06-23","2021-06-23",NA,3,"MST-SX24",400,"Nordjylland",93920064,"KragskovRevSyd",57.5407666666667,10.4687805555556,4,"MST2021032","MST2021032_2021-06-23","MST2021032::2021-06-23","MST2021032STEX24_11","SvendaageBendtsen",NA,"Pingo","MST2021032STEX24_11","24_11",15.7,"MST2021032","nej",1400,FALSE,23,6,2021,13317,"Corcas","Unknown",0,24,5,216,0
"554","E03","MST2021025","Corcas",0,14920,0,14920,14920,NA,"ddpcr0034","Datoforoverfoerseltil_80Cfryserenilaboratorieterikkedokumenteremenproevemersenestblevetoverfoertd15_06_2021ogmuligvisvedentidligeredato
",3.16,"2022-jan-11","2021-06-15","2021-06-10","2021-06-10",NA,28,"MST-SX24",400,"Sjaelland",99150002,"FranksRev",55.0334833333333,15.5078333333333,39,"MST2021025","MST2021025_2021-06-10","MST2021025::2021-06-10","MST2021025STEX24_02","EmilGuddalLarsen",NA,"Mergus","MST2021025STEX24_02","24_02",16.8,"MST2021025","nej",1750,TRUE,10,6,2021,14920,"Corcas","Unknown",0,19,5,211,0
"555","E04","MST2021088","Corcas",0,15084,0,15084,15084,NA,"ddpcr0034",NA,16.5,"2022-feb-01","2021-05-21","2021-05-20","2021-05-20","75",188,"MST-SX25",400,"MSTFYN",96700057,"KertemindeBugt",55.4392166666667,10.8276944444444,198,"MST2021088","MST2021088_2021-05-20","MST2021088::2021-05-20","MST2021088STEX25_03","janeRobertsen",NA,"Frigg","MST2021088STEX25_03","25_03",73.7,"MST2021088","ja",1600,FALSE,20,5,2021,15084,"Corcas","Unknown",0,45,5,237,0
"556","E05","MST2021070","Corcas",0,4794,0,4794,4794,NA,"ddpcr0034",NA,9.1,"2022-jan-11","2021-10-27","2021-10-26","2021-10-26","86",1,"MST-SX24",400,"MSTNJL",93610032,"93610032",56.6626666666667,9.96678333333333,28,"MST2021070","MST2021070_2021-10-26","MST2021070::2021-10-26","MST2021070STEX24_16","RasmusBillegrav",NA,"Frigg","MST2021070STEX24_16","24_16",107.4,"MST2021070","ja",1200,FALSE,26,10,2021,4794,"Corcas","Unknown",0,36,5,228,0
"557","E06","MST2021030","Corcas",0,16045,0,16045,16045,NA,"ddpcr0034",NA,4.07,"2021-nov-24","2021-05-31","2021-05-26","2021-05-26","N_A",1,"MST-SX21",400,"MST_MJL",93740007,"SkiveFjord",56.6208333333333,9.06681944444444,5,"MST2021030","MST2021030_2021-05-26","MST2021030::2021-05-26","MST2021030STEX21_08","PHELD_NICRA",NA,"Sif","MST2021030STEX21_08","21_08",115.9,"MST2021030","nej",1600,TRUE,26,5,2021,16045,"Corcas","Unknown",0,22,5,214,0
"558","E07","MST2021006","Corcas",0,16531,0,16531,16531,NA,"ddpcr0034",NA,7.65,"2022-jan-11","2021-08-25","2021-08-24","2021-08-24","_",96,"MST-SX24",400,"MSTSTO",99210007,"1001027Hovedeskov",54.7410833333333,12.0851805555556,106,"MST2021006","MST2021006_2021-08-24","MST2021006::2021-08-24","MST2021006STEX24_13","NicolaiEspenhainAnker",NA,"ABRA","MST2021006STEX24_13","24_13",17.3,"MST2021006","nej",1400,TRUE,24,8,2021,16531,"Corcas","Unknown",0,12,5,204,0
"559","F02","MST2021040","Corcas",0,13914,0,13914,13914,NA,"ddpcr0034",NA,4.92,"2021-dec-08","2021-09-22","2021-09-15","2021-09-15",NA,95,"MST-SX22",400,"MSToestjylland",93420310,"Tr3Fornaes",56.4437333333333,10.9524027777778,11,"MST2021040","MST2021040_2021-09-15","MST2021040::2021-09-15","MST2021040STEX22_09","JensDeding",NA,"Havana","MST2021040STEX22_09","22_09",15.7,"MST2021040","?",1270,FALSE,15,9,2021,13914,"Corcas","Unknown",0,26,5,218,0
"560","F03","NEKfeb2022","Corcas",0,15227,0,15227,15227,NA,"ddpcr0034",NA,NA,NA,NA,NA,NA,NA,NA,NA,NA,NA,NA,NA,NA,NA,NA,NA,NA,NA,NA,NA,NA,NA,NA,NA,NA,NA,NA,NA,NA,NA,NA,NA,15227,"Corcas","Unknown",0,48,5,240,0
"561","F04","MST2021062","Corcas",0,14612,0,14612,14612,NA,"ddpcr0034",NA,19,"2022-feb-01","2021-05-21","2021-05-21","2021-05-21","12",1,"MST-SX25",400,"MSTFYN",95600002,"95600002_FYN6300043",54.9975833333333,10.1654166666667,361,"MST2021062","MST2021062_2021-05-21","MST2021062::2021-05-21","MST2021062STEX25_10","janeRobertsen",NA,"Frigg","MST2021062STEX25_10","25_10",112.2,"MST2021062","ja",1400,FALSE,21,5,2021,14612,"Corcas","Unknown",0,34,5,226,0
"562","F05","MST1043","Corcas",0,4818,0,4818,4818,NA,"ddpcr0034",NA,3.06,"2022-jan-06","2021-04-12","2021-04-06","2021-04-06",NA,11,"MST-SX23",400,"MSTOJL",93500119,"Hevringbugt",56.6261666666667,10.3204,12,"MST1043","MST1043_2021-04-06","MST1043::2021-04-06","MST1043STEX23_02","JOCTH",NA,"Musling",NA,"23_02",64.3,"MST1043","nej",1500,FALSE,6,4,2021,4818,"Corcas","Unknown",0,8,5,200,0
"563","F06","MST2021055","Corcas",0,16111,0,16111,16111,NA,"ddpcr0034",NA,5.3,"2021-nov-24","2021-09-15","2021-09-14","2021-09-14","24",1,"MST-SX21",400,"STO",99000049,"99000049",55.25,15.9833333333333,909,"MST2021055","MST2021055_2021-09-14","MST2021055::2021-09-14","MST2021055STEX21_12","krmsk",NA,"sif","MST2021055STEX21_12","21_12",169.3,"MST2021055","ja",1500,FALSE,14,9,2021,16111,"Corcas","Unknown",0,32,5,224,0
"564","F07","MST2021011","Corcas",0.0745002403855324,15792,1,15791,15792,NA,"ddpcr0034",NA,4.23,"2021-dec-08","2021-08-03","2021-08-31","2021-08-31","_",4.1e+16,"MST-SX22",400,"MSTSTO",98210012,"0401011FemerenBaeltVest",54.73475,11.0846527777778,51,"MST2021011","MST2021011_2021-08-31","MST2021011::2021-08-31","MST2021011STEX22_05","NicolaiEspenhainAnker",NA,"ABRA","MST2021011STEX22_05","22_05",170.9,"MST2021011","nej",1500,TRUE,31,8,2021,15792,"Corcas","Unknown",0.0745002403855324,14,5,206,1
"565","G02","MST2021081","Corcas",0,12363,0,12363,12363,NA,"ddpcr0034","RIB1510007",3.54,"2021-nov-24","2021-09-21","2021-09-20","2021-09-20",NA,1,"MST-SX21",400,"Sydjylland",91500007,"Soenderhooest",55.3375166666667,8.35012777777778,63,"MST2021081","MST2021081_2021-09-20","MST2021081::2021-09-20","MST2021081STEX21_22","LasseoerstedJensen",NA,"Haig","MST2021081STEX21_22","21_22",16,"MST2021081","nej",1300,FALSE,20,9,2021,12363,"Corcas","Unknown",0,41,5,233,0
"566","G03","MST1028","Corcas",0,15747,0,15747,15747,NA,"ddpcr0034",NA,7.15,"2022-jan-06","2021-03-26","2021-03-15","2021-03-15","17",282,"MST-SX23",400,"MSTSYD",95700008,"FFSB0011",54.8341666666667,9.81666666666667,292,"MST1028","MST1028_2021-03-15","MST1028::2021-03-15","MST1028STEX23_11","RasmusBillegrav",NA,"LivII",NA,"23_11",27.8,"MST1028","ja",1600,FALSE,15,3,2021,15747,"Corcas","Unknown",0,4,5,196,0
"567","G04","MST2021051","Corcas",0,14886,0,14886,14886,NA,"ddpcr0034",NA,22.5,"2022-feb-01","2021-06-10","2021-06-04","2021-06-04",NA,1,"MST-SX25",400,"MSTNJL",93730002,"93730002_VIB3708_1",56.9543333333333,9.07075,7,"MST2021051","MST2021051_2021-06-04","MST2021051::2021-06-04","MST2021051STEX25_16","RasmusBillegrav",NA,"Frigg","MST2021051STEX25_16","25_16",150.8,"MST2021051","nej",1700,FALSE,4,6,2021,14886,"Corcas","Unknown",0,30,5,222,0
"568","G05","MST1024","Corcas",0,4317,0,4317,4317,NA,"ddpcr0034",NA,1,"2022-jan-06","2021-04-19","2021-04-15","2021-04-15",NA,5,"MST-SX23",400,"MSTMJL",93770056,"NissumBredning",56.6008333333333,8.400225,6,"MST1024","MST1024_2021-04-15","MST1024::2021-04-15","MST1024STEX23_14","JOCTH",NA,"Musling",NA,"23_14",69,"MST1024","nej",1500,FALSE,15,4,2021,4317,"Corcas","Unknown",0,2,5,194,0
"569","G06","MST2021085","Corcas",0,15378,0,15378,15378,NA,"ddpcr0034",NA,3.26,"2021-nov-24","2021-09-22","2021-09-16","2021-09-16","8.8E+016",1,"MST-SX21",400,"SJL",93000001,"93000001",56.1305,11.1501055555556,439,"MST2021085","MST2021085_2021-09-16","MST2021085::2021-09-16","MST2021085STEX21_24","krmsk",NA,"sif","MST2021085STEX21_24","21_24",173.2,"MST2021085","ja",1700,FALSE,16,9,2021,15378,"Corcas","Unknown",0,44,5,236,0
"570","G07","MST2021002","Corcas",0,13863,0,13863,13863,NA,"ddpcr0034",NA,5.4,"2021-dec-08","2021-07-08","2021-07-07","2021-07-07","_",57,"MST-SX22",400,"MSTSTO",96220363,"0101142EnoeNor",55.15755,11.6357944444444,67,"MST2021002","MST2021002_2021-07-07","MST2021002::2021-07-07","MST2021002STEX22_04","jakobOleLarsen",NA,"ABRA","MST2021002STEX22_04","22_04",20.4,"MST2021002","nej",1000,TRUE,7,7,2021,13863,"Corcas","Unknown",0,10,5,202,0
"571","H02","MST2021044","Corcas",0,12773,0,12773,12773,NA,"ddpcr0034","RIB1510007",2.62,"2021-dec-08","2021-05-20","2021-05-19","2021-05-19",NA,1,"MST-SX22",400,"Sydjylland",91500007,"Soenderhooest",55.3375166666667,8.35012777777778,55,"MST2021044","MST2021044_2021-05-19","MST2021044::2021-05-19","MST2021044STEX22_11","LasseoerstedJensen",NA,"Haig","MST2021044STEX22_11","22_11",11,"MST2021044","nej",1200,FALSE,19,5,2021,12773,"Corcas","Unknown",0,28,5,220,0
"572","H03","MST1027","Corcas",0,14821,0,14821,14821,NA,"ddpcr0034",NA,5.4,"2022-feb-01","2021-03-26","2021-03-19","2021-03-19","95",155,"MST-SX25",400,"MSTFYN",96510125,"Sydfynskeoehav_BF11",55.0262,10.3685111111111,165,"MST1027","MST1027_2021-03-19","MST1027::2021-03-19","MST1027STEX25_15","RasmusBillegrav",NA,"LivII",NA,"25_15",42,"MST1027","ja",1500,FALSE,19,3,2021,14821,"Corcas","Unknown",0,3,5,195,0
"573","H04","MST2021099","Corcas",0,14976,0,14976,14976,NA,"ddpcr0034",NA,5.4,"2022-jan-11","2021-08-25","2021-08-24","2021-08-24","3",1,"MST-SX24",400,"MSTOJL",94400007,"94400007_ARH170006",56.1544166666667,10.3166972222222,16,"MST2021099","MST2021099_2021-08-24","MST2021099::2021-08-24","MST2021099STEX24_19","RasmusBillegrav",NA,"Frigg","MST2021099STEX24_19","24_19",175.1,"MST2021099","ja",1500,FALSE,24,8,2021,14976,"Corcas","Unknown",0,47,5,239,0
"574","H05","MST1031","Corcas",0,4713,0,4713,4713,NA,"ddpcr0034",NA,17.5,"2022-feb-01","2021-03-26","2021-03-17","2021-03-17","Ingenlagdeling",89,"MST-SX25",400,"MST_SJL",93210013,"Isefjordydre",55.8656666666667,11.7835111111111,105,"MST1031","MST1031_2021-03-17","MST1031::2021-03-17","MST1031STEX25_11","PHELD_NIFSO",NA,"Daphne",NA,"25_11",33.6,"MST1031","nej",1500,FALSE,17,3,2021,4713,"Corcas","Unknown",0,5,5,197,0
"575","H06","MST1038","Corcas",0,14832,0,14832,14832,NA,"ddpcr0034",NA,2.61,"2022-jan-06","2021-04-16","2021-04-14","2021-04-14","3",111,"MST-SX23",400,"MST_STORSTRoeM",95220322,"BFKarrebaeksmindeBugt",55.1395,11.5002361111111,121,"MST1038","MST1038_2021-04-14","MST1038::2021-04-14","MST1038STEX23_09","Alkri",NA,"DAPHNE",NA,"23_09",60.3,"MST1038","ja",1700,FALSE,14,4,2021,14832,"Corcas","Unknown",0,6,5,198,0
"576","H07","MST2021013","Corcas",0,14475,0,14475,14475,NA,"ddpcr0034",NA,9.55,"2021-dec-08","2021-09-10","2021-08-25","2021-08-25",NA,1,"MST-SX22",400,"Sjaelland",93220011,"ROS60",55.713,12.04,48,"MST2021013","MST2021013_2021-08-25","MST2021013::2021-08-25","MST2021013STEX22_06","EmilGuddalLarsen",NA,"Mergus","MST2021013STEX22_06","22_06",17.9,"MST2021013","nej",1600,TRUE,25,8,2021,14475,"Corcas","Unknown",0,16,5,208,0
"577","A02","MST1039","Promin",0.0928658097982407,12669,1,12668,12669,NA,"ddpcr0035",NA,13.6,"2022-feb-01","2021-05-03","2021-04-26","2021-04-26","na",1,"MST-SX25",400,"MST_MJL",91320001,"RKB1",56.0778333333333,8.21670555555556,32,"MST1039","MST1039_2021-04-26","MST1039::2021-04-26","MST1039STEX25_19","JettePoulsenEngholm",NA,"Penelope",NA,"25_19",95,"MST1039","nej",570,FALSE,26,4,2021,12669,"Promin","Unknown",0.0928658097982407,7,15,679,1
"578","A03","MST2021049","Promin",0,11959,0,11959,11959,NA,"ddpcr0035","LISD0027",7.75,"2022-jan-06","2021-05-21","2021-05-21","2021-05-21",NA,10,"MST-SX23",400,"Sydjylland",91650035,"ListerDyb",55.0938666666667,8.56828611111111,11,"MST2021049","MST2021049_2021-05-21","MST2021049::2021-05-21","MST2021049STEX23_10","LasseoerstedJensen",NA,"Fucus","MST2021049STEX23_10","23_10",11,"MST2021049","nej",500,FALSE,21,5,2021,11959,"Promin","Unknown",0,29,15,701,0
"579","A04","MST2021012","Promin",0.102860823273659,11438,1,11437,11438,NA,"ddpcr0035",NA,11,"2022-feb-01","2021-05-03","2021-04-27","2021-04-27","na",59,"MST-SX25",400,"MSTSYD",95130028,"VejleFjordindre_VF",55.7021833333333,9.66136111111111,69,"MST2021012","MST2021012_2021-04-27","MST2021012::2021-04-27","MST2021012STEX25_12","KRISTIANMCGREGOR",NA,"LIVII","MST2021012STEX25_12","25_12",81.7,"MST2021012","nej",1500,TRUE,27,4,2021,11438,"Promin","Unknown",0.102860823273659,15,15,687,1
"580","A05","MST2021058","Promin",3.92642736434937,9304,31,9273,9304,NA,"ddpcr0035",NA,3.7,"2021-nov-24","2021-09-03","2021-08-30","2021-08-30","17",1,"MST-SX21",400,"MSTOJL",94300001,"94300001_VEJ0006870",55.6743833333333,10.0845083333333,194,"MST2021058","MST2021058_2021-08-30","MST2021058::2021-08-30","MST2021058STEX21_13","KRISTIANMCGREGOR",NA,"Frigg","MST2021058STEX21_13","21_13",100.7,"MST2021058","ja",1500,FALSE,30,8,2021,9304,"Promin","Unknown",3.92642736434937,33,15,705,1
"581","A06","MST2021039","Promin",0.105964474380016,11103,1,11102,11103,NA,"ddpcr0035",NA,2.72,"2021-dec-08","2021-05-20","2021-05-07","2021-05-07","7m",1,"MST-SX22",400,"MST_NJL",93610032,"MariagerFjord",56.6626666666667,9.96678333333333,27,"MST2021039","MST2021039_2021-05-07","MST2021039::2021-05-07","MST2021039STEX22_08","PHELD_ALKRI",NA,"Sif","MST2021039STEX22_08","22_08",92.8,"MST2021039","ja",1800,FALSE,7,5,2021,11103,"Promin","Unknown",0.105964474380016,25,15,697,1
"582","A07","MST2021043","Promin",0,8972,0,8972,8972,NA,"ddpcr0035","Dererkunenproevetilraadighed_proeve2erbortkommet",4.41,"2021-dec-08","2021-05-20","2021-05-17","2021-05-17","4",1,"MST-SX22",400,"MSTSJL",93000001,"VSJ20925",56.1316666666667,11.1513361111111,48,"MST2021043","MST2021043_2021-05-17","MST2021043::2021-05-17","MST2021043STEX22_10","alkri_nifso",NA,"Sif","MST2021043STEX22_10","22_10",10.6,"MST2021043","ja",1500,FALSE,17,5,2021,8972,"Promin","Unknown",0,27,15,699,0
"583","B02","MST2021015","Promin",0.114716060459614,10256,1,10255,10256,NA,"ddpcr0035",NA,5.4,"2021-nov-24","2021-09-08","2021-09-02","2021-09-02","na",1,"MST-SX21",400,"MST_MJL",91320001,"RKB1",56.0778333333333,8.21678611111111,32,"MST2021015","MST2021015_2021-09-02","MST2021015::2021-09-02","MST2021015STEX21_03","BentJensen",NA,"Penelope","MST2021015STEX21_03","21_03",17.5,"MST2021015","nej",925,TRUE,2,9,2021,10256,"Promin","Unknown",0.114716060459614,17,15,689,1
"584","B03","MST2021052","Promin",0,11145,0,11145,11145,NA,"ddpcr0035",NA,8.95,"2021-nov-24","2021-06-15","2021-06-14","2021-06-14","26",1,"MST-SX21",400,"Fyn",94230001,"FYN6900017",55.4678333333333,10.5169333333333,84,"MST2021052","MST2021052_2021-06-14","MST2021052::2021-06-14","MST2021052STEX21_10","FlemmingNoergaard",NA,"Belone","MST2021052STEX21_10","21_10",17.8,"MST2021052","ja",610,FALSE,14,6,2021,11145,"Promin","Unknown",0,31,15,703,0
"585","B04","MST2021075","Promin",0.0978638753294945,12022,1,12021,12022,NA,"ddpcr0035",NA,4.86,"2021-dec-08","2021-05-20","2021-05-11","2021-05-11","13",1,"MST-SX22",400,"MSTOJL",94300001,"VEJ0006870_94300001",55.6743833333333,10.0845083333333,21,"MST2021075","MST2021075_2021-05-11","MST2021075::2021-05-11","MST2021075STEX22_13","janeRobertsen",NA,"Frigg","MST2021075STEX22_13","22_13",98.1,"MST2021075","ja",1100,FALSE,11,5,2021,12022,"Promin","Unknown",0.0978638753294945,38,15,710,1
"586","B05","MST2021064","Promin",0.103548876941204,11362,1,11361,11362,NA,"ddpcr0035","Breddegrad:56572400",2.96,"2021-nov-24","2021-09-08","2021-09-02","2021-09-02","na",1,"MST-SX21",400,"MSTNJL",93730002,"93730002_VIB3708_1",56.954,9.05020833333333,76,"MST2021064","MST2021064_2021-09-02","MST2021064::2021-09-02","MST2021064STEX21_15","kristianmcgregor",NA,"Frigg","MST2021064STEX21_15","21_15",173.7,"MST2021064","nej",700,FALSE,2,9,2021,11362,"Promin","Unknown",0.103548876941204,35,15,707,1
"587","B06","MST1054","Promin",0.0932042449712753,12623,1,12622,12623,NA,"ddpcr0035",NA,6.85,"2022-jan-11","2021-05-31","2021-05-18","2021-05-18","38m",1,"MST-SX24",400,"MST_FYN",99000052,"DMU444_Arkona",55,13.3,48,"MST1054","MST1054_2021-05-18","MST1054::2021-05-18","MST1054STEX24_23","ALKRI_NIFSO",NA,"Sif",NA,"24_23",92,"MST1054","ja",1400,FALSE,18,5,2021,12623,"Promin","Unknown",0.0932042449712753,9,15,681,1
"588","B07","MST2021076","Promin",0.23174837231636,10154,2,10152,10154,NA,"ddpcr0035",NA,7.4,"2022-feb-01","2021-09-08","2021-09-02","2021-09-02","42",1,"MST-SX25",400,"MSTFYN",99000052,"DMU444",54.9996666666667,13.3,457,"MST2021076","MST2021076_2021-09-02","MST2021076::2021-09-02","MST2021076STEX25_04","alkri",NA,"Sif","MST2021076STEX25_04","25_04",17.5,"MST2021076","ja",1800,FALSE,2,9,2021,10154,"Promin","Unknown",0.23174837231636,39,15,711,1
"589","C02","MST2021028","Promin",0.113707110285759,10347,1,10346,10347,NA,"ddpcr0035","VandproeverneernedkoeletogtransporterettilAalborghvorfiltreringenskete",0.58,"2021-nov-24","2021-10-09","2021-09-27","2021-09-27",NA,NA,"MST-SX21",400,"Nordjylland",92200001,"HirtshalsNOR7715_92200001",57.6078333333333,9.90025555555555,18,"MST2021028","MST2021028_2021-09-27","MST2021028::2021-09-27","MST2021028STEX21_06","SvendaageBendtsen",NA,"MagretheGaardbo","MST2021028STEX21_06","21_06",15,"MST2021028","nej",1200,TRUE,27,9,2021,10347,"Promin","Unknown",0.113707110285759,20,15,692,1
"590","C03","MST2021071","Promin",30.757022857666,10967,283,10684,10967,NA,"ddpcr0035",NA,6.5,"2022-jan-11","2021-10-21","2021-10-13","2021-10-13",NA,1,"MST-SX24",400,"Fyn",94230001,"FYN6900017",55.4678333333333,10.5169333333333,98,"MST2021071","MST2021071_2021-10-13","MST2021071::2021-10-13","MST2021071STEX24_04","FlemmingNoergaard&PauliJoergensen",NA,"Belone","MST2021071STEX24_04","24_04",11.4,"MST2021071","nej",1500,FALSE,13,10,2021,10967,"Promin","Unknown",30.757022857666,37,15,709,1
"591","C04","MST1022","Promin",0,12160,0,12160,12160,NA,"ddpcr0035",NA,0.428,"2021-dec-08","2021-05-20","2021-05-17","2021-05-17","9",1,"MST-SX22",400,"MSTOJL",94400007,"ARH1700006_94400007",56.1547333333333,10.3170055555556,162,"MST1022","MST1022_2021-05-17","MST1022::2021-05-17","MST1022STEX22_02","janeRobertsen",NA,"Frigg",NA,"22_02",10.9,"MST1022","ja",1100,FALSE,17,5,2021,12160,"Promin","Unknown",0,1,15,673,0
"592","C05","MST2021079","Promin",0.109393328428268,10755,1,10754,10755,NA,"ddpcr0035",NA,7.6,"2021-nov-24","2021-09-08","2021-09-06","2021-09-06","2",1,"MST-SX21",400,"MSTMJL",93740007,"93740007_VIB3727_1",56.6208333333333,9.06681944444444,51,"MST2021079","MST2021079_2021-09-06","MST2021079::2021-09-06","MST2021079STEX21_21","RasmusBillegrav",NA,"Frigg","MST2021079STEX21_21","21_21",173.5,"MST2021079","ja",1100,FALSE,6,9,2021,10755,"Promin","Unknown",0.109393328428268,40,15,712,1
"593","C06","MST2021008","Promin",0,12261,0,12261,12261,NA,"ddpcr0035",NA,9.1,"2022-jan-11","2021-05-31","2021-05-19","2021-05-19","86",1,"MST-SX24",400,"MST_SJL",97200002,"KBH431_Ven",55.8666666666667,12.75,55,"MST2021008","MST2021008_2021-05-19","MST2021008::2021-05-19","MST2021008STEX24_05","ALKRI_NIFSO",NA,"Sif","MST2021008STEX24_05","24_05",11.8,"MST2021008","ja",1300,FALSE,19,5,2021,12261,"Promin","Unknown",0,13,15,685,0
"594","C07","MST2021029","Promin",0.100669197738171,11687,1,11686,11687,NA,"ddpcr0035",NA,5.7,"2021-nov-24","2021-09-15","2021-09-07","2021-09-07","12",1,"MST-SX21",400,"MSTSJL",97200002,"KBH431",55.8616666666667,12.7336055555556,501,"MST2021029","MST2021029_2021-09-07","MST2021029::2021-09-07","MST2021029STEX21_07","alkri",NA,"Sif","MST2021029STEX21_07","21_07",17.1,"MST2021029","ja",1800,TRUE,7,9,2021,11687,"Promin","Unknown",0.100669197738171,21,15,693,1
"595","D02","MST2021031","Promin",0,11345,0,11345,11345,NA,"ddpcr0035","ErudtagetmedLindahlslangesomdybdeintegredetproeverfra0_10metersammenmedplanktonproeverneogsaaprofilmaalingerchlAogvandkemi",0.97,"2021-nov-24","2021-07-03","2021-06-17","2021-06-17",NA,4,"MST-SX21",400,"Nordjylland",92200001,"HirtshalsNOR7715_92200001",57.6078333333333,9.90025555555555,15,"MST2021031","MST2021031_2021-06-17","MST2021031::2021-06-17","MST2021031STEX21_09","SvendaageBendtsen",NA,"MagretheGaardbo","MST2021031STEX21_09","21_09",14,"MST2021031","nej",1200,FALSE,17,6,2021,11345,"Promin","Unknown",0,23,15,695,0
"596","D03","MST2021005","Promin",0,14988,0,14988,14988,NA,"ddpcr0035",NA,11.7,"2022-jan-11","2021-06-10","2021-06-01","2021-06-01",NA,1,"MST-SX24",400,"Sjaelland",93220011,"ROS60_322RoskildeFjord",55.713,12.04,48,"MST2021005","MST2021005_2021-06-01","MST2021005::2021-06-01","MST2021005STEX24_12","EmilGuddalLarsen",NA,"Mergus","MST2021005STEX24_12","24_12",17.1,"MST2021005","nej",1600,TRUE,1,6,2021,14988,"Promin","Unknown",0,11,15,683,0
"597","D04","MST2021089","Promin",0,13994,0,13994,13994,NA,"ddpcr0035",NA,5.7,"2022-jan-06","2021-05-20","2021-05-17","2021-05-17","75",13,"MST-SX23",400,"MSTOJL",94510035,"EbeltoftVig",56.2094,10.6003444444444,14,"MST2021089","MST2021089_2021-05-17","MST2021089::2021-05-17","MST2021089STEX23_06","janeRobertsen",NA,"Frigg","MST2021089STEX23_06","23_06",77.3,"MST2021089","ja",1400,FALSE,17,5,2021,13994,"Promin","Unknown",0,46,15,718,0
"598","D05","MST2021082","Promin",1.11320352554321,15860,15,15845,15860,NA,"ddpcr0035",NA,4.09,"2021-nov-24","2021-09-08","2021-09-07","2021-09-07","4",1,"MST-SX21",400,"MSTNJL",93000005,"93000005_NOR409",56.8561,10.7845083333333,146,"MST2021082","MST2021082_2021-09-07","MST2021082::2021-09-07","MST2021082STEX21_23","RasmusBillegrav",NA,"Frigg","MST2021082STEX21_23","21_23",160.3,"MST2021082","ja",1500,FALSE,7,9,2021,15860,"Promin","Unknown",1.11320352554321,42,15,714,1
"599","D06","MST2021019","Promin",0,17941,0,17941,17941,NA,"ddpcr0035",NA,3.86,"2022-jan-11","2021-05-31","2021-05-25","2021-05-25","11m",1,"MST-SX24",400,"MST_NJL",93000005,"NOR409_aalborgBugt",56.8566666666667,10.7834722222222,146,"MST2021019","MST2021019_2021-05-25","MST2021019::2021-05-25","MST2021019STEX24_21","ALKRI_NICRA",NA,"Sif","MST2021019STEX24_21","24_21",88,"MST2021019","ja",1650,TRUE,25,5,2021,17941,"Promin","Unknown",0,18,15,690,0
"600","D07","MST2021083","Promin",26.642972946167,9423,211,9212,9423,NA,"ddpcr0035",NA,7.8,"2022-jan-11","2021-10-29","2021-10-22","2021-10-22","12",1,"MST-SX24",400,"MSTFYN",95600002,"FYN6300043",54.9976833333333,10.1517305555556,34,"MST2021083","MST2021083_2021-10-22","MST2021083::2021-10-22","MST2021083STEX24_03","alkri",NA,"Sif","MST2021083STEX24_03","24_03",12.5,"MST2021083","ja",1500,FALSE,22,10,2021,9423,"Promin","Unknown",26.642972946167,43,15,715,1
"601","E02","MST2021032","Promin",0,10690,0,10690,10690,NA,"ddpcr0035","erudtagetmedNiskinvandhenter",3.28,"2022-jan-11","2021-07-03","2021-06-23","2021-06-23",NA,3,"MST-SX24",400,"Nordjylland",93920064,"KragskovRevSyd",57.5407666666667,10.4687805555556,4,"MST2021032","MST2021032_2021-06-23","MST2021032::2021-06-23","MST2021032STEX24_11","SvendaageBendtsen",NA,"Pingo","MST2021032STEX24_11","24_11",15.7,"MST2021032","nej",1400,FALSE,23,6,2021,10690,"Promin","Unknown",0,24,15,696,0
"602","E03","MST2021025","Promin",0,12463,0,12463,12463,NA,"ddpcr0035","Datoforoverfoerseltil_80Cfryserenilaboratorieterikkedokumenteremenproevemersenestblevetoverfoertd15_06_2021ogmuligvisvedentidligeredato
",3.16,"2022-jan-11","2021-06-15","2021-06-10","2021-06-10",NA,28,"MST-SX24",400,"Sjaelland",99150002,"FranksRev",55.0334833333333,15.5078333333333,39,"MST2021025","MST2021025_2021-06-10","MST2021025::2021-06-10","MST2021025STEX24_02","EmilGuddalLarsen",NA,"Mergus","MST2021025STEX24_02","24_02",16.8,"MST2021025","nej",1750,TRUE,10,6,2021,12463,"Promin","Unknown",0,19,15,691,0
"603","E04","MST2021088","Promin",0,9421,0,9421,9421,NA,"ddpcr0035",NA,16.5,"2022-feb-01","2021-05-21","2021-05-20","2021-05-20","75",188,"MST-SX25",400,"MSTFYN",96700057,"KertemindeBugt",55.4392166666667,10.8276944444444,198,"MST2021088","MST2021088_2021-05-20","MST2021088::2021-05-20","MST2021088STEX25_03","janeRobertsen",NA,"Frigg","MST2021088STEX25_03","25_03",73.7,"MST2021088","ja",1600,FALSE,20,5,2021,9421,"Promin","Unknown",0,45,15,717,0
"604","E05","MST2021070","Promin",0,9488,0,9488,9488,NA,"ddpcr0035",NA,9.1,"2022-jan-11","2021-10-27","2021-10-26","2021-10-26","86",1,"MST-SX24",400,"MSTNJL",93610032,"93610032",56.6626666666667,9.96678333333333,28,"MST2021070","MST2021070_2021-10-26","MST2021070::2021-10-26","MST2021070STEX24_16","RasmusBillegrav",NA,"Frigg","MST2021070STEX24_16","24_16",107.4,"MST2021070","ja",1200,FALSE,26,10,2021,9488,"Promin","Unknown",0,36,15,708,0
"605","E06","MST2021030","Promin",0.101503007113934,11591,1,11590,11591,NA,"ddpcr0035",NA,4.07,"2021-nov-24","2021-05-31","2021-05-26","2021-05-26","N_A",1,"MST-SX21",400,"MST_MJL",93740007,"SkiveFjord",56.6208333333333,9.06681944444444,5,"MST2021030","MST2021030_2021-05-26","MST2021030::2021-05-26","MST2021030STEX21_08","PHELD_NICRA",NA,"Sif","MST2021030STEX21_08","21_08",115.9,"MST2021030","nej",1600,TRUE,26,5,2021,11591,"Promin","Unknown",0.101503007113934,22,15,694,1
"606","E07","MST2021006","Promin",6.24708604812622,9630,51,9579,9630,NA,"ddpcr0035",NA,7.65,"2022-jan-11","2021-08-25","2021-08-24","2021-08-24","_",96,"MST-SX24",400,"MSTSTO",99210007,"1001027Hovedeskov",54.7410833333333,12.0851805555556,106,"MST2021006","MST2021006_2021-08-24","MST2021006::2021-08-24","MST2021006STEX24_13","NicolaiEspenhainAnker",NA,"ABRA","MST2021006STEX24_13","24_13",17.3,"MST2021006","nej",1400,TRUE,24,8,2021,9630,"Promin","Unknown",6.24708604812622,12,15,684,1
"607","F02","MST2021040","Promin",0,10204,0,10204,10204,NA,"ddpcr0035",NA,4.92,"2021-dec-08","2021-09-22","2021-09-15","2021-09-15",NA,95,"MST-SX22",400,"MSToestjylland",93420310,"Tr3Fornaes",56.4437333333333,10.9524027777778,11,"MST2021040","MST2021040_2021-09-15","MST2021040::2021-09-15","MST2021040STEX22_09","JensDeding",NA,"Havana","MST2021040STEX22_09","22_09",15.7,"MST2021040","?",1270,FALSE,15,9,2021,10204,"Promin","Unknown",0,26,15,698,0
"608","F03","NEKfeb2022","Promin",0,11045,0,11045,11045,NA,"ddpcr0035",NA,NA,NA,NA,NA,NA,NA,NA,NA,NA,NA,NA,NA,NA,NA,NA,NA,NA,NA,NA,NA,NA,NA,NA,NA,NA,NA,NA,NA,NA,NA,NA,NA,11045,"Promin","Unknown",0,48,15,720,0
"609","F04","MST2021062","Promin",0,11418,0,11418,11418,NA,"ddpcr0035",NA,19,"2022-feb-01","2021-05-21","2021-05-21","2021-05-21","12",1,"MST-SX25",400,"MSTFYN",95600002,"95600002_FYN6300043",54.9975833333333,10.1654166666667,361,"MST2021062","MST2021062_2021-05-21","MST2021062::2021-05-21","MST2021062STEX25_10","janeRobertsen",NA,"Frigg","MST2021062STEX25_10","25_10",112.2,"MST2021062","ja",1400,FALSE,21,5,2021,11418,"Promin","Unknown",0,34,15,706,0
"610","F05","MST1043","Promin",0.117735356092453,9993,1,9992,9993,NA,"ddpcr0035",NA,3.06,"2022-jan-06","2021-04-12","2021-04-06","2021-04-06",NA,11,"MST-SX23",400,"MSTOJL",93500119,"Hevringbugt",56.6261666666667,10.3204,12,"MST1043","MST1043_2021-04-06","MST1043::2021-04-06","MST1043STEX23_02","JOCTH",NA,"Musling",NA,"23_02",64.3,"MST1043","nej",1500,FALSE,6,4,2021,9993,"Promin","Unknown",0.117735356092453,8,15,680,1
"611","F06","MST2021055","Promin",0.646353185176849,10924,6,10918,10924,NA,"ddpcr0035",NA,5.3,"2021-nov-24","2021-09-15","2021-09-14","2021-09-14","24",1,"MST-SX21",400,"STO",99000049,"99000049",55.25,15.9833333333333,909,"MST2021055","MST2021055_2021-09-14","MST2021055::2021-09-14","MST2021055STEX21_12","krmsk",NA,"sif","MST2021055STEX21_12","21_12",169.3,"MST2021055","ja",1500,FALSE,14,9,2021,10924,"Promin","Unknown",0.646353185176849,32,15,704,1
"612","F07","MST2021011","Promin",22.2346992492676,9828,184,9644,9828,NA,"ddpcr0035",NA,4.23,"2021-dec-08","2021-08-03","2021-08-31","2021-08-31","_",4.1e+16,"MST-SX22",400,"MSTSTO",98210012,"0401011FemerenBaeltVest",54.73475,11.0846527777778,51,"MST2021011","MST2021011_2021-08-31","MST2021011::2021-08-31","MST2021011STEX22_05","NicolaiEspenhainAnker",NA,"ABRA","MST2021011STEX22_05","22_05",170.9,"MST2021011","nej",1500,TRUE,31,8,2021,9828,"Promin","Unknown",22.2346992492676,14,15,686,1
"613","G02","MST2021081","Promin",0.255449056625366,9212,2,9210,9212,NA,"ddpcr0035","RIB1510007",3.54,"2021-nov-24","2021-09-21","2021-09-20","2021-09-20",NA,1,"MST-SX21",400,"Sydjylland",91500007,"Soenderhooest",55.3375166666667,8.35012777777778,63,"MST2021081","MST2021081_2021-09-20","MST2021081::2021-09-20","MST2021081STEX21_22","LasseoerstedJensen",NA,"Haig","MST2021081STEX21_22","21_22",16,"MST2021081","nej",1300,FALSE,20,9,2021,9212,"Promin","Unknown",0.255449056625366,41,15,713,1
"614","G03","MST1028","Promin",0,10450,0,10450,10450,NA,"ddpcr0035",NA,7.15,"2022-jan-06","2021-03-26","2021-03-15","2021-03-15","17",282,"MST-SX23",400,"MSTSYD",95700008,"FFSB0011",54.8341666666667,9.81666666666667,292,"MST1028","MST1028_2021-03-15","MST1028::2021-03-15","MST1028STEX23_11","RasmusBillegrav",NA,"LivII",NA,"23_11",27.8,"MST1028","ja",1600,FALSE,15,3,2021,10450,"Promin","Unknown",0,4,15,676,0
"615","G04","MST2021051","Promin",2.0547821521759,10888,19,10869,10888,NA,"ddpcr0035",NA,22.5,"2022-feb-01","2021-06-10","2021-06-04","2021-06-04",NA,1,"MST-SX25",400,"MSTNJL",93730002,"93730002_VIB3708_1",56.9543333333333,9.07075,7,"MST2021051","MST2021051_2021-06-04","MST2021051::2021-06-04","MST2021051STEX25_16","RasmusBillegrav",NA,"Frigg","MST2021051STEX25_16","25_16",150.8,"MST2021051","nej",1700,FALSE,4,6,2021,10888,"Promin","Unknown",2.0547821521759,30,15,702,1
"616","G05","MST1024","Promin",0,10062,0,10062,10062,NA,"ddpcr0035",NA,1,"2022-jan-06","2021-04-19","2021-04-15","2021-04-15",NA,5,"MST-SX23",400,"MSTMJL",93770056,"NissumBredning",56.6008333333333,8.400225,6,"MST1024","MST1024_2021-04-15","MST1024::2021-04-15","MST1024STEX23_14","JOCTH",NA,"Musling",NA,"23_14",69,"MST1024","nej",1500,FALSE,15,4,2021,10062,"Promin","Unknown",0,2,15,674,0
"617","G06","MST2021085","Promin",1.16794466972351,10078,10,10068,10078,NA,"ddpcr0035",NA,3.26,"2021-nov-24","2021-09-22","2021-09-16","2021-09-16","8.8E+016",1,"MST-SX21",400,"SJL",93000001,"93000001",56.1305,11.1501055555556,439,"MST2021085","MST2021085_2021-09-16","MST2021085::2021-09-16","MST2021085STEX21_24","krmsk",NA,"sif","MST2021085STEX21_24","21_24",173.2,"MST2021085","ja",1700,FALSE,16,9,2021,10078,"Promin","Unknown",1.16794466972351,44,15,716,1
"618","G07","MST2021002","Promin",1.82540082931519,10320,16,10304,10320,NA,"ddpcr0035",NA,5.4,"2021-dec-08","2021-07-08","2021-07-07","2021-07-07","_",57,"MST-SX22",400,"MSTSTO",96220363,"0101142EnoeNor",55.15755,11.6357944444444,67,"MST2021002","MST2021002_2021-07-07","MST2021002::2021-07-07","MST2021002STEX22_04","jakobOleLarsen",NA,"ABRA","MST2021002STEX22_04","22_04",20.4,"MST2021002","nej",1000,TRUE,7,7,2021,10320,"Promin","Unknown",1.82540082931519,10,15,682,1
"619","H02","MST2021044","Promin",0.125483497977257,9376,1,9375,9376,NA,"ddpcr0035","RIB1510007",2.62,"2021-dec-08","2021-05-20","2021-05-19","2021-05-19",NA,1,"MST-SX22",400,"Sydjylland",91500007,"Soenderhooest",55.3375166666667,8.35012777777778,55,"MST2021044","MST2021044_2021-05-19","MST2021044::2021-05-19","MST2021044STEX22_11","LasseoerstedJensen",NA,"Haig","MST2021044STEX22_11","22_11",11,"MST2021044","nej",1200,FALSE,19,5,2021,9376,"Promin","Unknown",0.125483497977257,28,15,700,1
"620","H03","MST1027","Promin",0,9865,0,9865,9865,NA,"ddpcr0035",NA,5.4,"2022-feb-01","2021-03-26","2021-03-19","2021-03-19","95",155,"MST-SX25",400,"MSTFYN",96510125,"Sydfynskeoehav_BF11",55.0262,10.3685111111111,165,"MST1027","MST1027_2021-03-19","MST1027::2021-03-19","MST1027STEX25_15","RasmusBillegrav",NA,"LivII",NA,"25_15",42,"MST1027","ja",1500,FALSE,19,3,2021,9865,"Promin","Unknown",0,3,15,675,0
"621","H04","MST2021099","Promin",1.07784759998322,9828,9,9819,9828,NA,"ddpcr0035",NA,5.4,"2022-jan-11","2021-08-25","2021-08-24","2021-08-24","3",1,"MST-SX24",400,"MSTOJL",94400007,"94400007_ARH170006",56.1544166666667,10.3166972222222,16,"MST2021099","MST2021099_2021-08-24","MST2021099::2021-08-24","MST2021099STEX24_19","RasmusBillegrav",NA,"Frigg","MST2021099STEX24_19","24_19",175.1,"MST2021099","ja",1500,FALSE,24,8,2021,9828,"Promin","Unknown",1.07784759998322,47,15,719,1
"622","H05","MST1031","Promin",0,10200,0,10200,10200,NA,"ddpcr0035",NA,17.5,"2022-feb-01","2021-03-26","2021-03-17","2021-03-17","Ingenlagdeling",89,"MST-SX25",400,"MST_SJL",93210013,"Isefjordydre",55.8656666666667,11.7835111111111,105,"MST1031","MST1031_2021-03-17","MST1031::2021-03-17","MST1031STEX25_11","PHELD_NIFSO",NA,"Daphne",NA,"25_11",33.6,"MST1031","nej",1500,FALSE,17,3,2021,10200,"Promin","Unknown",0,5,15,677,0
"623","H06","MST1038","Promin",0,9811,0,9811,9811,NA,"ddpcr0035",NA,2.61,"2022-jan-06","2021-04-16","2021-04-14","2021-04-14","3",111,"MST-SX23",400,"MST_STORSTRoeM",95220322,"BFKarrebaeksmindeBugt",55.1395,11.5002361111111,121,"MST1038","MST1038_2021-04-14","MST1038::2021-04-14","MST1038STEX23_09","Alkri",NA,"DAPHNE",NA,"23_09",60.3,"MST1038","ja",1700,FALSE,14,4,2021,9811,"Promin","Unknown",0,6,15,678,0
"624","H07","MST2021013","Promin",0,8869,0,8869,8869,NA,"ddpcr0035",NA,9.55,"2021-dec-08","2021-09-10","2021-08-25","2021-08-25",NA,1,"MST-SX22",400,"Sjaelland",93220011,"ROS60",55.713,12.04,48,"MST2021013","MST2021013_2021-08-25","MST2021013::2021-08-25","MST2021013STEX22_06","EmilGuddalLarsen",NA,"Mergus","MST2021013STEX22_06","22_06",17.9,"MST2021013","nej",1600,TRUE,25,8,2021,8869,"Promin","Unknown",0,16,15,688,0
"625","A02","MST1039","Oncmyk",0,15687,0,15687,15687,NA,"ddpcr0036",NA,13.6,"2022-feb-01","2021-05-03","2021-04-26","2021-04-26","na",1,"MST-SX25",400,"MST_MJL",91320001,"RKB1",56.0778333333333,8.21670555555556,32,"MST1039","MST1039_2021-04-26","MST1039::2021-04-26","MST1039STEX25_19","JettePoulsenEngholm",NA,"Penelope",NA,"25_19",95,"MST1039","nej",570,FALSE,26,4,2021,15687,"Oncmyk","Unknown",0,7,14,631,0
"626","A03","MST2021049","Oncmyk",0,15162,0,15162,15162,NA,"ddpcr0036","LISD0027",7.75,"2022-jan-06","2021-05-21","2021-05-21","2021-05-21",NA,10,"MST-SX23",400,"Sydjylland",91650035,"ListerDyb",55.0938666666667,8.56828611111111,11,"MST2021049","MST2021049_2021-05-21","MST2021049::2021-05-21","MST2021049STEX23_10","LasseoerstedJensen",NA,"Fucus","MST2021049STEX23_10","23_10",11,"MST2021049","nej",500,FALSE,21,5,2021,15162,"Oncmyk","Unknown",0,29,14,653,0
"627","A04","MST2021012","Oncmyk",1.49416828155518,18909,24,18885,18909,NA,"ddpcr0036",NA,11,"2022-feb-01","2021-05-03","2021-04-27","2021-04-27","na",59,"MST-SX25",400,"MSTSYD",95130028,"VejleFjordindre_VF",55.7021833333333,9.66136111111111,69,"MST2021012","MST2021012_2021-04-27","MST2021012::2021-04-27","MST2021012STEX25_12","KRISTIANMCGREGOR",NA,"LIVII","MST2021012STEX25_12","25_12",81.7,"MST2021012","nej",1500,TRUE,27,4,2021,18909,"Oncmyk","Unknown",1.49416828155518,15,14,639,1
"628","A05","MST2021058","Oncmyk",0,17742,0,17742,17742,NA,"ddpcr0036",NA,3.7,"2021-nov-24","2021-09-03","2021-08-30","2021-08-30","17",1,"MST-SX21",400,"MSTOJL",94300001,"94300001_VEJ0006870",55.6743833333333,10.0845083333333,194,"MST2021058","MST2021058_2021-08-30","MST2021058::2021-08-30","MST2021058STEX21_13","KRISTIANMCGREGOR",NA,"Frigg","MST2021058STEX21_13","21_13",100.7,"MST2021058","ja",1500,FALSE,30,8,2021,17742,"Oncmyk","Unknown",0,33,14,657,0
"629","A06","MST2021039","Oncmyk",0.0630460381507874,18661,1,18660,18661,NA,"ddpcr0036",NA,2.72,"2021-dec-08","2021-05-20","2021-05-07","2021-05-07","7m",1,"MST-SX22",400,"MST_NJL",93610032,"MariagerFjord",56.6626666666667,9.96678333333333,27,"MST2021039","MST2021039_2021-05-07","MST2021039::2021-05-07","MST2021039STEX22_08","PHELD_ALKRI",NA,"Sif","MST2021039STEX22_08","22_08",92.8,"MST2021039","ja",1800,FALSE,7,5,2021,18661,"Oncmyk","Unknown",0.0630460381507874,25,14,649,1
"630","A07","MST2021043","Oncmyk",0,19907,0,19907,19907,NA,"ddpcr0036","Dererkunenproevetilraadighed_proeve2erbortkommet",4.41,"2021-dec-08","2021-05-20","2021-05-17","2021-05-17","4",1,"MST-SX22",400,"MSTSJL",93000001,"VSJ20925",56.1316666666667,11.1513361111111,48,"MST2021043","MST2021043_2021-05-17","MST2021043::2021-05-17","MST2021043STEX22_10","alkri_nifso",NA,"Sif","MST2021043STEX22_10","22_10",10.6,"MST2021043","ja",1500,FALSE,17,5,2021,19907,"Oncmyk","Unknown",0,27,14,651,0
"631","B02","MST2021015","Oncmyk",0,14025,0,14025,14025,NA,"ddpcr0036",NA,5.4,"2021-nov-24","2021-09-08","2021-09-02","2021-09-02","na",1,"MST-SX21",400,"MST_MJL",91320001,"RKB1",56.0778333333333,8.21678611111111,32,"MST2021015","MST2021015_2021-09-02","MST2021015::2021-09-02","MST2021015STEX21_03","BentJensen",NA,"Penelope","MST2021015STEX21_03","21_03",17.5,"MST2021015","nej",925,TRUE,2,9,2021,14025,"Oncmyk","Unknown",0,17,14,641,0
"632","B03","MST2021052","Oncmyk",0,14978,0,14978,14978,NA,"ddpcr0036",NA,8.95,"2021-nov-24","2021-06-15","2021-06-14","2021-06-14","26",1,"MST-SX21",400,"Fyn",94230001,"FYN6900017",55.4678333333333,10.5169333333333,84,"MST2021052","MST2021052_2021-06-14","MST2021052::2021-06-14","MST2021052STEX21_10","FlemmingNoergaard",NA,"Belone","MST2021052STEX21_10","21_10",17.8,"MST2021052","ja",610,FALSE,14,6,2021,14978,"Oncmyk","Unknown",0,31,14,655,0
"633","B04","MST2021075","Oncmyk",0,17501,0,17501,17501,NA,"ddpcr0036",NA,4.86,"2021-dec-08","2021-05-20","2021-05-11","2021-05-11","13",1,"MST-SX22",400,"MSTOJL",94300001,"VEJ0006870_94300001",55.6743833333333,10.0845083333333,21,"MST2021075","MST2021075_2021-05-11","MST2021075::2021-05-11","MST2021075STEX22_13","janeRobertsen",NA,"Frigg","MST2021075STEX22_13","22_13",98.1,"MST2021075","ja",1100,FALSE,11,5,2021,17501,"Oncmyk","Unknown",0,38,14,662,0
"634","B05","MST2021064","Oncmyk",0,16708,0,16708,16708,NA,"ddpcr0036","Breddegrad:56572400",2.96,"2021-nov-24","2021-09-08","2021-09-02","2021-09-02","na",1,"MST-SX21",400,"MSTNJL",93730002,"93730002_VIB3708_1",56.954,9.05020833333333,76,"MST2021064","MST2021064_2021-09-02","MST2021064::2021-09-02","MST2021064STEX21_15","kristianmcgregor",NA,"Frigg","MST2021064STEX21_15","21_15",173.7,"MST2021064","nej",700,FALSE,2,9,2021,16708,"Oncmyk","Unknown",0,35,14,659,0
"635","B06","MST1054","Oncmyk",0,17677,0,17677,17677,NA,"ddpcr0036",NA,6.85,"2022-jan-11","2021-05-31","2021-05-18","2021-05-18","38m",1,"MST-SX24",400,"MST_FYN",99000052,"DMU444_Arkona",55,13.3,48,"MST1054","MST1054_2021-05-18","MST1054::2021-05-18","MST1054STEX24_23","ALKRI_NIFSO",NA,"Sif",NA,"24_23",92,"MST1054","ja",1400,FALSE,18,5,2021,17677,"Oncmyk","Unknown",0,9,14,633,0
"636","B07","MST2021076","Oncmyk",0,18970,0,18970,18970,NA,"ddpcr0036",NA,7.4,"2022-feb-01","2021-09-08","2021-09-02","2021-09-02","42",1,"MST-SX25",400,"MSTFYN",99000052,"DMU444",54.9996666666667,13.3,457,"MST2021076","MST2021076_2021-09-02","MST2021076::2021-09-02","MST2021076STEX25_04","alkri",NA,"Sif","MST2021076STEX25_04","25_04",17.5,"MST2021076","ja",1800,FALSE,2,9,2021,18970,"Oncmyk","Unknown",0,39,14,663,0
"637","C02","MST2021028","Oncmyk",0,15702,0,15702,15702,NA,"ddpcr0036","VandproeverneernedkoeletogtransporterettilAalborghvorfiltreringenskete",0.58,"2021-nov-24","2021-10-09","2021-09-27","2021-09-27",NA,NA,"MST-SX21",400,"Nordjylland",92200001,"HirtshalsNOR7715_92200001",57.6078333333333,9.90025555555555,18,"MST2021028","MST2021028_2021-09-27","MST2021028::2021-09-27","MST2021028STEX21_06","SvendaageBendtsen",NA,"MagretheGaardbo","MST2021028STEX21_06","21_06",15,"MST2021028","nej",1200,TRUE,27,9,2021,15702,"Oncmyk","Unknown",0,20,14,644,0
"638","C03","MST2021071","Oncmyk",0,12502,0,12502,12502,NA,"ddpcr0036",NA,6.5,"2022-jan-11","2021-10-21","2021-10-13","2021-10-13",NA,1,"MST-SX24",400,"Fyn",94230001,"FYN6900017",55.4678333333333,10.5169333333333,98,"MST2021071","MST2021071_2021-10-13","MST2021071::2021-10-13","MST2021071STEX24_04","FlemmingNoergaard&PauliJoergensen",NA,"Belone","MST2021071STEX24_04","24_04",11.4,"MST2021071","nej",1500,FALSE,13,10,2021,12502,"Oncmyk","Unknown",0,37,14,661,0
"639","C04","MST1022","Oncmyk",0,16049,0,16049,16049,NA,"ddpcr0036",NA,0.428,"2021-dec-08","2021-05-20","2021-05-17","2021-05-17","9",1,"MST-SX22",400,"MSTOJL",94400007,"ARH1700006_94400007",56.1547333333333,10.3170055555556,162,"MST1022","MST1022_2021-05-17","MST1022::2021-05-17","MST1022STEX22_02","janeRobertsen",NA,"Frigg",NA,"22_02",10.9,"MST1022","ja",1100,FALSE,17,5,2021,16049,"Oncmyk","Unknown",0,1,14,625,0
"640","C05","MST2021079","Oncmyk",0,15967,0,15967,15967,NA,"ddpcr0036",NA,7.6,"2021-nov-24","2021-09-08","2021-09-06","2021-09-06","2",1,"MST-SX21",400,"MSTMJL",93740007,"93740007_VIB3727_1",56.6208333333333,9.06681944444444,51,"MST2021079","MST2021079_2021-09-06","MST2021079::2021-09-06","MST2021079STEX21_21","RasmusBillegrav",NA,"Frigg","MST2021079STEX21_21","21_21",173.5,"MST2021079","ja",1100,FALSE,6,9,2021,15967,"Oncmyk","Unknown",0,40,14,664,0
"641","C06","MST2021008","Oncmyk",0,17406,0,17406,17406,NA,"ddpcr0036",NA,9.1,"2022-jan-11","2021-05-31","2021-05-19","2021-05-19","86",1,"MST-SX24",400,"MST_SJL",97200002,"KBH431_Ven",55.8666666666667,12.75,55,"MST2021008","MST2021008_2021-05-19","MST2021008::2021-05-19","MST2021008STEX24_05","ALKRI_NIFSO",NA,"Sif","MST2021008STEX24_05","24_05",11.8,"MST2021008","ja",1300,FALSE,19,5,2021,17406,"Oncmyk","Unknown",0,13,14,637,0
"642","C07","MST2021029","Oncmyk",0.0717994943261147,16386,1,16385,16386,NA,"ddpcr0036",NA,5.7,"2021-nov-24","2021-09-15","2021-09-07","2021-09-07","12",1,"MST-SX21",400,"MSTSJL",97200002,"KBH431",55.8616666666667,12.7336055555556,501,"MST2021029","MST2021029_2021-09-07","MST2021029::2021-09-07","MST2021029STEX21_07","alkri",NA,"Sif","MST2021029STEX21_07","21_07",17.1,"MST2021029","ja",1800,TRUE,7,9,2021,16386,"Oncmyk","Unknown",0.0717994943261147,21,14,645,1
"643","D02","MST2021031","Oncmyk",0,16330,0,16330,16330,NA,"ddpcr0036","ErudtagetmedLindahlslangesomdybdeintegredetproeverfra0_10metersammenmedplanktonproeverneogsaaprofilmaalingerchlAogvandkemi",0.97,"2021-nov-24","2021-07-03","2021-06-17","2021-06-17",NA,4,"MST-SX21",400,"Nordjylland",92200001,"HirtshalsNOR7715_92200001",57.6078333333333,9.90025555555555,15,"MST2021031","MST2021031_2021-06-17","MST2021031::2021-06-17","MST2021031STEX21_09","SvendaageBendtsen",NA,"MagretheGaardbo","MST2021031STEX21_09","21_09",14,"MST2021031","nej",1200,FALSE,17,6,2021,16330,"Oncmyk","Unknown",0,23,14,647,0
"644","D03","MST2021005","Oncmyk",NA,0,0,0,0,NA,"ddpcr0036",NA,11.7,"2022-jan-11","2021-06-10","2021-06-01","2021-06-01",NA,1,"MST-SX24",400,"Sjaelland",93220011,"ROS60_322RoskildeFjord",55.713,12.04,48,"MST2021005","MST2021005_2021-06-01","MST2021005::2021-06-01","MST2021005STEX24_12","EmilGuddalLarsen",NA,"Mergus","MST2021005STEX24_12","24_12",17.1,"MST2021005","nej",1600,TRUE,1,6,2021,0,"Oncmyk","Unknown",0,11,14,635,0
"645","D04","MST2021089","Oncmyk",0,16852,0,16852,16852,NA,"ddpcr0036",NA,5.7,"2022-jan-06","2021-05-20","2021-05-17","2021-05-17","75",13,"MST-SX23",400,"MSTOJL",94510035,"EbeltoftVig",56.2094,10.6003444444444,14,"MST2021089","MST2021089_2021-05-17","MST2021089::2021-05-17","MST2021089STEX23_06","janeRobertsen",NA,"Frigg","MST2021089STEX23_06","23_06",77.3,"MST2021089","ja",1400,FALSE,17,5,2021,16852,"Oncmyk","Unknown",0,46,14,670,0
"646","D05","MST2021082","Oncmyk",0,16078,0,16078,16078,NA,"ddpcr0036",NA,4.09,"2021-nov-24","2021-09-08","2021-09-07","2021-09-07","4",1,"MST-SX21",400,"MSTNJL",93000005,"93000005_NOR409",56.8561,10.7845083333333,146,"MST2021082","MST2021082_2021-09-07","MST2021082::2021-09-07","MST2021082STEX21_23","RasmusBillegrav",NA,"Frigg","MST2021082STEX21_23","21_23",160.3,"MST2021082","ja",1500,FALSE,7,9,2021,16078,"Oncmyk","Unknown",0,42,14,666,0
"647","D06","MST2021019","Oncmyk",0,17993,0,17993,17993,NA,"ddpcr0036",NA,3.86,"2022-jan-11","2021-05-31","2021-05-25","2021-05-25","11m",1,"MST-SX24",400,"MST_NJL",93000005,"NOR409_aalborgBugt",56.8566666666667,10.7834722222222,146,"MST2021019","MST2021019_2021-05-25","MST2021019::2021-05-25","MST2021019STEX24_21","ALKRI_NICRA",NA,"Sif","MST2021019STEX24_21","24_21",88,"MST2021019","ja",1650,TRUE,25,5,2021,17993,"Oncmyk","Unknown",0,18,14,642,0
"648","D07","MST2021083","Oncmyk",0,14843,0,14843,14843,NA,"ddpcr0036",NA,7.8,"2022-jan-11","2021-10-29","2021-10-22","2021-10-22","12",1,"MST-SX24",400,"MSTFYN",95600002,"FYN6300043",54.9976833333333,10.1517305555556,34,"MST2021083","MST2021083_2021-10-22","MST2021083::2021-10-22","MST2021083STEX24_03","alkri",NA,"Sif","MST2021083STEX24_03","24_03",12.5,"MST2021083","ja",1500,FALSE,22,10,2021,14843,"Oncmyk","Unknown",0,43,14,667,0
"649","E02","MST2021032","Oncmyk",0,15724,0,15724,15724,NA,"ddpcr0036","erudtagetmedNiskinvandhenter",3.28,"2022-jan-11","2021-07-03","2021-06-23","2021-06-23",NA,3,"MST-SX24",400,"Nordjylland",93920064,"KragskovRevSyd",57.5407666666667,10.4687805555556,4,"MST2021032","MST2021032_2021-06-23","MST2021032::2021-06-23","MST2021032STEX24_11","SvendaageBendtsen",NA,"Pingo","MST2021032STEX24_11","24_11",15.7,"MST2021032","nej",1400,FALSE,23,6,2021,15724,"Oncmyk","Unknown",0,24,14,648,0
"650","E03","MST2021025","Oncmyk",0,15889,0,15889,15889,NA,"ddpcr0036","Datoforoverfoerseltil_80Cfryserenilaboratorieterikkedokumenteremenproevemersenestblevetoverfoertd15_06_2021ogmuligvisvedentidligeredato
",3.16,"2022-jan-11","2021-06-15","2021-06-10","2021-06-10",NA,28,"MST-SX24",400,"Sjaelland",99150002,"FranksRev",55.0334833333333,15.5078333333333,39,"MST2021025","MST2021025_2021-06-10","MST2021025::2021-06-10","MST2021025STEX24_02","EmilGuddalLarsen",NA,"Mergus","MST2021025STEX24_02","24_02",16.8,"MST2021025","nej",1750,TRUE,10,6,2021,15889,"Oncmyk","Unknown",0,19,14,643,0
"651","E04","MST2021088","Oncmyk",0,17974,0,17974,17974,NA,"ddpcr0036",NA,16.5,"2022-feb-01","2021-05-21","2021-05-20","2021-05-20","75",188,"MST-SX25",400,"MSTFYN",96700057,"KertemindeBugt",55.4392166666667,10.8276944444444,198,"MST2021088","MST2021088_2021-05-20","MST2021088::2021-05-20","MST2021088STEX25_03","janeRobertsen",NA,"Frigg","MST2021088STEX25_03","25_03",73.7,"MST2021088","ja",1600,FALSE,20,5,2021,17974,"Oncmyk","Unknown",0,45,14,669,0
"652","E05","MST2021070","Oncmyk",0,14517,0,14517,14517,NA,"ddpcr0036",NA,9.1,"2022-jan-11","2021-10-27","2021-10-26","2021-10-26","86",1,"MST-SX24",400,"MSTNJL",93610032,"93610032",56.6626666666667,9.96678333333333,28,"MST2021070","MST2021070_2021-10-26","MST2021070::2021-10-26","MST2021070STEX24_16","RasmusBillegrav",NA,"Frigg","MST2021070STEX24_16","24_16",107.4,"MST2021070","ja",1200,FALSE,26,10,2021,14517,"Oncmyk","Unknown",0,36,14,660,0
"653","E06","MST2021030","Oncmyk",0,15980,0,15980,15980,NA,"ddpcr0036",NA,4.07,"2021-nov-24","2021-05-31","2021-05-26","2021-05-26","N_A",1,"MST-SX21",400,"MST_MJL",93740007,"SkiveFjord",56.6208333333333,9.06681944444444,5,"MST2021030","MST2021030_2021-05-26","MST2021030::2021-05-26","MST2021030STEX21_08","PHELD_NICRA",NA,"Sif","MST2021030STEX21_08","21_08",115.9,"MST2021030","nej",1600,TRUE,26,5,2021,15980,"Oncmyk","Unknown",0,22,14,646,0
"654","E07","MST2021006","Oncmyk",0,15924,0,15924,15924,NA,"ddpcr0036",NA,7.65,"2022-jan-11","2021-08-25","2021-08-24","2021-08-24","_",96,"MST-SX24",400,"MSTSTO",99210007,"1001027Hovedeskov",54.7410833333333,12.0851805555556,106,"MST2021006","MST2021006_2021-08-24","MST2021006::2021-08-24","MST2021006STEX24_13","NicolaiEspenhainAnker",NA,"ABRA","MST2021006STEX24_13","24_13",17.3,"MST2021006","nej",1400,TRUE,24,8,2021,15924,"Oncmyk","Unknown",0,12,14,636,0
"655","F02","MST2021040","Oncmyk",0,14110,0,14110,14110,NA,"ddpcr0036",NA,4.92,"2021-dec-08","2021-09-22","2021-09-15","2021-09-15",NA,95,"MST-SX22",400,"MSToestjylland",93420310,"Tr3Fornaes",56.4437333333333,10.9524027777778,11,"MST2021040","MST2021040_2021-09-15","MST2021040::2021-09-15","MST2021040STEX22_09","JensDeding",NA,"Havana","MST2021040STEX22_09","22_09",15.7,"MST2021040","?",1270,FALSE,15,9,2021,14110,"Oncmyk","Unknown",0,26,14,650,0
"656","F03","NEKfeb2022","Oncmyk",0,14137,0,14137,14137,NA,"ddpcr0036",NA,NA,NA,NA,NA,NA,NA,NA,NA,NA,NA,NA,NA,NA,NA,NA,NA,NA,NA,NA,NA,NA,NA,NA,NA,NA,NA,NA,NA,NA,NA,NA,NA,14137,"Oncmyk","Unknown",0,48,14,672,0
"657","F04","MST2021062","Oncmyk",0,17061,0,17061,17061,NA,"ddpcr0036",NA,19,"2022-feb-01","2021-05-21","2021-05-21","2021-05-21","12",1,"MST-SX25",400,"MSTFYN",95600002,"95600002_FYN6300043",54.9975833333333,10.1654166666667,361,"MST2021062","MST2021062_2021-05-21","MST2021062::2021-05-21","MST2021062STEX25_10","janeRobertsen",NA,"Frigg","MST2021062STEX25_10","25_10",112.2,"MST2021062","ja",1400,FALSE,21,5,2021,17061,"Oncmyk","Unknown",0,34,14,658,0
"658","F05","MST1043","Oncmyk",0,16319,0,16319,16319,NA,"ddpcr0036",NA,3.06,"2022-jan-06","2021-04-12","2021-04-06","2021-04-06",NA,11,"MST-SX23",400,"MSTOJL",93500119,"Hevringbugt",56.6261666666667,10.3204,12,"MST1043","MST1043_2021-04-06","MST1043::2021-04-06","MST1043STEX23_02","JOCTH",NA,"Musling",NA,"23_02",64.3,"MST1043","nej",1500,FALSE,6,4,2021,16319,"Oncmyk","Unknown",0,8,14,632,0
"659","F06","MST2021055","Oncmyk",0,14736,0,14736,14736,NA,"ddpcr0036",NA,5.3,"2021-nov-24","2021-09-15","2021-09-14","2021-09-14","24",1,"MST-SX21",400,"STO",99000049,"99000049",55.25,15.9833333333333,909,"MST2021055","MST2021055_2021-09-14","MST2021055::2021-09-14","MST2021055STEX21_12","krmsk",NA,"sif","MST2021055STEX21_12","21_12",169.3,"MST2021055","ja",1500,FALSE,14,9,2021,14736,"Oncmyk","Unknown",0,32,14,656,0
"660","F07","MST2021011","Oncmyk",0,16549,0,16549,16549,NA,"ddpcr0036",NA,4.23,"2021-dec-08","2021-08-03","2021-08-31","2021-08-31","_",4.1e+16,"MST-SX22",400,"MSTSTO",98210012,"0401011FemerenBaeltVest",54.73475,11.0846527777778,51,"MST2021011","MST2021011_2021-08-31","MST2021011::2021-08-31","MST2021011STEX22_05","NicolaiEspenhainAnker",NA,"ABRA","MST2021011STEX22_05","22_05",170.9,"MST2021011","nej",1500,TRUE,31,8,2021,16549,"Oncmyk","Unknown",0,14,14,638,0
"661","G02","MST2021081","Oncmyk",0,14957,0,14957,14957,NA,"ddpcr0036","RIB1510007",3.54,"2021-nov-24","2021-09-21","2021-09-20","2021-09-20",NA,1,"MST-SX21",400,"Sydjylland",91500007,"Soenderhooest",55.3375166666667,8.35012777777778,63,"MST2021081","MST2021081_2021-09-20","MST2021081::2021-09-20","MST2021081STEX21_22","LasseoerstedJensen",NA,"Haig","MST2021081STEX21_22","21_22",16,"MST2021081","nej",1300,FALSE,20,9,2021,14957,"Oncmyk","Unknown",0,41,14,665,0
"662","G03","MST1028","Oncmyk",0,13029,0,13029,13029,NA,"ddpcr0036",NA,7.15,"2022-jan-06","2021-03-26","2021-03-15","2021-03-15","17",282,"MST-SX23",400,"MSTSYD",95700008,"FFSB0011",54.8341666666667,9.81666666666667,292,"MST1028","MST1028_2021-03-15","MST1028::2021-03-15","MST1028STEX23_11","RasmusBillegrav",NA,"LivII",NA,"23_11",27.8,"MST1028","ja",1600,FALSE,15,3,2021,13029,"Oncmyk","Unknown",0,4,14,628,0
"663","G04","MST2021051","Oncmyk",0,16817,0,16817,16817,NA,"ddpcr0036",NA,22.5,"2022-feb-01","2021-06-10","2021-06-04","2021-06-04",NA,1,"MST-SX25",400,"MSTNJL",93730002,"93730002_VIB3708_1",56.9543333333333,9.07075,7,"MST2021051","MST2021051_2021-06-04","MST2021051::2021-06-04","MST2021051STEX25_16","RasmusBillegrav",NA,"Frigg","MST2021051STEX25_16","25_16",150.8,"MST2021051","nej",1700,FALSE,4,6,2021,16817,"Oncmyk","Unknown",0,30,14,654,0
"664","G05","MST1024","Oncmyk",0,14887,0,14887,14887,NA,"ddpcr0036",NA,1,"2022-jan-06","2021-04-19","2021-04-15","2021-04-15",NA,5,"MST-SX23",400,"MSTMJL",93770056,"NissumBredning",56.6008333333333,8.400225,6,"MST1024","MST1024_2021-04-15","MST1024::2021-04-15","MST1024STEX23_14","JOCTH",NA,"Musling",NA,"23_14",69,"MST1024","nej",1500,FALSE,15,4,2021,14887,"Oncmyk","Unknown",0,2,14,626,0
"665","G06","MST2021085","Oncmyk",0,15626,0,15626,15626,NA,"ddpcr0036",NA,3.26,"2021-nov-24","2021-09-22","2021-09-16","2021-09-16","8.8E+016",1,"MST-SX21",400,"SJL",93000001,"93000001",56.1305,11.1501055555556,439,"MST2021085","MST2021085_2021-09-16","MST2021085::2021-09-16","MST2021085STEX21_24","krmsk",NA,"sif","MST2021085STEX21_24","21_24",173.2,"MST2021085","ja",1700,FALSE,16,9,2021,15626,"Oncmyk","Unknown",0,44,14,668,0
"666","G07","MST2021002","Oncmyk",0,14775,0,14775,14775,NA,"ddpcr0036",NA,5.4,"2021-dec-08","2021-07-08","2021-07-07","2021-07-07","_",57,"MST-SX22",400,"MSTSTO",96220363,"0101142EnoeNor",55.15755,11.6357944444444,67,"MST2021002","MST2021002_2021-07-07","MST2021002::2021-07-07","MST2021002STEX22_04","jakobOleLarsen",NA,"ABRA","MST2021002STEX22_04","22_04",20.4,"MST2021002","nej",1000,TRUE,7,7,2021,14775,"Oncmyk","Unknown",0,10,14,634,0
"667","H02","MST2021044","Oncmyk",0,13468,0,13468,13468,NA,"ddpcr0036","RIB1510007",2.62,"2021-dec-08","2021-05-20","2021-05-19","2021-05-19",NA,1,"MST-SX22",400,"Sydjylland",91500007,"Soenderhooest",55.3375166666667,8.35012777777778,55,"MST2021044","MST2021044_2021-05-19","MST2021044::2021-05-19","MST2021044STEX22_11","LasseoerstedJensen",NA,"Haig","MST2021044STEX22_11","22_11",11,"MST2021044","nej",1200,FALSE,19,5,2021,13468,"Oncmyk","Unknown",0,28,14,652,0
"668","H03","MST1027","Oncmyk",0,13711,0,13711,13711,NA,"ddpcr0036",NA,5.4,"2022-feb-01","2021-03-26","2021-03-19","2021-03-19","95",155,"MST-SX25",400,"MSTFYN",96510125,"Sydfynskeoehav_BF11",55.0262,10.3685111111111,165,"MST1027","MST1027_2021-03-19","MST1027::2021-03-19","MST1027STEX25_15","RasmusBillegrav",NA,"LivII",NA,"25_15",42,"MST1027","ja",1500,FALSE,19,3,2021,13711,"Oncmyk","Unknown",0,3,14,627,0
"669","H04","MST2021099","Oncmyk",0,17096,0,17096,17096,NA,"ddpcr0036",NA,5.4,"2022-jan-11","2021-08-25","2021-08-24","2021-08-24","3",1,"MST-SX24",400,"MSTOJL",94400007,"94400007_ARH170006",56.1544166666667,10.3166972222222,16,"MST2021099","MST2021099_2021-08-24","MST2021099::2021-08-24","MST2021099STEX24_19","RasmusBillegrav",NA,"Frigg","MST2021099STEX24_19","24_19",175.1,"MST2021099","ja",1500,FALSE,24,8,2021,17096,"Oncmyk","Unknown",0,47,14,671,0
"670","H05","MST1031","Oncmyk",0,12689,0,12689,12689,NA,"ddpcr0036",NA,17.5,"2022-feb-01","2021-03-26","2021-03-17","2021-03-17","Ingenlagdeling",89,"MST-SX25",400,"MST_SJL",93210013,"Isefjordydre",55.8656666666667,11.7835111111111,105,"MST1031","MST1031_2021-03-17","MST1031::2021-03-17","MST1031STEX25_11","PHELD_NIFSO",NA,"Daphne",NA,"25_11",33.6,"MST1031","nej",1500,FALSE,17,3,2021,12689,"Oncmyk","Unknown",0,5,14,629,0
"671","H06","MST1038","Oncmyk",0,15103,0,15103,15103,NA,"ddpcr0036",NA,2.61,"2022-jan-06","2021-04-16","2021-04-14","2021-04-14","3",111,"MST-SX23",400,"MST_STORSTRoeM",95220322,"BFKarrebaeksmindeBugt",55.1395,11.5002361111111,121,"MST1038","MST1038_2021-04-14","MST1038::2021-04-14","MST1038STEX23_09","Alkri",NA,"DAPHNE",NA,"23_09",60.3,"MST1038","ja",1700,FALSE,14,4,2021,15103,"Oncmyk","Unknown",0,6,14,630,0
"672","H07","MST2021013","Oncmyk",0,14769,0,14769,14769,NA,"ddpcr0036",NA,9.55,"2021-dec-08","2021-09-10","2021-08-25","2021-08-25",NA,1,"MST-SX22",400,"Sjaelland",93220011,"ROS60",55.713,12.04,48,"MST2021013","MST2021013_2021-08-25","MST2021013::2021-08-25","MST2021013STEX22_06","EmilGuddalLarsen",NA,"Mergus","MST2021013STEX22_06","22_06",17.9,"MST2021013","nej",1600,TRUE,25,8,2021,14769,"Oncmyk","Unknown",0,16,14,640,0
"673","A02","MST1039","Erisin",0,14215,0,14215,14215,NA,"ddpcr0037",NA,13.6,"2022-feb-01","2021-05-03","2021-04-26","2021-04-26","na",1,"MST-SX25",400,"MST_MJL",91320001,"RKB1",56.0778333333333,8.21670555555556,32,"MST1039","MST1039_2021-04-26","MST1039::2021-04-26","MST1039STEX25_19","JettePoulsenEngholm",NA,"Penelope",NA,"25_19",95,"MST1039","nej",570,FALSE,26,4,2021,14215,"Erisin","Unknown",0,7,7,295,0
"674","A03","MST2021049","Erisin",0,14722,0,14722,14722,NA,"ddpcr0037","LISD0027",7.75,"2022-jan-06","2021-05-21","2021-05-21","2021-05-21",NA,10,"MST-SX23",400,"Sydjylland",91650035,"ListerDyb",55.0938666666667,8.56828611111111,11,"MST2021049","MST2021049_2021-05-21","MST2021049::2021-05-21","MST2021049STEX23_10","LasseoerstedJensen",NA,"Fucus","MST2021049STEX23_10","23_10",11,"MST2021049","nej",500,FALSE,21,5,2021,14722,"Erisin","Unknown",0,29,7,317,0
"675","A04","MST2021012","Erisin",0,17574,0,17574,17574,NA,"ddpcr0037",NA,11,"2022-feb-01","2021-05-03","2021-04-27","2021-04-27","na",59,"MST-SX25",400,"MSTSYD",95130028,"VejleFjordindre_VF",55.7021833333333,9.66136111111111,69,"MST2021012","MST2021012_2021-04-27","MST2021012::2021-04-27","MST2021012STEX25_12","KRISTIANMCGREGOR",NA,"LIVII","MST2021012STEX25_12","25_12",81.7,"MST2021012","nej",1500,TRUE,27,4,2021,17574,"Erisin","Unknown",0,15,7,303,0
"676","A05","MST2021058","Erisin",0,17337,0,17337,17337,NA,"ddpcr0037",NA,3.7,"2021-nov-24","2021-09-03","2021-08-30","2021-08-30","17",1,"MST-SX21",400,"MSTOJL",94300001,"94300001_VEJ0006870",55.6743833333333,10.0845083333333,194,"MST2021058","MST2021058_2021-08-30","MST2021058::2021-08-30","MST2021058STEX21_13","KRISTIANMCGREGOR",NA,"Frigg","MST2021058STEX21_13","21_13",100.7,"MST2021058","ja",1500,FALSE,30,8,2021,17337,"Erisin","Unknown",0,33,7,321,0
"677","A06","MST2021039","Erisin",0,18727,0,18727,18727,NA,"ddpcr0037",NA,2.72,"2021-dec-08","2021-05-20","2021-05-07","2021-05-07","7m",1,"MST-SX22",400,"MST_NJL",93610032,"MariagerFjord",56.6626666666667,9.96678333333333,27,"MST2021039","MST2021039_2021-05-07","MST2021039::2021-05-07","MST2021039STEX22_08","PHELD_ALKRI",NA,"Sif","MST2021039STEX22_08","22_08",92.8,"MST2021039","ja",1800,FALSE,7,5,2021,18727,"Erisin","Unknown",0,25,7,313,0
"678","A07","MST2021043","Erisin",0,17171,0,17171,17171,NA,"ddpcr0037","Dererkunenproevetilraadighed_proeve2erbortkommet",4.41,"2021-dec-08","2021-05-20","2021-05-17","2021-05-17","4",1,"MST-SX22",400,"MSTSJL",93000001,"VSJ20925",56.1316666666667,11.1513361111111,48,"MST2021043","MST2021043_2021-05-17","MST2021043::2021-05-17","MST2021043STEX22_10","alkri_nifso",NA,"Sif","MST2021043STEX22_10","22_10",10.6,"MST2021043","ja",1500,FALSE,17,5,2021,17171,"Erisin","Unknown",0,27,7,315,0
"679","B02","MST2021015","Erisin",0,14879,0,14879,14879,NA,"ddpcr0037",NA,5.4,"2021-nov-24","2021-09-08","2021-09-02","2021-09-02","na",1,"MST-SX21",400,"MST_MJL",91320001,"RKB1",56.0778333333333,8.21678611111111,32,"MST2021015","MST2021015_2021-09-02","MST2021015::2021-09-02","MST2021015STEX21_03","BentJensen",NA,"Penelope","MST2021015STEX21_03","21_03",17.5,"MST2021015","nej",925,TRUE,2,9,2021,14879,"Erisin","Unknown",0,17,7,305,0
"680","B03","MST2021052","Erisin",0,12378,0,12378,12378,NA,"ddpcr0037",NA,8.95,"2021-nov-24","2021-06-15","2021-06-14","2021-06-14","26",1,"MST-SX21",400,"Fyn",94230001,"FYN6900017",55.4678333333333,10.5169333333333,84,"MST2021052","MST2021052_2021-06-14","MST2021052::2021-06-14","MST2021052STEX21_10","FlemmingNoergaard",NA,"Belone","MST2021052STEX21_10","21_10",17.8,"MST2021052","ja",610,FALSE,14,6,2021,12378,"Erisin","Unknown",0,31,7,319,0
"681","B04","MST2021075","Erisin",0,17880,0,17880,17880,NA,"ddpcr0037",NA,4.86,"2021-dec-08","2021-05-20","2021-05-11","2021-05-11","13",1,"MST-SX22",400,"MSTOJL",94300001,"VEJ0006870_94300001",55.6743833333333,10.0845083333333,21,"MST2021075","MST2021075_2021-05-11","MST2021075::2021-05-11","MST2021075STEX22_13","janeRobertsen",NA,"Frigg","MST2021075STEX22_13","22_13",98.1,"MST2021075","ja",1100,FALSE,11,5,2021,17880,"Erisin","Unknown",0,38,7,326,0
"682","B05","MST2021064","Erisin",0,16619,0,16619,16619,NA,"ddpcr0037","Breddegrad:56572400",2.96,"2021-nov-24","2021-09-08","2021-09-02","2021-09-02","na",1,"MST-SX21",400,"MSTNJL",93730002,"93730002_VIB3708_1",56.954,9.05020833333333,76,"MST2021064","MST2021064_2021-09-02","MST2021064::2021-09-02","MST2021064STEX21_15","kristianmcgregor",NA,"Frigg","MST2021064STEX21_15","21_15",173.7,"MST2021064","nej",700,FALSE,2,9,2021,16619,"Erisin","Unknown",0,35,7,323,0
"683","B06","MST1054","Erisin",0,16903,0,16903,16903,NA,"ddpcr0037",NA,6.85,"2022-jan-11","2021-05-31","2021-05-18","2021-05-18","38m",1,"MST-SX24",400,"MST_FYN",99000052,"DMU444_Arkona",55,13.3,48,"MST1054","MST1054_2021-05-18","MST1054::2021-05-18","MST1054STEX24_23","ALKRI_NIFSO",NA,"Sif",NA,"24_23",92,"MST1054","ja",1400,FALSE,18,5,2021,16903,"Erisin","Unknown",0,9,7,297,0
"684","B07","MST2021076","Erisin",0,17166,0,17166,17166,NA,"ddpcr0037",NA,7.4,"2022-feb-01","2021-09-08","2021-09-02","2021-09-02","42",1,"MST-SX25",400,"MSTFYN",99000052,"DMU444",54.9996666666667,13.3,457,"MST2021076","MST2021076_2021-09-02","MST2021076::2021-09-02","MST2021076STEX25_04","alkri",NA,"Sif","MST2021076STEX25_04","25_04",17.5,"MST2021076","ja",1800,FALSE,2,9,2021,17166,"Erisin","Unknown",0,39,7,327,0
"685","C02","MST2021028","Erisin",0.0714376270771027,16469,1,16468,16469,NA,"ddpcr0037","VandproeverneernedkoeletogtransporterettilAalborghvorfiltreringenskete",0.58,"2021-nov-24","2021-10-09","2021-09-27","2021-09-27",NA,NA,"MST-SX21",400,"Nordjylland",92200001,"HirtshalsNOR7715_92200001",57.6078333333333,9.90025555555555,18,"MST2021028","MST2021028_2021-09-27","MST2021028::2021-09-27","MST2021028STEX21_06","SvendaageBendtsen",NA,"MagretheGaardbo","MST2021028STEX21_06","21_06",15,"MST2021028","nej",1200,TRUE,27,9,2021,16469,"Erisin","Unknown",0.0714376270771027,20,7,308,1
"686","C03","MST2021071","Erisin",0.0949417427182198,12392,1,12391,12392,NA,"ddpcr0037",NA,6.5,"2022-jan-11","2021-10-21","2021-10-13","2021-10-13",NA,1,"MST-SX24",400,"Fyn",94230001,"FYN6900017",55.4678333333333,10.5169333333333,98,"MST2021071","MST2021071_2021-10-13","MST2021071::2021-10-13","MST2021071STEX24_04","FlemmingNoergaard&PauliJoergensen",NA,"Belone","MST2021071STEX24_04","24_04",11.4,"MST2021071","nej",1500,FALSE,13,10,2021,12392,"Erisin","Unknown",0.0949417427182198,37,7,325,1
"687","C04","MST1022","Erisin",0.0673095807433128,17479,1,17478,17479,NA,"ddpcr0037",NA,0.428,"2021-dec-08","2021-05-20","2021-05-17","2021-05-17","9",1,"MST-SX22",400,"MSTOJL",94400007,"ARH1700006_94400007",56.1547333333333,10.3170055555556,162,"MST1022","MST1022_2021-05-17","MST1022::2021-05-17","MST1022STEX22_02","janeRobertsen",NA,"Frigg",NA,"22_02",10.9,"MST1022","ja",1100,FALSE,17,5,2021,17479,"Erisin","Unknown",0.0673095807433128,1,7,289,1
"688","C05","MST2021079","Erisin",0,17239,0,17239,17239,NA,"ddpcr0037",NA,7.6,"2021-nov-24","2021-09-08","2021-09-06","2021-09-06","2",1,"MST-SX21",400,"MSTMJL",93740007,"93740007_VIB3727_1",56.6208333333333,9.06681944444444,51,"MST2021079","MST2021079_2021-09-06","MST2021079::2021-09-06","MST2021079STEX21_21","RasmusBillegrav",NA,"Frigg","MST2021079STEX21_21","21_21",173.5,"MST2021079","ja",1100,FALSE,6,9,2021,17239,"Erisin","Unknown",0,40,7,328,0
"689","C06","MST2021008","Erisin",0.0730114877223969,16114,1,16113,16114,NA,"ddpcr0037",NA,9.1,"2022-jan-11","2021-05-31","2021-05-19","2021-05-19","86",1,"MST-SX24",400,"MST_SJL",97200002,"KBH431_Ven",55.8666666666667,12.75,55,"MST2021008","MST2021008_2021-05-19","MST2021008::2021-05-19","MST2021008STEX24_05","ALKRI_NIFSO",NA,"Sif","MST2021008STEX24_05","24_05",11.8,"MST2021008","ja",1300,FALSE,19,5,2021,16114,"Erisin","Unknown",0.0730114877223969,13,7,301,1
"690","C07","MST2021029","Erisin",0,15469,0,15469,15469,NA,"ddpcr0037",NA,5.7,"2021-nov-24","2021-09-15","2021-09-07","2021-09-07","12",1,"MST-SX21",400,"MSTSJL",97200002,"KBH431",55.8616666666667,12.7336055555556,501,"MST2021029","MST2021029_2021-09-07","MST2021029::2021-09-07","MST2021029STEX21_07","alkri",NA,"Sif","MST2021029STEX21_07","21_07",17.1,"MST2021029","ja",1800,TRUE,7,9,2021,15469,"Erisin","Unknown",0,21,7,309,0
"691","D02","MST2021031","Erisin",0.0745521783828735,15781,1,15780,15781,NA,"ddpcr0037","ErudtagetmedLindahlslangesomdybdeintegredetproeverfra0_10metersammenmedplanktonproeverneogsaaprofilmaalingerchlAogvandkemi",0.97,"2021-nov-24","2021-07-03","2021-06-17","2021-06-17",NA,4,"MST-SX21",400,"Nordjylland",92200001,"HirtshalsNOR7715_92200001",57.6078333333333,9.90025555555555,15,"MST2021031","MST2021031_2021-06-17","MST2021031::2021-06-17","MST2021031STEX21_09","SvendaageBendtsen",NA,"MagretheGaardbo","MST2021031STEX21_09","21_09",14,"MST2021031","nej",1200,FALSE,17,6,2021,15781,"Erisin","Unknown",0.0745521783828735,23,7,311,1
"692","D03","MST2021005","Erisin",0,11905,0,11905,11905,NA,"ddpcr0037",NA,11.7,"2022-jan-11","2021-06-10","2021-06-01","2021-06-01",NA,1,"MST-SX24",400,"Sjaelland",93220011,"ROS60_322RoskildeFjord",55.713,12.04,48,"MST2021005","MST2021005_2021-06-01","MST2021005::2021-06-01","MST2021005STEX24_12","EmilGuddalLarsen",NA,"Mergus","MST2021005STEX24_12","24_12",17.1,"MST2021005","nej",1600,TRUE,1,6,2021,11905,"Erisin","Unknown",0,11,7,299,0
"693","D04","MST2021089","Erisin",0,16796,0,16796,16796,NA,"ddpcr0037",NA,5.7,"2022-jan-06","2021-05-20","2021-05-17","2021-05-17","75",13,"MST-SX23",400,"MSTOJL",94510035,"EbeltoftVig",56.2094,10.6003444444444,14,"MST2021089","MST2021089_2021-05-17","MST2021089::2021-05-17","MST2021089STEX23_06","janeRobertsen",NA,"Frigg","MST2021089STEX23_06","23_06",77.3,"MST2021089","ja",1400,FALSE,17,5,2021,16796,"Erisin","Unknown",0,46,7,334,0
"694","D05","MST2021082","Erisin",0.0692469254136086,16990,1,16989,16990,NA,"ddpcr0037",NA,4.09,"2021-nov-24","2021-09-08","2021-09-07","2021-09-07","4",1,"MST-SX21",400,"MSTNJL",93000005,"93000005_NOR409",56.8561,10.7845083333333,146,"MST2021082","MST2021082_2021-09-07","MST2021082::2021-09-07","MST2021082STEX21_23","RasmusBillegrav",NA,"Frigg","MST2021082STEX21_23","21_23",160.3,"MST2021082","ja",1500,FALSE,7,9,2021,16990,"Erisin","Unknown",0.0692469254136086,42,7,330,1
"695","D06","MST2021019","Erisin",0,19880,0,19880,19880,NA,"ddpcr0037",NA,3.86,"2022-jan-11","2021-05-31","2021-05-25","2021-05-25","11m",1,"MST-SX24",400,"MST_NJL",93000005,"NOR409_aalborgBugt",56.8566666666667,10.7834722222222,146,"MST2021019","MST2021019_2021-05-25","MST2021019::2021-05-25","MST2021019STEX24_21","ALKRI_NICRA",NA,"Sif","MST2021019STEX24_21","24_21",88,"MST2021019","ja",1650,TRUE,25,5,2021,19880,"Erisin","Unknown",0,18,7,306,0
"696","D07","MST2021083","Erisin",0,15133,0,15133,15133,NA,"ddpcr0037",NA,7.8,"2022-jan-11","2021-10-29","2021-10-22","2021-10-22","12",1,"MST-SX24",400,"MSTFYN",95600002,"FYN6300043",54.9976833333333,10.1517305555556,34,"MST2021083","MST2021083_2021-10-22","MST2021083::2021-10-22","MST2021083STEX24_03","alkri",NA,"Sif","MST2021083STEX24_03","24_03",12.5,"MST2021083","ja",1500,FALSE,22,10,2021,15133,"Erisin","Unknown",0,43,7,331,0
"697","E02","MST2021032","Erisin",0,16112,0,16112,16112,NA,"ddpcr0037","erudtagetmedNiskinvandhenter",3.28,"2022-jan-11","2021-07-03","2021-06-23","2021-06-23",NA,3,"MST-SX24",400,"Nordjylland",93920064,"KragskovRevSyd",57.5407666666667,10.4687805555556,4,"MST2021032","MST2021032_2021-06-23","MST2021032::2021-06-23","MST2021032STEX24_11","SvendaageBendtsen",NA,"Pingo","MST2021032STEX24_11","24_11",15.7,"MST2021032","nej",1400,FALSE,23,6,2021,16112,"Erisin","Unknown",0,24,7,312,0
"698","E03","MST2021025","Erisin",0,13662,0,13662,13662,NA,"ddpcr0037","Datoforoverfoerseltil_80Cfryserenilaboratorieterikkedokumenteremenproevemersenestblevetoverfoertd15_06_2021ogmuligvisvedentidligeredato
",3.16,"2022-jan-11","2021-06-15","2021-06-10","2021-06-10",NA,28,"MST-SX24",400,"Sjaelland",99150002,"FranksRev",55.0334833333333,15.5078333333333,39,"MST2021025","MST2021025_2021-06-10","MST2021025::2021-06-10","MST2021025STEX24_02","EmilGuddalLarsen",NA,"Mergus","MST2021025STEX24_02","24_02",16.8,"MST2021025","nej",1750,TRUE,10,6,2021,13662,"Erisin","Unknown",0,19,7,307,0
"699","E04","MST2021088","Erisin",0,17050,0,17050,17050,NA,"ddpcr0037",NA,16.5,"2022-feb-01","2021-05-21","2021-05-20","2021-05-20","75",188,"MST-SX25",400,"MSTFYN",96700057,"KertemindeBugt",55.4392166666667,10.8276944444444,198,"MST2021088","MST2021088_2021-05-20","MST2021088::2021-05-20","MST2021088STEX25_03","janeRobertsen",NA,"Frigg","MST2021088STEX25_03","25_03",73.7,"MST2021088","ja",1600,FALSE,20,5,2021,17050,"Erisin","Unknown",0,45,7,333,0
"700","E05","MST2021070","Erisin",0,15545,0,15545,15545,NA,"ddpcr0037",NA,9.1,"2022-jan-11","2021-10-27","2021-10-26","2021-10-26","86",1,"MST-SX24",400,"MSTNJL",93610032,"93610032",56.6626666666667,9.96678333333333,28,"MST2021070","MST2021070_2021-10-26","MST2021070::2021-10-26","MST2021070STEX24_16","RasmusBillegrav",NA,"Frigg","MST2021070STEX24_16","24_16",107.4,"MST2021070","ja",1200,FALSE,26,10,2021,15545,"Erisin","Unknown",0,36,7,324,0
"701","E06","MST2021030","Erisin",0.0621961131691933,18916,1,18915,18916,NA,"ddpcr0037",NA,4.07,"2021-nov-24","2021-05-31","2021-05-26","2021-05-26","N_A",1,"MST-SX21",400,"MST_MJL",93740007,"SkiveFjord",56.6208333333333,9.06681944444444,5,"MST2021030","MST2021030_2021-05-26","MST2021030::2021-05-26","MST2021030STEX21_08","PHELD_NICRA",NA,"Sif","MST2021030STEX21_08","21_08",115.9,"MST2021030","nej",1600,TRUE,26,5,2021,18916,"Erisin","Unknown",0.0621961131691933,22,7,310,1
"702","E07","MST2021006","Erisin",0,14868,0,14868,14868,NA,"ddpcr0037",NA,7.65,"2022-jan-11","2021-08-25","2021-08-24","2021-08-24","_",96,"MST-SX24",400,"MSTSTO",99210007,"1001027Hovedeskov",54.7410833333333,12.0851805555556,106,"MST2021006","MST2021006_2021-08-24","MST2021006::2021-08-24","MST2021006STEX24_13","NicolaiEspenhainAnker",NA,"ABRA","MST2021006STEX24_13","24_13",17.3,"MST2021006","nej",1400,TRUE,24,8,2021,14868,"Erisin","Unknown",0,12,7,300,0
"703","F02","MST2021040","Erisin",0,14698,0,14698,14698,NA,"ddpcr0037",NA,4.92,"2021-dec-08","2021-09-22","2021-09-15","2021-09-15",NA,95,"MST-SX22",400,"MSToestjylland",93420310,"Tr3Fornaes",56.4437333333333,10.9524027777778,11,"MST2021040","MST2021040_2021-09-15","MST2021040::2021-09-15","MST2021040STEX22_09","JensDeding",NA,"Havana","MST2021040STEX22_09","22_09",15.7,"MST2021040","?",1270,FALSE,15,9,2021,14698,"Erisin","Unknown",0,26,7,314,0
"704","F03","NEKfeb2022","Erisin",0,12212,0,12212,12212,NA,"ddpcr0037",NA,NA,NA,NA,NA,NA,NA,NA,NA,NA,NA,NA,NA,NA,NA,NA,NA,NA,NA,NA,NA,NA,NA,NA,NA,NA,NA,NA,NA,NA,NA,NA,NA,12212,"Erisin","Unknown",0,48,7,336,0
"705","F04","MST2021062","Erisin",0,15958,0,15958,15958,NA,"ddpcr0037",NA,19,"2022-feb-01","2021-05-21","2021-05-21","2021-05-21","12",1,"MST-SX25",400,"MSTFYN",95600002,"95600002_FYN6300043",54.9975833333333,10.1654166666667,361,"MST2021062","MST2021062_2021-05-21","MST2021062::2021-05-21","MST2021062STEX25_10","janeRobertsen",NA,"Frigg","MST2021062STEX25_10","25_10",112.2,"MST2021062","ja",1400,FALSE,21,5,2021,15958,"Erisin","Unknown",0,34,7,322,0
"706","F05","MST1043","Erisin",0.0708013474941254,16617,1,16616,16617,NA,"ddpcr0037",NA,3.06,"2022-jan-06","2021-04-12","2021-04-06","2021-04-06",NA,11,"MST-SX23",400,"MSTOJL",93500119,"Hevringbugt",56.6261666666667,10.3204,12,"MST1043","MST1043_2021-04-06","MST1043::2021-04-06","MST1043STEX23_02","JOCTH",NA,"Musling",NA,"23_02",64.3,"MST1043","nej",1500,FALSE,6,4,2021,16617,"Erisin","Unknown",0.0708013474941254,8,7,296,1
"707","F06","MST2021055","Erisin",0,16918,0,16918,16918,NA,"ddpcr0037",NA,5.3,"2021-nov-24","2021-09-15","2021-09-14","2021-09-14","24",1,"MST-SX21",400,"STO",99000049,"99000049",55.25,15.9833333333333,909,"MST2021055","MST2021055_2021-09-14","MST2021055::2021-09-14","MST2021055STEX21_12","krmsk",NA,"sif","MST2021055STEX21_12","21_12",169.3,"MST2021055","ja",1500,FALSE,14,9,2021,16918,"Erisin","Unknown",0,32,7,320,0
"708","F07","MST2021011","Erisin",0,15921,0,15921,15921,NA,"ddpcr0037",NA,4.23,"2021-dec-08","2021-08-03","2021-08-31","2021-08-31","_",4.1e+16,"MST-SX22",400,"MSTSTO",98210012,"0401011FemerenBaeltVest",54.73475,11.0846527777778,51,"MST2021011","MST2021011_2021-08-31","MST2021011::2021-08-31","MST2021011STEX22_05","NicolaiEspenhainAnker",NA,"ABRA","MST2021011STEX22_05","22_05",170.9,"MST2021011","nej",1500,TRUE,31,8,2021,15921,"Erisin","Unknown",0,14,7,302,0
"709","G02","MST2021081","Erisin",0,12490,0,12490,12490,NA,"ddpcr0037","RIB1510007",3.54,"2021-nov-24","2021-09-21","2021-09-20","2021-09-20",NA,1,"MST-SX21",400,"Sydjylland",91500007,"Soenderhooest",55.3375166666667,8.35012777777778,63,"MST2021081","MST2021081_2021-09-20","MST2021081::2021-09-20","MST2021081STEX21_22","LasseoerstedJensen",NA,"Haig","MST2021081STEX21_22","21_22",16,"MST2021081","nej",1300,FALSE,20,9,2021,12490,"Erisin","Unknown",0,41,7,329,0
"710","G03","MST1028","Erisin",0.0936568528413773,12562,1,12561,12562,NA,"ddpcr0037",NA,7.15,"2022-jan-06","2021-03-26","2021-03-15","2021-03-15","17",282,"MST-SX23",400,"MSTSYD",95700008,"FFSB0011",54.8341666666667,9.81666666666667,292,"MST1028","MST1028_2021-03-15","MST1028::2021-03-15","MST1028STEX23_11","RasmusBillegrav",NA,"LivII",NA,"23_11",27.8,"MST1028","ja",1600,FALSE,15,3,2021,12562,"Erisin","Unknown",0.0936568528413773,4,7,292,1
"711","G04","MST2021051","Erisin",0.0734628364443779,16015,1,16014,16015,NA,"ddpcr0037",NA,22.5,"2022-feb-01","2021-06-10","2021-06-04","2021-06-04",NA,1,"MST-SX25",400,"MSTNJL",93730002,"93730002_VIB3708_1",56.9543333333333,9.07075,7,"MST2021051","MST2021051_2021-06-04","MST2021051::2021-06-04","MST2021051STEX25_16","RasmusBillegrav",NA,"Frigg","MST2021051STEX25_16","25_16",150.8,"MST2021051","nej",1700,FALSE,4,6,2021,16015,"Erisin","Unknown",0.0734628364443779,30,7,318,1
"712","G05","MST1024","Erisin",0.0723425447940826,16263,1,16262,16263,NA,"ddpcr0037",NA,1,"2022-jan-06","2021-04-19","2021-04-15","2021-04-15",NA,5,"MST-SX23",400,"MSTMJL",93770056,"NissumBredning",56.6008333333333,8.400225,6,"MST1024","MST1024_2021-04-15","MST1024::2021-04-15","MST1024STEX23_14","JOCTH",NA,"Musling",NA,"23_14",69,"MST1024","nej",1500,FALSE,15,4,2021,16263,"Erisin","Unknown",0.0723425447940826,2,7,290,1
"713","G06","MST2021085","Erisin",0,14542,0,14542,14542,NA,"ddpcr0037",NA,3.26,"2021-nov-24","2021-09-22","2021-09-16","2021-09-16","8.8E+016",1,"MST-SX21",400,"SJL",93000001,"93000001",56.1305,11.1501055555556,439,"MST2021085","MST2021085_2021-09-16","MST2021085::2021-09-16","MST2021085STEX21_24","krmsk",NA,"sif","MST2021085STEX21_24","21_24",173.2,"MST2021085","ja",1700,FALSE,16,9,2021,14542,"Erisin","Unknown",0,44,7,332,0
"714","G07","MST2021002","Erisin",0.0728622674942017,16147,1,16146,16147,NA,"ddpcr0037",NA,5.4,"2021-dec-08","2021-07-08","2021-07-07","2021-07-07","_",57,"MST-SX22",400,"MSTSTO",96220363,"0101142EnoeNor",55.15755,11.6357944444444,67,"MST2021002","MST2021002_2021-07-07","MST2021002::2021-07-07","MST2021002STEX22_04","jakobOleLarsen",NA,"ABRA","MST2021002STEX22_04","22_04",20.4,"MST2021002","nej",1000,TRUE,7,7,2021,16147,"Erisin","Unknown",0.0728622674942017,10,7,298,1
"715","H02","MST2021044","Erisin",0,15630,0,15630,15630,NA,"ddpcr0037","RIB1510007",2.62,"2021-dec-08","2021-05-20","2021-05-19","2021-05-19",NA,1,"MST-SX22",400,"Sydjylland",91500007,"Soenderhooest",55.3375166666667,8.35012777777778,55,"MST2021044","MST2021044_2021-05-19","MST2021044::2021-05-19","MST2021044STEX22_11","LasseoerstedJensen",NA,"Haig","MST2021044STEX22_11","22_11",11,"MST2021044","nej",1200,FALSE,19,5,2021,15630,"Erisin","Unknown",0,28,7,316,0
"716","H03","MST1027","Erisin",0.353188395500183,13326,4,13322,13326,NA,"ddpcr0037",NA,5.4,"2022-feb-01","2021-03-26","2021-03-19","2021-03-19","95",155,"MST-SX25",400,"MSTFYN",96510125,"Sydfynskeoehav_BF11",55.0262,10.3685111111111,165,"MST1027","MST1027_2021-03-19","MST1027::2021-03-19","MST1027STEX25_15","RasmusBillegrav",NA,"LivII",NA,"25_15",42,"MST1027","ja",1500,FALSE,19,3,2021,13326,"Erisin","Unknown",0.353188395500183,3,7,291,1
"717","H04","MST2021099","Erisin",0,15514,0,15514,15514,NA,"ddpcr0037",NA,5.4,"2022-jan-11","2021-08-25","2021-08-24","2021-08-24","3",1,"MST-SX24",400,"MSTOJL",94400007,"94400007_ARH170006",56.1544166666667,10.3166972222222,16,"MST2021099","MST2021099_2021-08-24","MST2021099::2021-08-24","MST2021099STEX24_19","RasmusBillegrav",NA,"Frigg","MST2021099STEX24_19","24_19",175.1,"MST2021099","ja",1500,FALSE,24,8,2021,15514,"Erisin","Unknown",0,47,7,335,0
"718","H05","MST1031","Erisin",0,16734,0,16734,16734,NA,"ddpcr0037",NA,17.5,"2022-feb-01","2021-03-26","2021-03-17","2021-03-17","Ingenlagdeling",89,"MST-SX25",400,"MST_SJL",93210013,"Isefjordydre",55.8656666666667,11.7835111111111,105,"MST1031","MST1031_2021-03-17","MST1031::2021-03-17","MST1031STEX25_11","PHELD_NIFSO",NA,"Daphne",NA,"25_11",33.6,"MST1031","nej",1500,FALSE,17,3,2021,16734,"Erisin","Unknown",0,5,7,293,0
"719","H06","MST1038","Erisin",0,16323,0,16323,16323,NA,"ddpcr0037",NA,2.61,"2022-jan-06","2021-04-16","2021-04-14","2021-04-14","3",111,"MST-SX23",400,"MST_STORSTRoeM",95220322,"BFKarrebaeksmindeBugt",55.1395,11.5002361111111,121,"MST1038","MST1038_2021-04-14","MST1038::2021-04-14","MST1038STEX23_09","Alkri",NA,"DAPHNE",NA,"23_09",60.3,"MST1038","ja",1700,FALSE,14,4,2021,16323,"Erisin","Unknown",0,6,7,294,0
"720","H07","MST2021013","Erisin",0,14240,0,14240,14240,NA,"ddpcr0037",NA,9.55,"2021-dec-08","2021-09-10","2021-08-25","2021-08-25",NA,1,"MST-SX22",400,"Sjaelland",93220011,"ROS60",55.713,12.04,48,"MST2021013","MST2021013_2021-08-25","MST2021013::2021-08-25","MST2021013STEX22_06","EmilGuddalLarsen",NA,"Mergus","MST2021013STEX22_06","22_06",17.9,"MST2021013","nej",1600,TRUE,25,8,2021,14240,"Erisin","Unknown",0,16,7,304,0
"721","A02","MST1039","Homame",0,15091,0,15091,15091,NA,"ddpcr0039",NA,13.6,"2022-feb-01","2021-05-03","2021-04-26","2021-04-26","na",1,"MST-SX25",400,"MST_MJL",91320001,"RKB1",56.0778333333333,8.21670555555556,32,"MST1039","MST1039_2021-04-26","MST1039::2021-04-26","MST1039STEX25_19","JettePoulsenEngholm",NA,"Penelope",NA,"25_19",95,"MST1039","nej",570,FALSE,26,4,2021,15091,"Homame","Unknown",0,7,10,439,0
"722","A03","MST2021049","Homame",0.0677788034081459,17358,1,17357,17358,NA,"ddpcr0039","LISD0027",7.75,"2022-jan-06","2021-05-21","2021-05-21","2021-05-21",NA,10,"MST-SX23",400,"Sydjylland",91650035,"ListerDyb",55.0938666666667,8.56828611111111,11,"MST2021049","MST2021049_2021-05-21","MST2021049::2021-05-21","MST2021049STEX23_10","LasseoerstedJensen",NA,"Fucus","MST2021049STEX23_10","23_10",11,"MST2021049","nej",500,FALSE,21,5,2021,17358,"Homame","Unknown",0.0677788034081459,29,10,461,1
"723","A04","MST2021012","Homame",0,9635,0,9635,9635,NA,"ddpcr0039",NA,11,"2022-feb-01","2021-05-03","2021-04-27","2021-04-27","na",59,"MST-SX25",400,"MSTSYD",95130028,"VejleFjordindre_VF",55.7021833333333,9.66136111111111,69,"MST2021012","MST2021012_2021-04-27","MST2021012::2021-04-27","MST2021012STEX25_12","KRISTIANMCGREGOR",NA,"LIVII","MST2021012STEX25_12","25_12",81.7,"MST2021012","nej",1500,TRUE,27,4,2021,9635,"Homame","Unknown",0,15,10,447,0
"724","A05","MST2021058","Homame",0,18060,0,18060,18060,NA,"ddpcr0039",NA,3.7,"2021-nov-24","2021-09-03","2021-08-30","2021-08-30","17",1,"MST-SX21",400,"MSTOJL",94300001,"94300001_VEJ0006870",55.6743833333333,10.0845083333333,194,"MST2021058","MST2021058_2021-08-30","MST2021058::2021-08-30","MST2021058STEX21_13","KRISTIANMCGREGOR",NA,"Frigg","MST2021058STEX21_13","21_13",100.7,"MST2021058","ja",1500,FALSE,30,8,2021,18060,"Homame","Unknown",0,33,10,465,0
"725","A06","MST2021039","Homame",0,19544,0,19544,19544,NA,"ddpcr0039",NA,2.72,"2021-dec-08","2021-05-20","2021-05-07","2021-05-07","7m",1,"MST-SX22",400,"MST_NJL",93610032,"MariagerFjord",56.6626666666667,9.96678333333333,27,"MST2021039","MST2021039_2021-05-07","MST2021039::2021-05-07","MST2021039STEX22_08","PHELD_ALKRI",NA,"Sif","MST2021039STEX22_08","22_08",92.8,"MST2021039","ja",1800,FALSE,7,5,2021,19544,"Homame","Unknown",0,25,10,457,0
"726","A07","MST2021043","Homame",0,19300,0,19300,19300,NA,"ddpcr0039","Dererkunenproevetilraadighed_proeve2erbortkommet",4.41,"2021-dec-08","2021-05-20","2021-05-17","2021-05-17","4",1,"MST-SX22",400,"MSTSJL",93000001,"VSJ20925",56.1316666666667,11.1513361111111,48,"MST2021043","MST2021043_2021-05-17","MST2021043::2021-05-17","MST2021043STEX22_10","alkri_nifso",NA,"Sif","MST2021043STEX22_10","22_10",10.6,"MST2021043","ja",1500,FALSE,17,5,2021,19300,"Homame","Unknown",0,27,10,459,0
"727","B02","MST2021015","Homame",0,15827,0,15827,15827,NA,"ddpcr0039",NA,5.4,"2021-nov-24","2021-09-08","2021-09-02","2021-09-02","na",1,"MST-SX21",400,"MST_MJL",91320001,"RKB1",56.0778333333333,8.21678611111111,32,"MST2021015","MST2021015_2021-09-02","MST2021015::2021-09-02","MST2021015STEX21_03","BentJensen",NA,"Penelope","MST2021015STEX21_03","21_03",17.5,"MST2021015","nej",925,TRUE,2,9,2021,15827,"Homame","Unknown",0,17,10,449,0
"728","B03","MST2021052","Homame",0,17160,0,17160,17160,NA,"ddpcr0039",NA,8.95,"2021-nov-24","2021-06-15","2021-06-14","2021-06-14","26",1,"MST-SX21",400,"Fyn",94230001,"FYN6900017",55.4678333333333,10.5169333333333,84,"MST2021052","MST2021052_2021-06-14","MST2021052::2021-06-14","MST2021052STEX21_10","FlemmingNoergaard",NA,"Belone","MST2021052STEX21_10","21_10",17.8,"MST2021052","ja",610,FALSE,14,6,2021,17160,"Homame","Unknown",0,31,10,463,0
"729","B04","MST2021075","Homame",0,9727,0,9727,9727,NA,"ddpcr0039",NA,4.86,"2021-dec-08","2021-05-20","2021-05-11","2021-05-11","13",1,"MST-SX22",400,"MSTOJL",94300001,"VEJ0006870_94300001",55.6743833333333,10.0845083333333,21,"MST2021075","MST2021075_2021-05-11","MST2021075::2021-05-11","MST2021075STEX22_13","janeRobertsen",NA,"Frigg","MST2021075STEX22_13","22_13",98.1,"MST2021075","ja",1100,FALSE,11,5,2021,9727,"Homame","Unknown",0,38,10,470,0
"730","B05","MST2021064","Homame",0,17965,0,17965,17965,NA,"ddpcr0039","Breddegrad:56572400",2.96,"2021-nov-24","2021-09-08","2021-09-02","2021-09-02","na",1,"MST-SX21",400,"MSTNJL",93730002,"93730002_VIB3708_1",56.954,9.05020833333333,76,"MST2021064","MST2021064_2021-09-02","MST2021064::2021-09-02","MST2021064STEX21_15","kristianmcgregor",NA,"Frigg","MST2021064STEX21_15","21_15",173.7,"MST2021064","nej",700,FALSE,2,9,2021,17965,"Homame","Unknown",0,35,10,467,0
"731","B06","MST1054","Homame",0,19460,0,19460,19460,NA,"ddpcr0039",NA,6.85,"2022-jan-11","2021-05-31","2021-05-18","2021-05-18","38m",1,"MST-SX24",400,"MST_FYN",99000052,"DMU444_Arkona",55,13.3,48,"MST1054","MST1054_2021-05-18","MST1054::2021-05-18","MST1054STEX24_23","ALKRI_NIFSO",NA,"Sif",NA,"24_23",92,"MST1054","ja",1400,FALSE,18,5,2021,19460,"Homame","Unknown",0,9,10,441,0
"732","B07","MST2021076","Homame",0,18071,0,18071,18071,NA,"ddpcr0039",NA,7.4,"2022-feb-01","2021-09-08","2021-09-02","2021-09-02","42",1,"MST-SX25",400,"MSTFYN",99000052,"DMU444",54.9996666666667,13.3,457,"MST2021076","MST2021076_2021-09-02","MST2021076::2021-09-02","MST2021076STEX25_04","alkri",NA,"Sif","MST2021076STEX25_04","25_04",17.5,"MST2021076","ja",1800,FALSE,2,9,2021,18071,"Homame","Unknown",0,39,10,471,0
"733","C02","MST2021028","Homame",0,13331,0,13331,13331,NA,"ddpcr0039","VandproeverneernedkoeletogtransporterettilAalborghvorfiltreringenskete",0.58,"2021-nov-24","2021-10-09","2021-09-27","2021-09-27",NA,NA,"MST-SX21",400,"Nordjylland",92200001,"HirtshalsNOR7715_92200001",57.6078333333333,9.90025555555555,18,"MST2021028","MST2021028_2021-09-27","MST2021028::2021-09-27","MST2021028STEX21_06","SvendaageBendtsen",NA,"MagretheGaardbo","MST2021028STEX21_06","21_06",15,"MST2021028","nej",1200,TRUE,27,9,2021,13331,"Homame","Unknown",0,20,10,452,0
"734","C03","MST2021071","Homame",0.0698969513177872,16832,1,16831,16832,NA,"ddpcr0039",NA,6.5,"2022-jan-11","2021-10-21","2021-10-13","2021-10-13",NA,1,"MST-SX24",400,"Fyn",94230001,"FYN6900017",55.4678333333333,10.5169333333333,98,"MST2021071","MST2021071_2021-10-13","MST2021071::2021-10-13","MST2021071STEX24_04","FlemmingNoergaard&PauliJoergensen",NA,"Belone","MST2021071STEX24_04","24_04",11.4,"MST2021071","nej",1500,FALSE,13,10,2021,16832,"Homame","Unknown",0.0698969513177872,37,10,469,1
"735","C04","MST1022","Homame",0,9406,0,9406,9406,NA,"ddpcr0039",NA,0.428,"2021-dec-08","2021-05-20","2021-05-17","2021-05-17","9",1,"MST-SX22",400,"MSTOJL",94400007,"ARH1700006_94400007",56.1547333333333,10.3170055555556,162,"MST1022","MST1022_2021-05-17","MST1022::2021-05-17","MST1022STEX22_02","janeRobertsen",NA,"Frigg",NA,"22_02",10.9,"MST1022","ja",1100,FALSE,17,5,2021,9406,"Homame","Unknown",0,1,10,433,0
"736","C05","MST2021079","Homame",0,18020,0,18020,18020,NA,"ddpcr0039",NA,7.6,"2021-nov-24","2021-09-08","2021-09-06","2021-09-06","2",1,"MST-SX21",400,"MSTMJL",93740007,"93740007_VIB3727_1",56.6208333333333,9.06681944444444,51,"MST2021079","MST2021079_2021-09-06","MST2021079::2021-09-06","MST2021079STEX21_21","RasmusBillegrav",NA,"Frigg","MST2021079STEX21_21","21_21",173.5,"MST2021079","ja",1100,FALSE,6,9,2021,18020,"Homame","Unknown",0,40,10,472,0
"737","C06","MST2021008","Homame",0,17780,0,17780,17780,NA,"ddpcr0039",NA,9.1,"2022-jan-11","2021-05-31","2021-05-19","2021-05-19","86",1,"MST-SX24",400,"MST_SJL",97200002,"KBH431_Ven",55.8666666666667,12.75,55,"MST2021008","MST2021008_2021-05-19","MST2021008::2021-05-19","MST2021008STEX24_05","ALKRI_NIFSO",NA,"Sif","MST2021008STEX24_05","24_05",11.8,"MST2021008","ja",1300,FALSE,19,5,2021,17780,"Homame","Unknown",0,13,10,445,0
"738","C07","MST2021029","Homame",0,17523,0,17523,17523,NA,"ddpcr0039",NA,5.7,"2021-nov-24","2021-09-15","2021-09-07","2021-09-07","12",1,"MST-SX21",400,"MSTSJL",97200002,"KBH431",55.8616666666667,12.7336055555556,501,"MST2021029","MST2021029_2021-09-07","MST2021029::2021-09-07","MST2021029STEX21_07","alkri",NA,"Sif","MST2021029STEX21_07","21_07",17.1,"MST2021029","ja",1800,TRUE,7,9,2021,17523,"Homame","Unknown",0,21,10,453,0
"739","D02","MST2021031","Homame",0,10900,0,10900,10900,NA,"ddpcr0039","ErudtagetmedLindahlslangesomdybdeintegredetproeverfra0_10metersammenmedplanktonproeverneogsaaprofilmaalingerchlAogvandkemi",0.97,"2021-nov-24","2021-07-03","2021-06-17","2021-06-17",NA,4,"MST-SX21",400,"Nordjylland",92200001,"HirtshalsNOR7715_92200001",57.6078333333333,9.90025555555555,15,"MST2021031","MST2021031_2021-06-17","MST2021031::2021-06-17","MST2021031STEX21_09","SvendaageBendtsen",NA,"MagretheGaardbo","MST2021031STEX21_09","21_09",14,"MST2021031","nej",1200,FALSE,17,6,2021,10900,"Homame","Unknown",0,23,10,455,0
"740","D03","MST2021005","Homame",0,17011,0,17011,17011,NA,"ddpcr0039",NA,11.7,"2022-jan-11","2021-06-10","2021-06-01","2021-06-01",NA,1,"MST-SX24",400,"Sjaelland",93220011,"ROS60_322RoskildeFjord",55.713,12.04,48,"MST2021005","MST2021005_2021-06-01","MST2021005::2021-06-01","MST2021005STEX24_12","EmilGuddalLarsen",NA,"Mergus","MST2021005STEX24_12","24_12",17.1,"MST2021005","nej",1600,TRUE,1,6,2021,17011,"Homame","Unknown",0,11,10,443,0
"741","D04","MST2021089","Homame",0,8395,0,8395,8395,NA,"ddpcr0039",NA,5.7,"2022-jan-06","2021-05-20","2021-05-17","2021-05-17","75",13,"MST-SX23",400,"MSTOJL",94510035,"EbeltoftVig",56.2094,10.6003444444444,14,"MST2021089","MST2021089_2021-05-17","MST2021089::2021-05-17","MST2021089STEX23_06","janeRobertsen",NA,"Frigg","MST2021089STEX23_06","23_06",77.3,"MST2021089","ja",1400,FALSE,17,5,2021,8395,"Homame","Unknown",0,46,10,478,0
"742","D05","MST2021082","Homame",0,16872,0,16872,16872,NA,"ddpcr0039",NA,4.09,"2021-nov-24","2021-09-08","2021-09-07","2021-09-07","4",1,"MST-SX21",400,"MSTNJL",93000005,"93000005_NOR409",56.8561,10.7845083333333,146,"MST2021082","MST2021082_2021-09-07","MST2021082::2021-09-07","MST2021082STEX21_23","RasmusBillegrav",NA,"Frigg","MST2021082STEX21_23","21_23",160.3,"MST2021082","ja",1500,FALSE,7,9,2021,16872,"Homame","Unknown",0,42,10,474,0
"743","D06","MST2021019","Homame",0,17966,0,17966,17966,NA,"ddpcr0039",NA,3.86,"2022-jan-11","2021-05-31","2021-05-25","2021-05-25","11m",1,"MST-SX24",400,"MST_NJL",93000005,"NOR409_aalborgBugt",56.8566666666667,10.7834722222222,146,"MST2021019","MST2021019_2021-05-25","MST2021019::2021-05-25","MST2021019STEX24_21","ALKRI_NICRA",NA,"Sif","MST2021019STEX24_21","24_21",88,"MST2021019","ja",1650,TRUE,25,5,2021,17966,"Homame","Unknown",0,18,10,450,0
"744","D07","MST2021083","Homame",0,15920,0,15920,15920,NA,"ddpcr0039",NA,7.8,"2022-jan-11","2021-10-29","2021-10-22","2021-10-22","12",1,"MST-SX24",400,"MSTFYN",95600002,"FYN6300043",54.9976833333333,10.1517305555556,34,"MST2021083","MST2021083_2021-10-22","MST2021083::2021-10-22","MST2021083STEX24_03","alkri",NA,"Sif","MST2021083STEX24_03","24_03",12.5,"MST2021083","ja",1500,FALSE,22,10,2021,15920,"Homame","Unknown",0,43,10,475,0
"745","E02","MST2021032","Homame",0,17306,0,17306,17306,NA,"ddpcr0039","erudtagetmedNiskinvandhenter",3.28,"2022-jan-11","2021-07-03","2021-06-23","2021-06-23",NA,3,"MST-SX24",400,"Nordjylland",93920064,"KragskovRevSyd",57.5407666666667,10.4687805555556,4,"MST2021032","MST2021032_2021-06-23","MST2021032::2021-06-23","MST2021032STEX24_11","SvendaageBendtsen",NA,"Pingo","MST2021032STEX24_11","24_11",15.7,"MST2021032","nej",1400,FALSE,23,6,2021,17306,"Homame","Unknown",0,24,10,456,0
"746","E03","MST2021025","Homame",0,15211,0,15211,15211,NA,"ddpcr0039","Datoforoverfoerseltil_80Cfryserenilaboratorieterikkedokumenteremenproevemersenestblevetoverfoertd15_06_2021ogmuligvisvedentidligeredato
",3.16,"2022-jan-11","2021-06-15","2021-06-10","2021-06-10",NA,28,"MST-SX24",400,"Sjaelland",99150002,"FranksRev",55.0334833333333,15.5078333333333,39,"MST2021025","MST2021025_2021-06-10","MST2021025::2021-06-10","MST2021025STEX24_02","EmilGuddalLarsen",NA,"Mergus","MST2021025STEX24_02","24_02",16.8,"MST2021025","nej",1750,TRUE,10,6,2021,15211,"Homame","Unknown",0,19,10,451,0
"747","E04","MST2021088","Homame",0,8961,0,8961,8961,NA,"ddpcr0039",NA,16.5,"2022-feb-01","2021-05-21","2021-05-20","2021-05-20","75",188,"MST-SX25",400,"MSTFYN",96700057,"KertemindeBugt",55.4392166666667,10.8276944444444,198,"MST2021088","MST2021088_2021-05-20","MST2021088::2021-05-20","MST2021088STEX25_03","janeRobertsen",NA,"Frigg","MST2021088STEX25_03","25_03",73.7,"MST2021088","ja",1600,FALSE,20,5,2021,8961,"Homame","Unknown",0,45,10,477,0
"748","E05","MST2021070","Homame",0,17605,0,17605,17605,NA,"ddpcr0039",NA,9.1,"2022-jan-11","2021-10-27","2021-10-26","2021-10-26","86",1,"MST-SX24",400,"MSTNJL",93610032,"93610032",56.6626666666667,9.96678333333333,28,"MST2021070","MST2021070_2021-10-26","MST2021070::2021-10-26","MST2021070STEX24_16","RasmusBillegrav",NA,"Frigg","MST2021070STEX24_16","24_16",107.4,"MST2021070","ja",1200,FALSE,26,10,2021,17605,"Homame","Unknown",0,36,10,468,0
"749","E06","MST2021030","Homame",0,16658,0,16658,16658,NA,"ddpcr0039",NA,4.07,"2021-nov-24","2021-05-31","2021-05-26","2021-05-26","N_A",1,"MST-SX21",400,"MST_MJL",93740007,"SkiveFjord",56.6208333333333,9.06681944444444,5,"MST2021030","MST2021030_2021-05-26","MST2021030::2021-05-26","MST2021030STEX21_08","PHELD_NICRA",NA,"Sif","MST2021030STEX21_08","21_08",115.9,"MST2021030","nej",1600,TRUE,26,5,2021,16658,"Homame","Unknown",0,22,10,454,0
"750","E07","MST2021006","Homame",0,15110,0,15110,15110,NA,"ddpcr0039",NA,7.65,"2022-jan-11","2021-08-25","2021-08-24","2021-08-24","_",96,"MST-SX24",400,"MSTSTO",99210007,"1001027Hovedeskov",54.7410833333333,12.0851805555556,106,"MST2021006","MST2021006_2021-08-24","MST2021006::2021-08-24","MST2021006STEX24_13","NicolaiEspenhainAnker",NA,"ABRA","MST2021006STEX24_13","24_13",17.3,"MST2021006","nej",1400,TRUE,24,8,2021,15110,"Homame","Unknown",0,12,10,444,0
"751","F02","MST2021040","Homame",0.0708269253373146,16611,1,16610,16611,NA,"ddpcr0039",NA,4.92,"2021-dec-08","2021-09-22","2021-09-15","2021-09-15",NA,95,"MST-SX22",400,"MSToestjylland",93420310,"Tr3Fornaes",56.4437333333333,10.9524027777778,11,"MST2021040","MST2021040_2021-09-15","MST2021040::2021-09-15","MST2021040STEX22_09","JensDeding",NA,"Havana","MST2021040STEX22_09","22_09",15.7,"MST2021040","?",1270,FALSE,15,9,2021,16611,"Homame","Unknown",0.0708269253373146,26,10,458,1
"752","F03","NEKfeb2022","Homame",0,17263,0,17263,17263,NA,"ddpcr0039",NA,NA,NA,NA,NA,NA,NA,NA,NA,NA,NA,NA,NA,NA,NA,NA,NA,NA,NA,NA,NA,NA,NA,NA,NA,NA,NA,NA,NA,NA,NA,NA,NA,17263,"Homame","Unknown",0,48,10,480,0
"753","F04","MST2021062","Homame",0.138432741165161,8499,1,8498,8499,NA,"ddpcr0039",NA,19,"2022-feb-01","2021-05-21","2021-05-21","2021-05-21","12",1,"MST-SX25",400,"MSTFYN",95600002,"95600002_FYN6300043",54.9975833333333,10.1654166666667,361,"MST2021062","MST2021062_2021-05-21","MST2021062::2021-05-21","MST2021062STEX25_10","janeRobertsen",NA,"Frigg","MST2021062STEX25_10","25_10",112.2,"MST2021062","ja",1400,FALSE,21,5,2021,8499,"Homame","Unknown",0.138432741165161,34,10,466,1
"754","F05","MST1043","Homame",0,17639,0,17639,17639,NA,"ddpcr0039",NA,3.06,"2022-jan-06","2021-04-12","2021-04-06","2021-04-06",NA,11,"MST-SX23",400,"MSTOJL",93500119,"Hevringbugt",56.6261666666667,10.3204,12,"MST1043","MST1043_2021-04-06","MST1043::2021-04-06","MST1043STEX23_02","JOCTH",NA,"Musling",NA,"23_02",64.3,"MST1043","nej",1500,FALSE,6,4,2021,17639,"Homame","Unknown",0,8,10,440,0
"755","F06","MST2021055","Homame",0,17595,0,17595,17595,NA,"ddpcr0039",NA,5.3,"2021-nov-24","2021-09-15","2021-09-14","2021-09-14","24",1,"MST-SX21",400,"STO",99000049,"99000049",55.25,15.9833333333333,909,"MST2021055","MST2021055_2021-09-14","MST2021055::2021-09-14","MST2021055STEX21_12","krmsk",NA,"sif","MST2021055STEX21_12","21_12",169.3,"MST2021055","ja",1500,FALSE,14,9,2021,17595,"Homame","Unknown",0,32,10,464,0
"756","F07","MST2021011","Homame",0,16456,0,16456,16456,NA,"ddpcr0039",NA,4.23,"2021-dec-08","2021-08-03","2021-08-31","2021-08-31","_",4.1e+16,"MST-SX22",400,"MSTSTO",98210012,"0401011FemerenBaeltVest",54.73475,11.0846527777778,51,"MST2021011","MST2021011_2021-08-31","MST2021011::2021-08-31","MST2021011STEX22_05","NicolaiEspenhainAnker",NA,"ABRA","MST2021011STEX22_05","22_05",170.9,"MST2021011","nej",1500,TRUE,31,8,2021,16456,"Homame","Unknown",0,14,10,446,0
"757","G02","MST2021081","Homame",0,4374,0,4374,4374,NA,"ddpcr0039","RIB1510007",3.54,"2021-nov-24","2021-09-21","2021-09-20","2021-09-20",NA,1,"MST-SX21",400,"Sydjylland",91500007,"Soenderhooest",55.3375166666667,8.35012777777778,63,"MST2021081","MST2021081_2021-09-20","MST2021081::2021-09-20","MST2021081STEX21_22","LasseoerstedJensen",NA,"Haig","MST2021081STEX21_22","21_22",16,"MST2021081","nej",1300,FALSE,20,9,2021,4374,"Homame","Unknown",0,41,10,473,0
"758","G03","MST1028","Homame",0,18043,0,18043,18043,NA,"ddpcr0039",NA,7.15,"2022-jan-06","2021-03-26","2021-03-15","2021-03-15","17",282,"MST-SX23",400,"MSTSYD",95700008,"FFSB0011",54.8341666666667,9.81666666666667,292,"MST1028","MST1028_2021-03-15","MST1028::2021-03-15","MST1028STEX23_11","RasmusBillegrav",NA,"LivII",NA,"23_11",27.8,"MST1028","ja",1600,FALSE,15,3,2021,18043,"Homame","Unknown",0,4,10,436,0
"759","G04","MST2021051","Homame",0,8817,0,8817,8817,NA,"ddpcr0039",NA,22.5,"2022-feb-01","2021-06-10","2021-06-04","2021-06-04",NA,1,"MST-SX25",400,"MSTNJL",93730002,"93730002_VIB3708_1",56.9543333333333,9.07075,7,"MST2021051","MST2021051_2021-06-04","MST2021051::2021-06-04","MST2021051STEX25_16","RasmusBillegrav",NA,"Frigg","MST2021051STEX25_16","25_16",150.8,"MST2021051","nej",1700,FALSE,4,6,2021,8817,"Homame","Unknown",0,30,10,462,0
"760","G05","MST1024","Homame",0,17455,0,17455,17455,NA,"ddpcr0039",NA,1,"2022-jan-06","2021-04-19","2021-04-15","2021-04-15",NA,5,"MST-SX23",400,"MSTMJL",93770056,"NissumBredning",56.6008333333333,8.400225,6,"MST1024","MST1024_2021-04-15","MST1024::2021-04-15","MST1024STEX23_14","JOCTH",NA,"Musling",NA,"23_14",69,"MST1024","nej",1500,FALSE,15,4,2021,17455,"Homame","Unknown",0,2,10,434,0
"761","G06","MST2021085","Homame",0,17720,0,17720,17720,NA,"ddpcr0039",NA,3.26,"2021-nov-24","2021-09-22","2021-09-16","2021-09-16","8.8E+016",1,"MST-SX21",400,"SJL",93000001,"93000001",56.1305,11.1501055555556,439,"MST2021085","MST2021085_2021-09-16","MST2021085::2021-09-16","MST2021085STEX21_24","krmsk",NA,"sif","MST2021085STEX21_24","21_24",173.2,"MST2021085","ja",1700,FALSE,16,9,2021,17720,"Homame","Unknown",0,44,10,476,0
"762","G07","MST2021002","Homame",0,17513,0,17513,17513,NA,"ddpcr0039",NA,5.4,"2021-dec-08","2021-07-08","2021-07-07","2021-07-07","_",57,"MST-SX22",400,"MSTSTO",96220363,"0101142EnoeNor",55.15755,11.6357944444444,67,"MST2021002","MST2021002_2021-07-07","MST2021002::2021-07-07","MST2021002STEX22_04","jakobOleLarsen",NA,"ABRA","MST2021002STEX22_04","22_04",20.4,"MST2021002","nej",1000,TRUE,7,7,2021,17513,"Homame","Unknown",0,10,10,442,0
"763","H02","MST2021044","Homame",0,15129,0,15129,15129,NA,"ddpcr0039","RIB1510007",2.62,"2021-dec-08","2021-05-20","2021-05-19","2021-05-19",NA,1,"MST-SX22",400,"Sydjylland",91500007,"Soenderhooest",55.3375166666667,8.35012777777778,55,"MST2021044","MST2021044_2021-05-19","MST2021044::2021-05-19","MST2021044STEX22_11","LasseoerstedJensen",NA,"Haig","MST2021044STEX22_11","22_11",11,"MST2021044","nej",1200,FALSE,19,5,2021,15129,"Homame","Unknown",0,28,10,460,0
"764","H03","MST1027","Homame",0,17345,0,17345,17345,NA,"ddpcr0039",NA,5.4,"2022-feb-01","2021-03-26","2021-03-19","2021-03-19","95",155,"MST-SX25",400,"MSTFYN",96510125,"Sydfynskeoehav_BF11",55.0262,10.3685111111111,165,"MST1027","MST1027_2021-03-19","MST1027::2021-03-19","MST1027STEX25_15","RasmusBillegrav",NA,"LivII",NA,"25_15",42,"MST1027","ja",1500,FALSE,19,3,2021,17345,"Homame","Unknown",0,3,10,435,0
"765","H04","MST2021099","Homame",0,8698,0,8698,8698,NA,"ddpcr0039",NA,5.4,"2022-jan-11","2021-08-25","2021-08-24","2021-08-24","3",1,"MST-SX24",400,"MSTOJL",94400007,"94400007_ARH170006",56.1544166666667,10.3166972222222,16,"MST2021099","MST2021099_2021-08-24","MST2021099::2021-08-24","MST2021099STEX24_19","RasmusBillegrav",NA,"Frigg","MST2021099STEX24_19","24_19",175.1,"MST2021099","ja",1500,FALSE,24,8,2021,8698,"Homame","Unknown",0,47,10,479,0
"766","H05","MST1031","Homame",0,18630,0,18630,18630,NA,"ddpcr0039",NA,17.5,"2022-feb-01","2021-03-26","2021-03-17","2021-03-17","Ingenlagdeling",89,"MST-SX25",400,"MST_SJL",93210013,"Isefjordydre",55.8656666666667,11.7835111111111,105,"MST1031","MST1031_2021-03-17","MST1031::2021-03-17","MST1031STEX25_11","PHELD_NIFSO",NA,"Daphne",NA,"25_11",33.6,"MST1031","nej",1500,FALSE,17,3,2021,18630,"Homame","Unknown",0,5,10,437,0
"767","H06","MST1038","Homame",0,17628,0,17628,17628,NA,"ddpcr0039",NA,2.61,"2022-jan-06","2021-04-16","2021-04-14","2021-04-14","3",111,"MST-SX23",400,"MST_STORSTRoeM",95220322,"BFKarrebaeksmindeBugt",55.1395,11.5002361111111,121,"MST1038","MST1038_2021-04-14","MST1038::2021-04-14","MST1038STEX23_09","Alkri",NA,"DAPHNE",NA,"23_09",60.3,"MST1038","ja",1700,FALSE,14,4,2021,17628,"Homame","Unknown",0,6,10,438,0
"768","H07","MST2021013","Homame",0,16588,0,16588,16588,NA,"ddpcr0039",NA,9.55,"2021-dec-08","2021-09-10","2021-08-25","2021-08-25",NA,1,"MST-SX22",400,"Sjaelland",93220011,"ROS60",55.713,12.04,48,"MST2021013","MST2021013_2021-08-25","MST2021013::2021-08-25","MST2021013STEX22_06","EmilGuddalLarsen",NA,"Mergus","MST2021013STEX22_06","22_06",17.9,"MST2021013","nej",1600,TRUE,25,8,2021,16588,"Homame","Unknown",0,16,10,448,0
"769","A02","MST1039","Caraur",0,19074,0,19074,19074,NA,"ddpcr0040",NA,13.6,"2022-feb-01","2021-05-03","2021-04-26","2021-04-26","na",1,"MST-SX25",400,"MST_MJL",91320001,"RKB1",56.0778333333333,8.21670555555556,32,"MST1039","MST1039_2021-04-26","MST1039::2021-04-26","MST1039STEX25_19","JettePoulsenEngholm",NA,"Penelope",NA,"25_19",95,"MST1039","nej",570,FALSE,26,4,2021,19074,"Caraur","Unknown",0,7,3,103,0
"770","A03","MST2021049","Caraur",0.059569638222456,19750,1,19749,19750,NA,"ddpcr0040","LISD0027",7.75,"2022-jan-06","2021-05-21","2021-05-21","2021-05-21",NA,10,"MST-SX23",400,"Sydjylland",91650035,"ListerDyb",55.0938666666667,8.56828611111111,11,"MST2021049","MST2021049_2021-05-21","MST2021049::2021-05-21","MST2021049STEX23_10","LasseoerstedJensen",NA,"Fucus","MST2021049STEX23_10","23_10",11,"MST2021049","nej",500,FALSE,21,5,2021,19750,"Caraur","Unknown",0.059569638222456,29,3,125,1
"771","A04","MST2021012","Caraur",0,20290,0,20290,20290,NA,"ddpcr0040",NA,11,"2022-feb-01","2021-05-03","2021-04-27","2021-04-27","na",59,"MST-SX25",400,"MSTSYD",95130028,"VejleFjordindre_VF",55.7021833333333,9.66136111111111,69,"MST2021012","MST2021012_2021-04-27","MST2021012::2021-04-27","MST2021012STEX25_12","KRISTIANMCGREGOR",NA,"LIVII","MST2021012STEX25_12","25_12",81.7,"MST2021012","nej",1500,TRUE,27,4,2021,20290,"Caraur","Unknown",0,15,3,111,0
"772","A05","MST2021058","Caraur",0,17810,0,17810,17810,NA,"ddpcr0040",NA,3.7,"2021-nov-24","2021-09-03","2021-08-30","2021-08-30","17",1,"MST-SX21",400,"MSTOJL",94300001,"94300001_VEJ0006870",55.6743833333333,10.0845083333333,194,"MST2021058","MST2021058_2021-08-30","MST2021058::2021-08-30","MST2021058STEX21_13","KRISTIANMCGREGOR",NA,"Frigg","MST2021058STEX21_13","21_13",100.7,"MST2021058","ja",1500,FALSE,30,8,2021,17810,"Caraur","Unknown",0,33,3,129,0
"773","A06","MST2021039","Caraur",0,19770,0,19770,19770,NA,"ddpcr0040",NA,2.72,"2021-dec-08","2021-05-20","2021-05-07","2021-05-07","7m",1,"MST-SX22",400,"MST_NJL",93610032,"MariagerFjord",56.6626666666667,9.96678333333333,27,"MST2021039","MST2021039_2021-05-07","MST2021039::2021-05-07","MST2021039STEX22_08","PHELD_ALKRI",NA,"Sif","MST2021039STEX22_08","22_08",92.8,"MST2021039","ja",1800,FALSE,7,5,2021,19770,"Caraur","Unknown",0,25,3,121,0
"774","A07","MST2021043","Caraur",0,20141,0,20141,20141,NA,"ddpcr0040","Dererkunenproevetilraadighed_proeve2erbortkommet",4.41,"2021-dec-08","2021-05-20","2021-05-17","2021-05-17","4",1,"MST-SX22",400,"MSTSJL",93000001,"VSJ20925",56.1316666666667,11.1513361111111,48,"MST2021043","MST2021043_2021-05-17","MST2021043::2021-05-17","MST2021043STEX22_10","alkri_nifso",NA,"Sif","MST2021043STEX22_10","22_10",10.6,"MST2021043","ja",1500,FALSE,17,5,2021,20141,"Caraur","Unknown",0,27,3,123,0
"775","B02","MST2021015","Caraur",0,20458,0,20458,20458,NA,"ddpcr0040",NA,5.4,"2021-nov-24","2021-09-08","2021-09-02","2021-09-02","na",1,"MST-SX21",400,"MST_MJL",91320001,"RKB1",56.0778333333333,8.21678611111111,32,"MST2021015","MST2021015_2021-09-02","MST2021015::2021-09-02","MST2021015STEX21_03","BentJensen",NA,"Penelope","MST2021015STEX21_03","21_03",17.5,"MST2021015","nej",925,TRUE,2,9,2021,20458,"Caraur","Unknown",0,17,3,113,0
"776","B03","MST2021052","Caraur",0,19283,0,19283,19283,NA,"ddpcr0040",NA,8.95,"2021-nov-24","2021-06-15","2021-06-14","2021-06-14","26",1,"MST-SX21",400,"Fyn",94230001,"FYN6900017",55.4678333333333,10.5169333333333,84,"MST2021052","MST2021052_2021-06-14","MST2021052::2021-06-14","MST2021052STEX21_10","FlemmingNoergaard",NA,"Belone","MST2021052STEX21_10","21_10",17.8,"MST2021052","ja",610,FALSE,14,6,2021,19283,"Caraur","Unknown",0,31,3,127,0
"777","B04","MST2021075","Caraur",0,19041,0,19041,19041,NA,"ddpcr0040",NA,4.86,"2021-dec-08","2021-05-20","2021-05-11","2021-05-11","13",1,"MST-SX22",400,"MSTOJL",94300001,"VEJ0006870_94300001",55.6743833333333,10.0845083333333,21,"MST2021075","MST2021075_2021-05-11","MST2021075::2021-05-11","MST2021075STEX22_13","janeRobertsen",NA,"Frigg","MST2021075STEX22_13","22_13",98.1,"MST2021075","ja",1100,FALSE,11,5,2021,19041,"Caraur","Unknown",0,38,3,134,0
"778","B05","MST2021064","Caraur",0,18893,0,18893,18893,NA,"ddpcr0040","Breddegrad:56572400",2.96,"2021-nov-24","2021-09-08","2021-09-02","2021-09-02","na",1,"MST-SX21",400,"MSTNJL",93730002,"93730002_VIB3708_1",56.954,9.05020833333333,76,"MST2021064","MST2021064_2021-09-02","MST2021064::2021-09-02","MST2021064STEX21_15","kristianmcgregor",NA,"Frigg","MST2021064STEX21_15","21_15",173.7,"MST2021064","nej",700,FALSE,2,9,2021,18893,"Caraur","Unknown",0,35,3,131,0
"779","B06","MST1054","Caraur",0,19164,0,19164,19164,NA,"ddpcr0040",NA,6.85,"2022-jan-11","2021-05-31","2021-05-18","2021-05-18","38m",1,"MST-SX24",400,"MST_FYN",99000052,"DMU444_Arkona",55,13.3,48,"MST1054","MST1054_2021-05-18","MST1054::2021-05-18","MST1054STEX24_23","ALKRI_NIFSO",NA,"Sif",NA,"24_23",92,"MST1054","ja",1400,FALSE,18,5,2021,19164,"Caraur","Unknown",0,9,3,105,0
"780","B07","MST2021076","Caraur",0,19320,0,19320,19320,NA,"ddpcr0040",NA,7.4,"2022-feb-01","2021-09-08","2021-09-02","2021-09-02","42",1,"MST-SX25",400,"MSTFYN",99000052,"DMU444",54.9996666666667,13.3,457,"MST2021076","MST2021076_2021-09-02","MST2021076::2021-09-02","MST2021076STEX25_04","alkri",NA,"Sif","MST2021076STEX25_04","25_04",17.5,"MST2021076","ja",1800,FALSE,2,9,2021,19320,"Caraur","Unknown",0,39,3,135,0
"781","C02","MST2021028","Caraur",0,18676,0,18676,18676,NA,"ddpcr0040","VandproeverneernedkoeletogtransporterettilAalborghvorfiltreringenskete",0.58,"2021-nov-24","2021-10-09","2021-09-27","2021-09-27",NA,NA,"MST-SX21",400,"Nordjylland",92200001,"HirtshalsNOR7715_92200001",57.6078333333333,9.90025555555555,18,"MST2021028","MST2021028_2021-09-27","MST2021028::2021-09-27","MST2021028STEX21_06","SvendaageBendtsen",NA,"MagretheGaardbo","MST2021028STEX21_06","21_06",15,"MST2021028","nej",1200,TRUE,27,9,2021,18676,"Caraur","Unknown",0,20,3,116,0
"782","C03","MST2021071","Caraur",0,19176,0,19176,19176,NA,"ddpcr0040",NA,6.5,"2022-jan-11","2021-10-21","2021-10-13","2021-10-13",NA,1,"MST-SX24",400,"Fyn",94230001,"FYN6900017",55.4678333333333,10.5169333333333,98,"MST2021071","MST2021071_2021-10-13","MST2021071::2021-10-13","MST2021071STEX24_04","FlemmingNoergaard&PauliJoergensen",NA,"Belone","MST2021071STEX24_04","24_04",11.4,"MST2021071","nej",1500,FALSE,13,10,2021,19176,"Caraur","Unknown",0,37,3,133,0
"783","C04","MST1022","Caraur",0,17948,0,17948,17948,NA,"ddpcr0040",NA,0.428,"2021-dec-08","2021-05-20","2021-05-17","2021-05-17","9",1,"MST-SX22",400,"MSTOJL",94400007,"ARH1700006_94400007",56.1547333333333,10.3170055555556,162,"MST1022","MST1022_2021-05-17","MST1022::2021-05-17","MST1022STEX22_02","janeRobertsen",NA,"Frigg",NA,"22_02",10.9,"MST1022","ja",1100,FALSE,17,5,2021,17948,"Caraur","Unknown",0,1,3,97,0
"784","C05","MST2021079","Caraur",0.0661998465657234,17772,1,17771,17772,NA,"ddpcr0040",NA,7.6,"2021-nov-24","2021-09-08","2021-09-06","2021-09-06","2",1,"MST-SX21",400,"MSTMJL",93740007,"93740007_VIB3727_1",56.6208333333333,9.06681944444444,51,"MST2021079","MST2021079_2021-09-06","MST2021079::2021-09-06","MST2021079STEX21_21","RasmusBillegrav",NA,"Frigg","MST2021079STEX21_21","21_21",173.5,"MST2021079","ja",1100,FALSE,6,9,2021,17772,"Caraur","Unknown",0.0661998465657234,40,3,136,1
"785","C06","MST2021008","Caraur",0,17649,0,17649,17649,NA,"ddpcr0040",NA,9.1,"2022-jan-11","2021-05-31","2021-05-19","2021-05-19","86",1,"MST-SX24",400,"MST_SJL",97200002,"KBH431_Ven",55.8666666666667,12.75,55,"MST2021008","MST2021008_2021-05-19","MST2021008::2021-05-19","MST2021008STEX24_05","ALKRI_NIFSO",NA,"Sif","MST2021008STEX24_05","24_05",11.8,"MST2021008","ja",1300,FALSE,19,5,2021,17649,"Caraur","Unknown",0,13,3,109,0
"786","C07","MST2021029","Caraur",0,18556,0,18556,18556,NA,"ddpcr0040",NA,5.7,"2021-nov-24","2021-09-15","2021-09-07","2021-09-07","12",1,"MST-SX21",400,"MSTSJL",97200002,"KBH431",55.8616666666667,12.7336055555556,501,"MST2021029","MST2021029_2021-09-07","MST2021029::2021-09-07","MST2021029STEX21_07","alkri",NA,"Sif","MST2021029STEX21_07","21_07",17.1,"MST2021029","ja",1800,TRUE,7,9,2021,18556,"Caraur","Unknown",0,21,3,117,0
"787","D02","MST2021031","Caraur",0,19435,0,19435,19435,NA,"ddpcr0040","ErudtagetmedLindahlslangesomdybdeintegredetproeverfra0_10metersammenmedplanktonproeverneogsaaprofilmaalingerchlAogvandkemi",0.97,"2021-nov-24","2021-07-03","2021-06-17","2021-06-17",NA,4,"MST-SX21",400,"Nordjylland",92200001,"HirtshalsNOR7715_92200001",57.6078333333333,9.90025555555555,15,"MST2021031","MST2021031_2021-06-17","MST2021031::2021-06-17","MST2021031STEX21_09","SvendaageBendtsen",NA,"MagretheGaardbo","MST2021031STEX21_09","21_09",14,"MST2021031","nej",1200,FALSE,17,6,2021,19435,"Caraur","Unknown",0,23,3,119,0
"788","D03","MST2021005","Caraur",0,19157,0,19157,19157,NA,"ddpcr0040",NA,11.7,"2022-jan-11","2021-06-10","2021-06-01","2021-06-01",NA,1,"MST-SX24",400,"Sjaelland",93220011,"ROS60_322RoskildeFjord",55.713,12.04,48,"MST2021005","MST2021005_2021-06-01","MST2021005::2021-06-01","MST2021005STEX24_12","EmilGuddalLarsen",NA,"Mergus","MST2021005STEX24_12","24_12",17.1,"MST2021005","nej",1600,TRUE,1,6,2021,19157,"Caraur","Unknown",0,11,3,107,0
"789","D04","MST2021089","Caraur",0,17902,0,17902,17902,NA,"ddpcr0040",NA,5.7,"2022-jan-06","2021-05-20","2021-05-17","2021-05-17","75",13,"MST-SX23",400,"MSTOJL",94510035,"EbeltoftVig",56.2094,10.6003444444444,14,"MST2021089","MST2021089_2021-05-17","MST2021089::2021-05-17","MST2021089STEX23_06","janeRobertsen",NA,"Frigg","MST2021089STEX23_06","23_06",77.3,"MST2021089","ja",1400,FALSE,17,5,2021,17902,"Caraur","Unknown",0,46,3,142,0
"790","D05","MST2021082","Caraur",0,17567,0,17567,17567,NA,"ddpcr0040",NA,4.09,"2021-nov-24","2021-09-08","2021-09-07","2021-09-07","4",1,"MST-SX21",400,"MSTNJL",93000005,"93000005_NOR409",56.8561,10.7845083333333,146,"MST2021082","MST2021082_2021-09-07","MST2021082::2021-09-07","MST2021082STEX21_23","RasmusBillegrav",NA,"Frigg","MST2021082STEX21_23","21_23",160.3,"MST2021082","ja",1500,FALSE,7,9,2021,17567,"Caraur","Unknown",0,42,3,138,0
"791","D06","MST2021019","Caraur",0,19391,0,19391,19391,NA,"ddpcr0040",NA,3.86,"2022-jan-11","2021-05-31","2021-05-25","2021-05-25","11m",1,"MST-SX24",400,"MST_NJL",93000005,"NOR409_aalborgBugt",56.8566666666667,10.7834722222222,146,"MST2021019","MST2021019_2021-05-25","MST2021019::2021-05-25","MST2021019STEX24_21","ALKRI_NICRA",NA,"Sif","MST2021019STEX24_21","24_21",88,"MST2021019","ja",1650,TRUE,25,5,2021,19391,"Caraur","Unknown",0,18,3,114,0
"792","D07","MST2021083","Caraur",0,17414,0,17414,17414,NA,"ddpcr0040",NA,7.8,"2022-jan-11","2021-10-29","2021-10-22","2021-10-22","12",1,"MST-SX24",400,"MSTFYN",95600002,"FYN6300043",54.9976833333333,10.1517305555556,34,"MST2021083","MST2021083_2021-10-22","MST2021083::2021-10-22","MST2021083STEX24_03","alkri",NA,"Sif","MST2021083STEX24_03","24_03",12.5,"MST2021083","ja",1500,FALSE,22,10,2021,17414,"Caraur","Unknown",0,43,3,139,0
"793","E02","MST2021032","Caraur",0,17472,0,17472,17472,NA,"ddpcr0040","erudtagetmedNiskinvandhenter",3.28,"2022-jan-11","2021-07-03","2021-06-23","2021-06-23",NA,3,"MST-SX24",400,"Nordjylland",93920064,"KragskovRevSyd",57.5407666666667,10.4687805555556,4,"MST2021032","MST2021032_2021-06-23","MST2021032::2021-06-23","MST2021032STEX24_11","SvendaageBendtsen",NA,"Pingo","MST2021032STEX24_11","24_11",15.7,"MST2021032","nej",1400,FALSE,23,6,2021,17472,"Caraur","Unknown",0,24,3,120,0
"794","E03","MST2021025","Caraur",0,19647,0,19647,19647,NA,"ddpcr0040","Datoforoverfoerseltil_80Cfryserenilaboratorieterikkedokumenteremenproevemersenestblevetoverfoertd15_06_2021ogmuligvisvedentidligeredato
",3.16,"2022-jan-11","2021-06-15","2021-06-10","2021-06-10",NA,28,"MST-SX24",400,"Sjaelland",99150002,"FranksRev",55.0334833333333,15.5078333333333,39,"MST2021025","MST2021025_2021-06-10","MST2021025::2021-06-10","MST2021025STEX24_02","EmilGuddalLarsen",NA,"Mergus","MST2021025STEX24_02","24_02",16.8,"MST2021025","nej",1750,TRUE,10,6,2021,19647,"Caraur","Unknown",0,19,3,115,0
"795","E04","MST2021088","Caraur",0,18208,0,18208,18208,NA,"ddpcr0040",NA,16.5,"2022-feb-01","2021-05-21","2021-05-20","2021-05-20","75",188,"MST-SX25",400,"MSTFYN",96700057,"KertemindeBugt",55.4392166666667,10.8276944444444,198,"MST2021088","MST2021088_2021-05-20","MST2021088::2021-05-20","MST2021088STEX25_03","janeRobertsen",NA,"Frigg","MST2021088STEX25_03","25_03",73.7,"MST2021088","ja",1600,FALSE,20,5,2021,18208,"Caraur","Unknown",0,45,3,141,0
"796","E05","MST2021070","Caraur",0,18329,0,18329,18329,NA,"ddpcr0040",NA,9.1,"2022-jan-11","2021-10-27","2021-10-26","2021-10-26","86",1,"MST-SX24",400,"MSTNJL",93610032,"93610032",56.6626666666667,9.96678333333333,28,"MST2021070","MST2021070_2021-10-26","MST2021070::2021-10-26","MST2021070STEX24_16","RasmusBillegrav",NA,"Frigg","MST2021070STEX24_16","24_16",107.4,"MST2021070","ja",1200,FALSE,26,10,2021,18329,"Caraur","Unknown",0,36,3,132,0
"797","E06","MST2021030","Caraur",0,19357,0,19357,19357,NA,"ddpcr0040",NA,4.07,"2021-nov-24","2021-05-31","2021-05-26","2021-05-26","N_A",1,"MST-SX21",400,"MST_MJL",93740007,"SkiveFjord",56.6208333333333,9.06681944444444,5,"MST2021030","MST2021030_2021-05-26","MST2021030::2021-05-26","MST2021030STEX21_08","PHELD_NICRA",NA,"Sif","MST2021030STEX21_08","21_08",115.9,"MST2021030","nej",1600,TRUE,26,5,2021,19357,"Caraur","Unknown",0,22,3,118,0
"798","E07","MST2021006","Caraur",0,18698,0,18698,18698,NA,"ddpcr0040",NA,7.65,"2022-jan-11","2021-08-25","2021-08-24","2021-08-24","_",96,"MST-SX24",400,"MSTSTO",99210007,"1001027Hovedeskov",54.7410833333333,12.0851805555556,106,"MST2021006","MST2021006_2021-08-24","MST2021006::2021-08-24","MST2021006STEX24_13","NicolaiEspenhainAnker",NA,"ABRA","MST2021006STEX24_13","24_13",17.3,"MST2021006","nej",1400,TRUE,24,8,2021,18698,"Caraur","Unknown",0,12,3,108,0
"799","F02","MST2021040","Caraur",0,16210,0,16210,16210,NA,"ddpcr0040",NA,4.92,"2021-dec-08","2021-09-22","2021-09-15","2021-09-15",NA,95,"MST-SX22",400,"MSToestjylland",93420310,"Tr3Fornaes",56.4437333333333,10.9524027777778,11,"MST2021040","MST2021040_2021-09-15","MST2021040::2021-09-15","MST2021040STEX22_09","JensDeding",NA,"Havana","MST2021040STEX22_09","22_09",15.7,"MST2021040","?",1270,FALSE,15,9,2021,16210,"Caraur","Unknown",0,26,3,122,0
"800","F03","NEKfeb2022","Caraur",0,19084,0,19084,19084,NA,"ddpcr0040",NA,NA,NA,NA,NA,NA,NA,NA,NA,NA,NA,NA,NA,NA,NA,NA,NA,NA,NA,NA,NA,NA,NA,NA,NA,NA,NA,NA,NA,NA,NA,NA,NA,19084,"Caraur","Unknown",0,48,3,144,0
"801","F04","MST2021062","Caraur",0,15594,0,15594,15594,NA,"ddpcr0040",NA,19,"2022-feb-01","2021-05-21","2021-05-21","2021-05-21","12",1,"MST-SX25",400,"MSTFYN",95600002,"95600002_FYN6300043",54.9975833333333,10.1654166666667,361,"MST2021062","MST2021062_2021-05-21","MST2021062::2021-05-21","MST2021062STEX25_10","janeRobertsen",NA,"Frigg","MST2021062STEX25_10","25_10",112.2,"MST2021062","ja",1400,FALSE,21,5,2021,15594,"Caraur","Unknown",0,34,3,130,0
"802","F05","MST1043","Caraur",0.0631848648190498,18620,1,18619,18620,NA,"ddpcr0040",NA,3.06,"2022-jan-06","2021-04-12","2021-04-06","2021-04-06",NA,11,"MST-SX23",400,"MSTOJL",93500119,"Hevringbugt",56.6261666666667,10.3204,12,"MST1043","MST1043_2021-04-06","MST1043::2021-04-06","MST1043STEX23_02","JOCTH",NA,"Musling",NA,"23_02",64.3,"MST1043","nej",1500,FALSE,6,4,2021,18620,"Caraur","Unknown",0.0631848648190498,8,3,104,1
"803","F06","MST2021055","Caraur",0,17568,0,17568,17568,NA,"ddpcr0040",NA,5.3,"2021-nov-24","2021-09-15","2021-09-14","2021-09-14","24",1,"MST-SX21",400,"STO",99000049,"99000049",55.25,15.9833333333333,909,"MST2021055","MST2021055_2021-09-14","MST2021055::2021-09-14","MST2021055STEX21_12","krmsk",NA,"sif","MST2021055STEX21_12","21_12",169.3,"MST2021055","ja",1500,FALSE,14,9,2021,17568,"Caraur","Unknown",0,32,3,128,0
"804","F07","MST2021011","Caraur",0,18399,0,18399,18399,NA,"ddpcr0040",NA,4.23,"2021-dec-08","2021-08-03","2021-08-31","2021-08-31","_",4.1e+16,"MST-SX22",400,"MSTSTO",98210012,"0401011FemerenBaeltVest",54.73475,11.0846527777778,51,"MST2021011","MST2021011_2021-08-31","MST2021011::2021-08-31","MST2021011STEX22_05","NicolaiEspenhainAnker",NA,"ABRA","MST2021011STEX22_05","22_05",170.9,"MST2021011","nej",1500,TRUE,31,8,2021,18399,"Caraur","Unknown",0,14,3,110,0
"805","G02","MST2021081","Caraur",0,16904,0,16904,16904,NA,"ddpcr0040","RIB1510007",3.54,"2021-nov-24","2021-09-21","2021-09-20","2021-09-20",NA,1,"MST-SX21",400,"Sydjylland",91500007,"Soenderhooest",55.3375166666667,8.35012777777778,63,"MST2021081","MST2021081_2021-09-20","MST2021081::2021-09-20","MST2021081STEX21_22","LasseoerstedJensen",NA,"Haig","MST2021081STEX21_22","21_22",16,"MST2021081","nej",1300,FALSE,20,9,2021,16904,"Caraur","Unknown",0,41,3,137,0
"806","G03","MST1028","Caraur",0,19161,0,19161,19161,NA,"ddpcr0040",NA,7.15,"2022-jan-06","2021-03-26","2021-03-15","2021-03-15","17",282,"MST-SX23",400,"MSTSYD",95700008,"FFSB0011",54.8341666666667,9.81666666666667,292,"MST1028","MST1028_2021-03-15","MST1028::2021-03-15","MST1028STEX23_11","RasmusBillegrav",NA,"LivII",NA,"23_11",27.8,"MST1028","ja",1600,FALSE,15,3,2021,19161,"Caraur","Unknown",0,4,3,100,0
"807","G04","MST2021051","Caraur",0,17407,0,17407,17407,NA,"ddpcr0040",NA,22.5,"2022-feb-01","2021-06-10","2021-06-04","2021-06-04",NA,1,"MST-SX25",400,"MSTNJL",93730002,"93730002_VIB3708_1",56.9543333333333,9.07075,7,"MST2021051","MST2021051_2021-06-04","MST2021051::2021-06-04","MST2021051STEX25_16","RasmusBillegrav",NA,"Frigg","MST2021051STEX25_16","25_16",150.8,"MST2021051","nej",1700,FALSE,4,6,2021,17407,"Caraur","Unknown",0,30,3,126,0
"808","G05","MST1024","Caraur",0,17140,0,17140,17140,NA,"ddpcr0040",NA,1,"2022-jan-06","2021-04-19","2021-04-15","2021-04-15",NA,5,"MST-SX23",400,"MSTMJL",93770056,"NissumBredning",56.6008333333333,8.400225,6,"MST1024","MST1024_2021-04-15","MST1024::2021-04-15","MST1024STEX23_14","JOCTH",NA,"Musling",NA,"23_14",69,"MST1024","nej",1500,FALSE,15,4,2021,17140,"Caraur","Unknown",0,2,3,98,0
"809","G06","MST2021085","Caraur",0,15917,0,15917,15917,NA,"ddpcr0040",NA,3.26,"2021-nov-24","2021-09-22","2021-09-16","2021-09-16","8.8E+016",1,"MST-SX21",400,"SJL",93000001,"93000001",56.1305,11.1501055555556,439,"MST2021085","MST2021085_2021-09-16","MST2021085::2021-09-16","MST2021085STEX21_24","krmsk",NA,"sif","MST2021085STEX21_24","21_24",173.2,"MST2021085","ja",1700,FALSE,16,9,2021,15917,"Caraur","Unknown",0,44,3,140,0
"810","G07","MST2021002","Caraur",0,18246,0,18246,18246,NA,"ddpcr0040",NA,5.4,"2021-dec-08","2021-07-08","2021-07-07","2021-07-07","_",57,"MST-SX22",400,"MSTSTO",96220363,"0101142EnoeNor",55.15755,11.6357944444444,67,"MST2021002","MST2021002_2021-07-07","MST2021002::2021-07-07","MST2021002STEX22_04","jakobOleLarsen",NA,"ABRA","MST2021002STEX22_04","22_04",20.4,"MST2021002","nej",1000,TRUE,7,7,2021,18246,"Caraur","Unknown",0,10,3,106,0
"811","H02","MST2021044","Caraur",0,15424,0,15424,15424,NA,"ddpcr0040","RIB1510007",2.62,"2021-dec-08","2021-05-20","2021-05-19","2021-05-19",NA,1,"MST-SX22",400,"Sydjylland",91500007,"Soenderhooest",55.3375166666667,8.35012777777778,55,"MST2021044","MST2021044_2021-05-19","MST2021044::2021-05-19","MST2021044STEX22_11","LasseoerstedJensen",NA,"Haig","MST2021044STEX22_11","22_11",11,"MST2021044","nej",1200,FALSE,19,5,2021,15424,"Caraur","Unknown",0,28,3,124,0
"812","H03","MST1027","Caraur",0,18977,0,18977,18977,NA,"ddpcr0040",NA,5.4,"2022-feb-01","2021-03-26","2021-03-19","2021-03-19","95",155,"MST-SX25",400,"MSTFYN",96510125,"Sydfynskeoehav_BF11",55.0262,10.3685111111111,165,"MST1027","MST1027_2021-03-19","MST1027::2021-03-19","MST1027STEX25_15","RasmusBillegrav",NA,"LivII",NA,"25_15",42,"MST1027","ja",1500,FALSE,19,3,2021,18977,"Caraur","Unknown",0,3,3,99,0
"813","H04","MST2021099","Caraur",0,18201,0,18201,18201,NA,"ddpcr0040",NA,5.4,"2022-jan-11","2021-08-25","2021-08-24","2021-08-24","3",1,"MST-SX24",400,"MSTOJL",94400007,"94400007_ARH170006",56.1544166666667,10.3166972222222,16,"MST2021099","MST2021099_2021-08-24","MST2021099::2021-08-24","MST2021099STEX24_19","RasmusBillegrav",NA,"Frigg","MST2021099STEX24_19","24_19",175.1,"MST2021099","ja",1500,FALSE,24,8,2021,18201,"Caraur","Unknown",0,47,3,143,0
"814","H05","MST1031","Caraur",0,18198,0,18198,18198,NA,"ddpcr0040",NA,17.5,"2022-feb-01","2021-03-26","2021-03-17","2021-03-17","Ingenlagdeling",89,"MST-SX25",400,"MST_SJL",93210013,"Isefjordydre",55.8656666666667,11.7835111111111,105,"MST1031","MST1031_2021-03-17","MST1031::2021-03-17","MST1031STEX25_11","PHELD_NIFSO",NA,"Daphne",NA,"25_11",33.6,"MST1031","nej",1500,FALSE,17,3,2021,18198,"Caraur","Unknown",0,5,3,101,0
"815","H06","MST1038","Caraur",0,19008,0,19008,19008,NA,"ddpcr0040",NA,2.61,"2022-jan-06","2021-04-16","2021-04-14","2021-04-14","3",111,"MST-SX23",400,"MST_STORSTRoeM",95220322,"BFKarrebaeksmindeBugt",55.1395,11.5002361111111,121,"MST1038","MST1038_2021-04-14","MST1038::2021-04-14","MST1038STEX23_09","Alkri",NA,"DAPHNE",NA,"23_09",60.3,"MST1038","ja",1700,FALSE,14,4,2021,19008,"Caraur","Unknown",0,6,3,102,0
"816","H07","MST2021013","Caraur",0,17980,0,17980,17980,NA,"ddpcr0040",NA,9.55,"2021-dec-08","2021-09-10","2021-08-25","2021-08-25",NA,1,"MST-SX22",400,"Sjaelland",93220011,"ROS60",55.713,12.04,48,"MST2021013","MST2021013_2021-08-25","MST2021013::2021-08-25","MST2021013STEX22_06","EmilGuddalLarsen",NA,"Mergus","MST2021013STEX22_06","22_06",17.9,"MST2021013","nej",1600,TRUE,25,8,2021,17980,"Caraur","Unknown",0,16,3,112,0
