"","Well","replno","smpltp","templvol","QtyID","WellType","Replicate","ThresholddRn","CtdRn","Quantitycopies","RSqdRn","SlopedRn","qpcrno","MONISprojectno","AssayID","spcabbr","plateno","qpcrrundate","Conc","Species","Sample_Name","Ct","MST_sample_number","Bemaerkn","conc_qubit_ng_uL","Dato.for.ekstraktion","dato_80C","Dato_for_indsml","Dato_inds","Dyb_lagd01","Dyb_Str_m","Ekstraktionsnummer","Elueringvolumen.AE.buffer.uL","Inst","lokalitet_vanda","Lok_omr01","lok_pos_lat","lok_pos_lon","max_Dyb","MST.nummer","MST.n_Dinds","MSTno_di","MST_STEXno","Navn_Inds","Noter2","skib","smplNoSTEX","Sub_Nmb_for_extraction","Temp_Inds","U_Pr_Nr","vandsoejllagd","Vwf_mL","wdt","smpl_day","smpl_mnt","smpl_yea","init_concentration","int_concentation","st_idx","species_idx","sp_st_idx","pres"
"1","A01",1,"std3E5","3uL","QtyorID","Standard",1,0.0618,"24.82","3.00e+005",0.991,-3.427,"qpcr925","MONIS6","AssID05","Karmik","plt01","qpcrrundate20220420",3e+05,"Karmik","std3E5",24.82,"std3E5",NA,NA,NA,NA,NA,NA,NA,NA,NA,NA,NA,NA,NA,NA,NA,NA,NA,NA,NA,NA,NA,NA,NA,NA,NA,NA,NA,NA,NA,NA,NA,NA,NA,3e+05,3e+05,6,11,66,1
"2","A02",1,"std3E5","3uL","QtyorID","Standard",1,0.0618,"24.83","3.00e+005",0.991,-3.427,"qpcr925","MONIS6","AssID05","Karmik","plt01","qpcrrundate20220420",3e+05,"Karmik","std3E5",24.83,"std3E5",NA,NA,NA,NA,NA,NA,NA,NA,NA,NA,NA,NA,NA,NA,NA,NA,NA,NA,NA,NA,NA,NA,NA,NA,NA,NA,NA,NA,NA,NA,NA,NA,NA,3e+05,3e+05,6,11,66,1
"3","A03",1,"std3E5","3uL","QtyorID","Standard",1,0.0618,"25.24","3.00e+005",0.991,-3.427,"qpcr925","MONIS6","AssID05","Karmik","plt01","qpcrrundate20220420",3e+05,"Karmik","std3E5",25.24,"std3E5",NA,NA,NA,NA,NA,NA,NA,NA,NA,NA,NA,NA,NA,NA,NA,NA,NA,NA,NA,NA,NA,NA,NA,NA,NA,NA,NA,NA,NA,NA,NA,NA,NA,3e+05,3e+05,6,11,66,1
"4","B01",2,"std3E4","3uL","QtyorID","Standard",2,0.0618,"28.91","3.00e+004",0.991,-3.427,"qpcr925","MONIS6","AssID05","Karmik","plt01","qpcrrundate20220420",30000,"Karmik","std3E4",28.91,"std3E4",NA,NA,NA,NA,NA,NA,NA,NA,NA,NA,NA,NA,NA,NA,NA,NA,NA,NA,NA,NA,NA,NA,NA,NA,NA,NA,NA,NA,NA,NA,NA,NA,NA,30000,30000,5,11,65,1
"5","B02",2,"std3E4","3uL","QtyorID","Standard",2,0.0618,"28.82","3.00e+004",0.991,-3.427,"qpcr925","MONIS6","AssID05","Karmik","plt01","qpcrrundate20220420",30000,"Karmik","std3E4",28.82,"std3E4",NA,NA,NA,NA,NA,NA,NA,NA,NA,NA,NA,NA,NA,NA,NA,NA,NA,NA,NA,NA,NA,NA,NA,NA,NA,NA,NA,NA,NA,NA,NA,NA,NA,30000,30000,5,11,65,1
"6","B03",2,"std3E4","3uL","QtyorID","Standard",2,0.0618,"28.69","3.00e+004",0.991,-3.427,"qpcr925","MONIS6","AssID05","Karmik","plt01","qpcrrundate20220420",30000,"Karmik","std3E4",28.69,"std3E4",NA,NA,NA,NA,NA,NA,NA,NA,NA,NA,NA,NA,NA,NA,NA,NA,NA,NA,NA,NA,NA,NA,NA,NA,NA,NA,NA,NA,NA,NA,NA,NA,NA,30000,30000,5,11,65,1
"7","C01",3,"std3E3","3uL","QtyorID","Standard",3,0.0618,"32.20","3.00e+003",0.991,-3.427,"qpcr925","MONIS6","AssID05","Karmik","plt01","qpcrrundate20220420",3000,"Karmik","std3E3",32.2,"std3E3",NA,NA,NA,NA,NA,NA,NA,NA,NA,NA,NA,NA,NA,NA,NA,NA,NA,NA,NA,NA,NA,NA,NA,NA,NA,NA,NA,NA,NA,NA,NA,NA,NA,3000,3000,4,11,64,1
"8","C02",3,"std3E3","3uL","QtyorID","Standard",3,0.0618,"31.91","3.00e+003",0.991,-3.427,"qpcr925","MONIS6","AssID05","Karmik","plt01","qpcrrundate20220420",3000,"Karmik","std3E3",31.91,"std3E3",NA,NA,NA,NA,NA,NA,NA,NA,NA,NA,NA,NA,NA,NA,NA,NA,NA,NA,NA,NA,NA,NA,NA,NA,NA,NA,NA,NA,NA,NA,NA,NA,NA,3000,3000,4,11,64,1
"9","C03",3,"std3E3","3uL","QtyorID","Standard",3,0.0618,"32.03","3.00e+003",0.991,-3.427,"qpcr925","MONIS6","AssID05","Karmik","plt01","qpcrrundate20220420",3000,"Karmik","std3E3",32.03,"std3E3",NA,NA,NA,NA,NA,NA,NA,NA,NA,NA,NA,NA,NA,NA,NA,NA,NA,NA,NA,NA,NA,NA,NA,NA,NA,NA,NA,NA,NA,NA,NA,NA,NA,3000,3000,4,11,64,1
"10","D01",4,"std3E2","3uL","QtyorID","Standard",4,0.0618,"35.84","3.00e+002",0.991,-3.427,"qpcr925","MONIS6","AssID05","Karmik","plt01","qpcrrundate20220420",300,"Karmik","std3E2",35.84,"std3E2",NA,NA,NA,NA,NA,NA,NA,NA,NA,NA,NA,NA,NA,NA,NA,NA,NA,NA,NA,NA,NA,NA,NA,NA,NA,NA,NA,NA,NA,NA,NA,NA,NA,300,300,3,11,63,1
"11","D02",4,"std3E2","3uL","QtyorID","Standard",4,0.0618,"35.57","3.00e+002",0.991,-3.427,"qpcr925","MONIS6","AssID05","Karmik","plt01","qpcrrundate20220420",300,"Karmik","std3E2",35.57,"std3E2",NA,NA,NA,NA,NA,NA,NA,NA,NA,NA,NA,NA,NA,NA,NA,NA,NA,NA,NA,NA,NA,NA,NA,NA,NA,NA,NA,NA,NA,NA,NA,NA,NA,300,300,3,11,63,1
"12","D03",4,"std3E2","3uL","QtyorID","Standard",4,0.0618,"35.69","3.00e+002",0.991,-3.427,"qpcr925","MONIS6","AssID05","Karmik","plt01","qpcrrundate20220420",300,"Karmik","std3E2",35.69,"std3E2",NA,NA,NA,NA,NA,NA,NA,NA,NA,NA,NA,NA,NA,NA,NA,NA,NA,NA,NA,NA,NA,NA,NA,NA,NA,NA,NA,NA,NA,NA,NA,NA,NA,300,300,3,11,63,1
"13","E01",5,"std3E1","3uL","QtyorID","Standard",5,0.0618,"39.71","3.00e+001",0.991,-3.427,"qpcr925","MONIS6","AssID05","Karmik","plt01","qpcrrundate20220420",30,"Karmik","std3E1",39.71,"std3E1",NA,NA,NA,NA,NA,NA,NA,NA,NA,NA,NA,NA,NA,NA,NA,NA,NA,NA,NA,NA,NA,NA,NA,NA,NA,NA,NA,NA,NA,NA,NA,NA,NA,30,30,2,11,62,1
"14","E02",5,"std3E1","3uL","QtyorID","Standard",5,0.0618,"40.01","3.00e+001",0.991,-3.427,"qpcr925","MONIS6","AssID05","Karmik","plt01","qpcrrundate20220420",30,"Karmik","std3E1",40.01,"std3E1",NA,NA,NA,NA,NA,NA,NA,NA,NA,NA,NA,NA,NA,NA,NA,NA,NA,NA,NA,NA,NA,NA,NA,NA,NA,NA,NA,NA,NA,NA,NA,NA,NA,30,30,2,11,62,1
"15","E03",5,"std3E1","3uL","QtyorID","Standard",5,0.0618,"38.36","3.00e+001",0.991,-3.427,"qpcr925","MONIS6","AssID05","Karmik","plt01","qpcrrundate20220420",30,"Karmik","std3E1",38.36,"std3E1",NA,NA,NA,NA,NA,NA,NA,NA,NA,NA,NA,NA,NA,NA,NA,NA,NA,NA,NA,NA,NA,NA,NA,NA,NA,NA,NA,NA,NA,NA,NA,NA,NA,30,30,2,11,62,1
"16","F01",6,"std3E0","3uL","QtyorID","Standard",6,0.0618,"40.91","3.00e+000",0.991,-3.427,"qpcr925","MONIS6","AssID05","Karmik","plt01","qpcrrundate20220420",3,"Karmik","std3E0",40.91,"std3E0",NA,NA,NA,NA,NA,NA,NA,NA,NA,NA,NA,NA,NA,NA,NA,NA,NA,NA,NA,NA,NA,NA,NA,NA,NA,NA,NA,NA,NA,NA,NA,NA,NA,3,3,1,11,61,1
"17","F02",6,"std3E0","3uL","QtyorID","Standard",6,0.0618,"42.38","3.00e+000",0.991,-3.427,"qpcr925","MONIS6","AssID05","Karmik","plt01","qpcrrundate20220420",3,"Karmik","std3E0",42.38,"std3E0",NA,NA,NA,NA,NA,NA,NA,NA,NA,NA,NA,NA,NA,NA,NA,NA,NA,NA,NA,NA,NA,NA,NA,NA,NA,NA,NA,NA,NA,NA,NA,NA,NA,3,3,1,11,61,1
"18","F03",6,"std3E0","3uL","QtyorID","Standard",6,0.0618,"NoCt","NoCt",0.991,-3.427,"qpcr925","MONIS6","AssID05","Karmik","plt01","qpcrrundate20220420",0,"Karmik","std3E0",0,"std3E0",NA,NA,NA,NA,NA,NA,NA,NA,NA,NA,NA,NA,NA,NA,NA,NA,NA,NA,NA,NA,NA,NA,NA,NA,NA,NA,NA,NA,NA,NA,NA,NA,NA,3,3,1,11,61,0
"19","G01",7,"std3E-1","3uL","QtyorID","Standard",7,0.0618,"NoCt","NoCt",0.991,-3.427,"qpcr925","MONIS6","AssID05","Karmik","plt01","qpcrrundate20220420",0,"Karmik","std3E-1",0,"std3E1",NA,NA,NA,NA,NA,NA,NA,NA,NA,NA,NA,NA,NA,NA,NA,NA,NA,NA,NA,NA,NA,NA,NA,NA,NA,NA,NA,NA,NA,NA,NA,NA,NA,0.3,0.3,2,11,62,0
"20","G02",7,"std3E-1","3uL","QtyorID","Standard",7,0.0618,"NoCt","NoCt",0.991,-3.427,"qpcr925","MONIS6","AssID05","Karmik","plt01","qpcrrundate20220420",0,"Karmik","std3E-1",0,"std3E1",NA,NA,NA,NA,NA,NA,NA,NA,NA,NA,NA,NA,NA,NA,NA,NA,NA,NA,NA,NA,NA,NA,NA,NA,NA,NA,NA,NA,NA,NA,NA,NA,NA,0.3,0.3,2,11,62,0
"21","G03",7,"std3E-1","3uL","QtyorID","Standard",7,0.0618,"NoCt","NoCt",0.991,-3.427,"qpcr925","MONIS6","AssID05","Karmik","plt01","qpcrrundate20220420",0,"Karmik","std3E-1",0,"std3E1",NA,NA,NA,NA,NA,NA,NA,NA,NA,NA,NA,NA,NA,NA,NA,NA,NA,NA,NA,NA,NA,NA,NA,NA,NA,NA,NA,NA,NA,NA,NA,NA,NA,0.3,0.3,2,11,62,0
"22","A01",1,"std3E5","3uL","QtyorID","Standard",1,0.0503,"24.56","3.00e+005",0.997,-3.417,"qpcr926","MONIS6","AssID05","Karmik","plt02","qpcrrundate20220420",3e+05,"Karmik","std3E5",24.56,"std3E5",NA,NA,NA,NA,NA,NA,NA,NA,NA,NA,NA,NA,NA,NA,NA,NA,NA,NA,NA,NA,NA,NA,NA,NA,NA,NA,NA,NA,NA,NA,NA,NA,NA,3e+05,3e+05,6,11,66,1
"23","A02",1,"std3E5","3uL","QtyorID","Standard",1,0.0503,"24.69","3.00e+005",0.997,-3.417,"qpcr926","MONIS6","AssID05","Karmik","plt02","qpcrrundate20220420",3e+05,"Karmik","std3E5",24.69,"std3E5",NA,NA,NA,NA,NA,NA,NA,NA,NA,NA,NA,NA,NA,NA,NA,NA,NA,NA,NA,NA,NA,NA,NA,NA,NA,NA,NA,NA,NA,NA,NA,NA,NA,3e+05,3e+05,6,11,66,1
"24","A03",1,"std3E5","3uL","QtyorID","Standard",1,0.0503,"24.51","3.00e+005",0.997,-3.417,"qpcr926","MONIS6","AssID05","Karmik","plt02","qpcrrundate20220420",3e+05,"Karmik","std3E5",24.51,"std3E5",NA,NA,NA,NA,NA,NA,NA,NA,NA,NA,NA,NA,NA,NA,NA,NA,NA,NA,NA,NA,NA,NA,NA,NA,NA,NA,NA,NA,NA,NA,NA,NA,NA,3e+05,3e+05,6,11,66,1
"25","B01",2,"std3E4","3uL","QtyorID","Standard",2,0.0503,"28.34","3.00e+004",0.997,-3.417,"qpcr926","MONIS6","AssID05","Karmik","plt02","qpcrrundate20220420",30000,"Karmik","std3E4",28.34,"std3E4",NA,NA,NA,NA,NA,NA,NA,NA,NA,NA,NA,NA,NA,NA,NA,NA,NA,NA,NA,NA,NA,NA,NA,NA,NA,NA,NA,NA,NA,NA,NA,NA,NA,30000,30000,5,11,65,1
"26","B02",2,"std3E4","3uL","QtyorID","Standard",2,0.0503,"28.24","3.00e+004",0.997,-3.417,"qpcr926","MONIS6","AssID05","Karmik","plt02","qpcrrundate20220420",30000,"Karmik","std3E4",28.24,"std3E4",NA,NA,NA,NA,NA,NA,NA,NA,NA,NA,NA,NA,NA,NA,NA,NA,NA,NA,NA,NA,NA,NA,NA,NA,NA,NA,NA,NA,NA,NA,NA,NA,NA,30000,30000,5,11,65,1
"27","B03",2,"std3E4","3uL","QtyorID","Standard",2,0.0503,"28.15","3.00e+004",0.997,-3.417,"qpcr926","MONIS6","AssID05","Karmik","plt02","qpcrrundate20220420",30000,"Karmik","std3E4",28.15,"std3E4",NA,NA,NA,NA,NA,NA,NA,NA,NA,NA,NA,NA,NA,NA,NA,NA,NA,NA,NA,NA,NA,NA,NA,NA,NA,NA,NA,NA,NA,NA,NA,NA,NA,30000,30000,5,11,65,1
"28","C01",3,"std3E3","3uL","QtyorID","Standard",3,0.0503,"31.38","3.00e+003",0.997,-3.417,"qpcr926","MONIS6","AssID05","Karmik","plt02","qpcrrundate20220420",3000,"Karmik","std3E3",31.38,"std3E3",NA,NA,NA,NA,NA,NA,NA,NA,NA,NA,NA,NA,NA,NA,NA,NA,NA,NA,NA,NA,NA,NA,NA,NA,NA,NA,NA,NA,NA,NA,NA,NA,NA,3000,3000,4,11,64,1
"29","C02",3,"std3E3","3uL","QtyorID","Standard",3,0.0503,"31.57","3.00e+003",0.997,-3.417,"qpcr926","MONIS6","AssID05","Karmik","plt02","qpcrrundate20220420",3000,"Karmik","std3E3",31.57,"std3E3",NA,NA,NA,NA,NA,NA,NA,NA,NA,NA,NA,NA,NA,NA,NA,NA,NA,NA,NA,NA,NA,NA,NA,NA,NA,NA,NA,NA,NA,NA,NA,NA,NA,3000,3000,4,11,64,1
"30","C03",3,"std3E3","3uL","QtyorID","Standard",3,0.0503,"31.39","3.00e+003",0.997,-3.417,"qpcr926","MONIS6","AssID05","Karmik","plt02","qpcrrundate20220420",3000,"Karmik","std3E3",31.39,"std3E3",NA,NA,NA,NA,NA,NA,NA,NA,NA,NA,NA,NA,NA,NA,NA,NA,NA,NA,NA,NA,NA,NA,NA,NA,NA,NA,NA,NA,NA,NA,NA,NA,NA,3000,3000,4,11,64,1
"31","D01",4,"std3E2","3uL","QtyorID","Standard",4,0.0503,"34.98","3.00e+002",0.997,-3.417,"qpcr926","MONIS6","AssID05","Karmik","plt02","qpcrrundate20220420",300,"Karmik","std3E2",34.98,"std3E2",NA,NA,NA,NA,NA,NA,NA,NA,NA,NA,NA,NA,NA,NA,NA,NA,NA,NA,NA,NA,NA,NA,NA,NA,NA,NA,NA,NA,NA,NA,NA,NA,NA,300,300,3,11,63,1
"32","D02",4,"std3E2","3uL","QtyorID","Standard",4,0.0503,"35.02","3.00e+002",0.997,-3.417,"qpcr926","MONIS6","AssID05","Karmik","plt02","qpcrrundate20220420",300,"Karmik","std3E2",35.02,"std3E2",NA,NA,NA,NA,NA,NA,NA,NA,NA,NA,NA,NA,NA,NA,NA,NA,NA,NA,NA,NA,NA,NA,NA,NA,NA,NA,NA,NA,NA,NA,NA,NA,NA,300,300,3,11,63,1
"33","D03",4,"std3E2","3uL","QtyorID","Standard",4,0.0503,"35.12","3.00e+002",0.997,-3.417,"qpcr926","MONIS6","AssID05","Karmik","plt02","qpcrrundate20220420",300,"Karmik","std3E2",35.12,"std3E2",NA,NA,NA,NA,NA,NA,NA,NA,NA,NA,NA,NA,NA,NA,NA,NA,NA,NA,NA,NA,NA,NA,NA,NA,NA,NA,NA,NA,NA,NA,NA,NA,NA,300,300,3,11,63,1
"34","E01",5,"std3E1","3uL","QtyorID","Standard",5,0.0503,"37.69","3.00e+001",0.997,-3.417,"qpcr926","MONIS6","AssID05","Karmik","plt02","qpcrrundate20220420",30,"Karmik","std3E1",37.69,"std3E1",NA,NA,NA,NA,NA,NA,NA,NA,NA,NA,NA,NA,NA,NA,NA,NA,NA,NA,NA,NA,NA,NA,NA,NA,NA,NA,NA,NA,NA,NA,NA,NA,NA,30,30,2,11,62,1
"35","E02",5,"std3E1","3uL","QtyorID","Standard",5,0.0503,"38.99","3.00e+001",0.997,-3.417,"qpcr926","MONIS6","AssID05","Karmik","plt02","qpcrrundate20220420",30,"Karmik","std3E1",38.99,"std3E1",NA,NA,NA,NA,NA,NA,NA,NA,NA,NA,NA,NA,NA,NA,NA,NA,NA,NA,NA,NA,NA,NA,NA,NA,NA,NA,NA,NA,NA,NA,NA,NA,NA,30,30,2,11,62,1
"36","E03",5,"std3E1","3uL","QtyorID","Standard",5,0.0503,"38.14","3.00e+001",0.997,-3.417,"qpcr926","MONIS6","AssID05","Karmik","plt02","qpcrrundate20220420",30,"Karmik","std3E1",38.14,"std3E1",NA,NA,NA,NA,NA,NA,NA,NA,NA,NA,NA,NA,NA,NA,NA,NA,NA,NA,NA,NA,NA,NA,NA,NA,NA,NA,NA,NA,NA,NA,NA,NA,NA,30,30,2,11,62,1
"37","F01",6,"std3E0","3uL","QtyorID","Standard",6,0.0503,"NoCt","NoCt",0.997,-3.417,"qpcr926","MONIS6","AssID05","Karmik","plt02","qpcrrundate20220420",0,"Karmik","std3E0",0,"std3E0",NA,NA,NA,NA,NA,NA,NA,NA,NA,NA,NA,NA,NA,NA,NA,NA,NA,NA,NA,NA,NA,NA,NA,NA,NA,NA,NA,NA,NA,NA,NA,NA,NA,3,3,1,11,61,0
"38","F02",6,"std3E0","3uL","QtyorID","Standard",6,0.0503,"NoCt","NoCt",0.997,-3.417,"qpcr926","MONIS6","AssID05","Karmik","plt02","qpcrrundate20220420",0,"Karmik","std3E0",0,"std3E0",NA,NA,NA,NA,NA,NA,NA,NA,NA,NA,NA,NA,NA,NA,NA,NA,NA,NA,NA,NA,NA,NA,NA,NA,NA,NA,NA,NA,NA,NA,NA,NA,NA,3,3,1,11,61,0
"39","F03",6,"std3E0","3uL","QtyorID","Standard",6,0.0503,"NoCt","NoCt",0.997,-3.417,"qpcr926","MONIS6","AssID05","Karmik","plt02","qpcrrundate20220420",0,"Karmik","std3E0",0,"std3E0",NA,NA,NA,NA,NA,NA,NA,NA,NA,NA,NA,NA,NA,NA,NA,NA,NA,NA,NA,NA,NA,NA,NA,NA,NA,NA,NA,NA,NA,NA,NA,NA,NA,3,3,1,11,61,0
"40","G01",7,"std3E-1","3uL","QtyorID","Standard",7,0.0503,"NoCt","NoCt",0.997,-3.417,"qpcr926","MONIS6","AssID05","Karmik","plt02","qpcrrundate20220420",0,"Karmik","std3E-1",0,"std3E1",NA,NA,NA,NA,NA,NA,NA,NA,NA,NA,NA,NA,NA,NA,NA,NA,NA,NA,NA,NA,NA,NA,NA,NA,NA,NA,NA,NA,NA,NA,NA,NA,NA,0.3,0.3,2,11,62,0
"41","G02",7,"std3E-1","3uL","QtyorID","Standard",7,0.0503,"NoCt","NoCt",0.997,-3.417,"qpcr926","MONIS6","AssID05","Karmik","plt02","qpcrrundate20220420",0,"Karmik","std3E-1",0,"std3E1",NA,NA,NA,NA,NA,NA,NA,NA,NA,NA,NA,NA,NA,NA,NA,NA,NA,NA,NA,NA,NA,NA,NA,NA,NA,NA,NA,NA,NA,NA,NA,NA,NA,0.3,0.3,2,11,62,0
"42","G03",7,"std3E-1","3uL","QtyorID","Standard",7,0.0503,"NoCt","NoCt",0.997,-3.417,"qpcr926","MONIS6","AssID05","Karmik","plt02","qpcrrundate20220420",0,"Karmik","std3E-1",0,"std3E1",NA,NA,NA,NA,NA,NA,NA,NA,NA,NA,NA,NA,NA,NA,NA,NA,NA,NA,NA,NA,NA,NA,NA,NA,NA,NA,NA,NA,NA,NA,NA,NA,NA,0.3,0.3,2,11,62,0
"43","A01",1,"std3E5","3uL","QtyorID","Standard",1,0.1293,"21.10","3.00e+005",0.989,-3.305,"qpcr927","MONIS6","AssID04","Psever","plt01","qpcrrundate20220422",3e+05,"Psever","std3E5",21.1,"std3E5",NA,NA,NA,NA,NA,NA,NA,NA,NA,NA,NA,NA,NA,NA,NA,NA,NA,NA,NA,NA,NA,NA,NA,NA,NA,NA,NA,NA,NA,NA,NA,NA,NA,3e+05,3e+05,6,17,101,1
"44","A02",1,"std3E5","3uL","QtyorID","Standard",1,0.1293,"21.39","3.00e+005",0.989,-3.305,"qpcr927","MONIS6","AssID04","Psever","plt01","qpcrrundate20220422",3e+05,"Psever","std3E5",21.39,"std3E5",NA,NA,NA,NA,NA,NA,NA,NA,NA,NA,NA,NA,NA,NA,NA,NA,NA,NA,NA,NA,NA,NA,NA,NA,NA,NA,NA,NA,NA,NA,NA,NA,NA,3e+05,3e+05,6,17,101,1
"45","A03",1,"std3E5","3uL","QtyorID","Standard",1,0.1293,"21.42","3.00e+005",0.989,-3.305,"qpcr927","MONIS6","AssID04","Psever","plt01","qpcrrundate20220422",3e+05,"Psever","std3E5",21.42,"std3E5",NA,NA,NA,NA,NA,NA,NA,NA,NA,NA,NA,NA,NA,NA,NA,NA,NA,NA,NA,NA,NA,NA,NA,NA,NA,NA,NA,NA,NA,NA,NA,NA,NA,3e+05,3e+05,6,17,101,1
"46","B01",2,"std3E4","3uL","QtyorID","Standard",2,0.1293,"24.94","3.00e+004",0.989,-3.305,"qpcr927","MONIS6","AssID04","Psever","plt01","qpcrrundate20220422",30000,"Psever","std3E4",24.94,"std3E4",NA,NA,NA,NA,NA,NA,NA,NA,NA,NA,NA,NA,NA,NA,NA,NA,NA,NA,NA,NA,NA,NA,NA,NA,NA,NA,NA,NA,NA,NA,NA,NA,NA,30000,30000,5,17,100,1
"47","B02",2,"std3E4","3uL","QtyorID","Standard",2,0.1293,"24.85","3.00e+004",0.989,-3.305,"qpcr927","MONIS6","AssID04","Psever","plt01","qpcrrundate20220422",30000,"Psever","std3E4",24.85,"std3E4",NA,NA,NA,NA,NA,NA,NA,NA,NA,NA,NA,NA,NA,NA,NA,NA,NA,NA,NA,NA,NA,NA,NA,NA,NA,NA,NA,NA,NA,NA,NA,NA,NA,30000,30000,5,17,100,1
"48","B03",2,"std3E4","3uL","QtyorID","Standard",2,0.1293,"24.98","3.00e+004",0.989,-3.305,"qpcr927","MONIS6","AssID04","Psever","plt01","qpcrrundate20220422",30000,"Psever","std3E4",24.98,"std3E4",NA,NA,NA,NA,NA,NA,NA,NA,NA,NA,NA,NA,NA,NA,NA,NA,NA,NA,NA,NA,NA,NA,NA,NA,NA,NA,NA,NA,NA,NA,NA,NA,NA,30000,30000,5,17,100,1
"49","C01",3,"std3E3","3uL","QtyorID","Standard",3,0.1293,"28.13","3.00e+003",0.989,-3.305,"qpcr927","MONIS6","AssID04","Psever","plt01","qpcrrundate20220422",3000,"Psever","std3E3",28.13,"std3E3",NA,NA,NA,NA,NA,NA,NA,NA,NA,NA,NA,NA,NA,NA,NA,NA,NA,NA,NA,NA,NA,NA,NA,NA,NA,NA,NA,NA,NA,NA,NA,NA,NA,3000,3000,4,17,99,1
"50","C02",3,"std3E3","3uL","QtyorID","Standard",3,0.1293,"28.25","3.00e+003",0.989,-3.305,"qpcr927","MONIS6","AssID04","Psever","plt01","qpcrrundate20220422",3000,"Psever","std3E3",28.25,"std3E3",NA,NA,NA,NA,NA,NA,NA,NA,NA,NA,NA,NA,NA,NA,NA,NA,NA,NA,NA,NA,NA,NA,NA,NA,NA,NA,NA,NA,NA,NA,NA,NA,NA,3000,3000,4,17,99,1
"51","C03",3,"std3E3","3uL","QtyorID","Standard",3,0.1293,"28.40","3.00e+003",0.989,-3.305,"qpcr927","MONIS6","AssID04","Psever","plt01","qpcrrundate20220422",3000,"Psever","std3E3",28.4,"std3E3",NA,NA,NA,NA,NA,NA,NA,NA,NA,NA,NA,NA,NA,NA,NA,NA,NA,NA,NA,NA,NA,NA,NA,NA,NA,NA,NA,NA,NA,NA,NA,NA,NA,3000,3000,4,17,99,1
"52","D01",4,"std3E2","3uL","QtyorID","Standard",4,0.1293,"31.93","3.00e+002",0.989,-3.305,"qpcr927","MONIS6","AssID04","Psever","plt01","qpcrrundate20220422",300,"Psever","std3E2",31.93,"std3E2",NA,NA,NA,NA,NA,NA,NA,NA,NA,NA,NA,NA,NA,NA,NA,NA,NA,NA,NA,NA,NA,NA,NA,NA,NA,NA,NA,NA,NA,NA,NA,NA,NA,300,300,3,17,98,1
"53","D02",4,"std3E2","3uL","QtyorID","Standard",4,0.1293,"31.92","3.00e+002",0.989,-3.305,"qpcr927","MONIS6","AssID04","Psever","plt01","qpcrrundate20220422",300,"Psever","std3E2",31.92,"std3E2",NA,NA,NA,NA,NA,NA,NA,NA,NA,NA,NA,NA,NA,NA,NA,NA,NA,NA,NA,NA,NA,NA,NA,NA,NA,NA,NA,NA,NA,NA,NA,NA,NA,300,300,3,17,98,1
"54","D03",4,"std3E2","3uL","QtyorID","Standard",4,0.1293,"32.00","3.00e+002",0.989,-3.305,"qpcr927","MONIS6","AssID04","Psever","plt01","qpcrrundate20220422",300,"Psever","std3E2",32,"std3E2",NA,NA,NA,NA,NA,NA,NA,NA,NA,NA,NA,NA,NA,NA,NA,NA,NA,NA,NA,NA,NA,NA,NA,NA,NA,NA,NA,NA,NA,NA,NA,NA,NA,300,300,3,17,98,1
"55","E01",5,"std3E1","3uL","QtyorID","Standard",5,0.1293,"35.57","3.00e+001",0.989,-3.305,"qpcr927","MONIS6","AssID04","Psever","plt01","qpcrrundate20220422",30,"Psever","std3E1",35.57,"std3E1",NA,NA,NA,NA,NA,NA,NA,NA,NA,NA,NA,NA,NA,NA,NA,NA,NA,NA,NA,NA,NA,NA,NA,NA,NA,NA,NA,NA,NA,NA,NA,NA,NA,30,30,2,17,97,1
"56","E02",5,"std3E1","3uL","QtyorID","Standard",5,0.1293,"35.50","3.00e+001",0.989,-3.305,"qpcr927","MONIS6","AssID04","Psever","plt01","qpcrrundate20220422",30,"Psever","std3E1",35.5,"std3E1",NA,NA,NA,NA,NA,NA,NA,NA,NA,NA,NA,NA,NA,NA,NA,NA,NA,NA,NA,NA,NA,NA,NA,NA,NA,NA,NA,NA,NA,NA,NA,NA,NA,30,30,2,17,97,1
"57","E03",5,"std3E1","3uL","QtyorID","Standard",5,0.1293,"35.57","3.00e+001",0.989,-3.305,"qpcr927","MONIS6","AssID04","Psever","plt01","qpcrrundate20220422",30,"Psever","std3E1",35.57,"std3E1",NA,NA,NA,NA,NA,NA,NA,NA,NA,NA,NA,NA,NA,NA,NA,NA,NA,NA,NA,NA,NA,NA,NA,NA,NA,NA,NA,NA,NA,NA,NA,NA,NA,30,30,2,17,97,1
"58","F01",6,"std3E0","3uL","QtyorID","Standard",6,0.1293,"38.46","3.00e+000",0.989,-3.305,"qpcr927","MONIS6","AssID04","Psever","plt01","qpcrrundate20220422",3,"Psever","std3E0",38.46,"std3E0",NA,NA,NA,NA,NA,NA,NA,NA,NA,NA,NA,NA,NA,NA,NA,NA,NA,NA,NA,NA,NA,NA,NA,NA,NA,NA,NA,NA,NA,NA,NA,NA,NA,3,3,1,17,96,1
"59","F02",6,"std3E0","3uL","QtyorID","Standard",6,0.1293,"39.48","3.00e+000",0.989,-3.305,"qpcr927","MONIS6","AssID04","Psever","plt01","qpcrrundate20220422",3,"Psever","std3E0",39.48,"std3E0",NA,NA,NA,NA,NA,NA,NA,NA,NA,NA,NA,NA,NA,NA,NA,NA,NA,NA,NA,NA,NA,NA,NA,NA,NA,NA,NA,NA,NA,NA,NA,NA,NA,3,3,1,17,96,1
"60","F03",6,"std3E0","3uL","QtyorID","Standard",6,0.1293,"38.60","3.00e+000",0.989,-3.305,"qpcr927","MONIS6","AssID04","Psever","plt01","qpcrrundate20220422",3,"Psever","std3E0",38.6,"std3E0",NA,NA,NA,NA,NA,NA,NA,NA,NA,NA,NA,NA,NA,NA,NA,NA,NA,NA,NA,NA,NA,NA,NA,NA,NA,NA,NA,NA,NA,NA,NA,NA,NA,3,3,1,17,96,1
"61","G01",7,"std3E-1","3uL","QtyorID","Standard",7,0.1293,"40.08","3.00e-001",0.989,-3.305,"qpcr927","MONIS6","AssID04","Psever","plt01","qpcrrundate20220422",0.3,"Psever","std3E-1",40.08,"std3E1",NA,NA,NA,NA,NA,NA,NA,NA,NA,NA,NA,NA,NA,NA,NA,NA,NA,NA,NA,NA,NA,NA,NA,NA,NA,NA,NA,NA,NA,NA,NA,NA,NA,0.3,0.3,2,17,97,1
"62","G02",7,"std3E-1","3uL","QtyorID","Standard",7,0.1293,"39.71","3.00e-001",0.989,-3.305,"qpcr927","MONIS6","AssID04","Psever","plt01","qpcrrundate20220422",0.3,"Psever","std3E-1",39.71,"std3E1",NA,NA,NA,NA,NA,NA,NA,NA,NA,NA,NA,NA,NA,NA,NA,NA,NA,NA,NA,NA,NA,NA,NA,NA,NA,NA,NA,NA,NA,NA,NA,NA,NA,0.3,0.3,2,17,97,1
"63","G03",7,"std3E-1","3uL","QtyorID","Standard",7,0.1293,"NoCt","NoCt",0.989,-3.305,"qpcr927","MONIS6","AssID04","Psever","plt01","qpcrrundate20220422",0,"Psever","std3E-1",0,"std3E1",NA,NA,NA,NA,NA,NA,NA,NA,NA,NA,NA,NA,NA,NA,NA,NA,NA,NA,NA,NA,NA,NA,NA,NA,NA,NA,NA,NA,NA,NA,NA,NA,NA,0.3,0.3,2,17,97,0
"64","A01",1,"std3E5","3uL","QtyorID","Standard",1,0.0326,"18.85","3.00e+005",0.995,-3.452,"qpcr928","MONIS6","AssID04","Psever","plt02","qpcrrundate20220422",3e+05,"Psever","std3E5",18.85,"std3E5",NA,NA,NA,NA,NA,NA,NA,NA,NA,NA,NA,NA,NA,NA,NA,NA,NA,NA,NA,NA,NA,NA,NA,NA,NA,NA,NA,NA,NA,NA,NA,NA,NA,3e+05,3e+05,6,17,101,1
"65","A02",1,"std3E5","3uL","QtyorID","Standard",1,0.0326,"19.07","3.00e+005",0.995,-3.452,"qpcr928","MONIS6","AssID04","Psever","plt02","qpcrrundate20220422",3e+05,"Psever","std3E5",19.07,"std3E5",NA,NA,NA,NA,NA,NA,NA,NA,NA,NA,NA,NA,NA,NA,NA,NA,NA,NA,NA,NA,NA,NA,NA,NA,NA,NA,NA,NA,NA,NA,NA,NA,NA,3e+05,3e+05,6,17,101,1
"66","A03",1,"std3E5","3uL","QtyorID","Standard",1,0.0326,"19.17","3.00e+005",0.995,-3.452,"qpcr928","MONIS6","AssID04","Psever","plt02","qpcrrundate20220422",3e+05,"Psever","std3E5",19.17,"std3E5",NA,NA,NA,NA,NA,NA,NA,NA,NA,NA,NA,NA,NA,NA,NA,NA,NA,NA,NA,NA,NA,NA,NA,NA,NA,NA,NA,NA,NA,NA,NA,NA,NA,3e+05,3e+05,6,17,101,1
"67","B01",2,"std3E4","3uL","QtyorID","Standard",2,0.0326,"22.76","3.00e+004",0.995,-3.452,"qpcr928","MONIS6","AssID04","Psever","plt02","qpcrrundate20220422",30000,"Psever","std3E4",22.76,"std3E4",NA,NA,NA,NA,NA,NA,NA,NA,NA,NA,NA,NA,NA,NA,NA,NA,NA,NA,NA,NA,NA,NA,NA,NA,NA,NA,NA,NA,NA,NA,NA,NA,NA,30000,30000,5,17,100,1
"68","B02",2,"std3E4","3uL","QtyorID","Standard",2,0.0326,"22.38","3.00e+004",0.995,-3.452,"qpcr928","MONIS6","AssID04","Psever","plt02","qpcrrundate20220422",30000,"Psever","std3E4",22.38,"std3E4",NA,NA,NA,NA,NA,NA,NA,NA,NA,NA,NA,NA,NA,NA,NA,NA,NA,NA,NA,NA,NA,NA,NA,NA,NA,NA,NA,NA,NA,NA,NA,NA,NA,30000,30000,5,17,100,1
"69","B03",2,"std3E4","3uL","QtyorID","Standard",2,0.0326,"22.40","3.00e+004",0.995,-3.452,"qpcr928","MONIS6","AssID04","Psever","plt02","qpcrrundate20220422",30000,"Psever","std3E4",22.4,"std3E4",NA,NA,NA,NA,NA,NA,NA,NA,NA,NA,NA,NA,NA,NA,NA,NA,NA,NA,NA,NA,NA,NA,NA,NA,NA,NA,NA,NA,NA,NA,NA,NA,NA,30000,30000,5,17,100,1
"70","C01",3,"std3E3","3uL","QtyorID","Standard",3,0.0326,"25.69","3.00e+003",0.995,-3.452,"qpcr928","MONIS6","AssID04","Psever","plt02","qpcrrundate20220422",3000,"Psever","std3E3",25.69,"std3E3",NA,NA,NA,NA,NA,NA,NA,NA,NA,NA,NA,NA,NA,NA,NA,NA,NA,NA,NA,NA,NA,NA,NA,NA,NA,NA,NA,NA,NA,NA,NA,NA,NA,3000,3000,4,17,99,1
"71","C02",3,"std3E3","3uL","QtyorID","Standard",3,0.0326,"25.90","3.00e+003",0.995,-3.452,"qpcr928","MONIS6","AssID04","Psever","plt02","qpcrrundate20220422",3000,"Psever","std3E3",25.9,"std3E3",NA,NA,NA,NA,NA,NA,NA,NA,NA,NA,NA,NA,NA,NA,NA,NA,NA,NA,NA,NA,NA,NA,NA,NA,NA,NA,NA,NA,NA,NA,NA,NA,NA,3000,3000,4,17,99,1
"72","C03",3,"std3E3","3uL","QtyorID","Standard",3,0.0326,"26.05","3.00e+003",0.995,-3.452,"qpcr928","MONIS6","AssID04","Psever","plt02","qpcrrundate20220422",3000,"Psever","std3E3",26.05,"std3E3",NA,NA,NA,NA,NA,NA,NA,NA,NA,NA,NA,NA,NA,NA,NA,NA,NA,NA,NA,NA,NA,NA,NA,NA,NA,NA,NA,NA,NA,NA,NA,NA,NA,3000,3000,4,17,99,1
"73","D01",4,"std3E2","3uL","QtyorID","Standard",4,0.0326,"29.44","3.00e+002",0.995,-3.452,"qpcr928","MONIS6","AssID04","Psever","plt02","qpcrrundate20220422",300,"Psever","std3E2",29.44,"std3E2",NA,NA,NA,NA,NA,NA,NA,NA,NA,NA,NA,NA,NA,NA,NA,NA,NA,NA,NA,NA,NA,NA,NA,NA,NA,NA,NA,NA,NA,NA,NA,NA,NA,300,300,3,17,98,1
"74","D02",4,"std3E2","3uL","QtyorID","Standard",4,0.0326,"29.58","3.00e+002",0.995,-3.452,"qpcr928","MONIS6","AssID04","Psever","plt02","qpcrrundate20220422",300,"Psever","std3E2",29.58,"std3E2",NA,NA,NA,NA,NA,NA,NA,NA,NA,NA,NA,NA,NA,NA,NA,NA,NA,NA,NA,NA,NA,NA,NA,NA,NA,NA,NA,NA,NA,NA,NA,NA,NA,300,300,3,17,98,1
"75","D03",4,"std3E2","3uL","QtyorID","Standard",4,0.0326,"29.74","3.00e+002",0.995,-3.452,"qpcr928","MONIS6","AssID04","Psever","plt02","qpcrrundate20220422",300,"Psever","std3E2",29.74,"std3E2",NA,NA,NA,NA,NA,NA,NA,NA,NA,NA,NA,NA,NA,NA,NA,NA,NA,NA,NA,NA,NA,NA,NA,NA,NA,NA,NA,NA,NA,NA,NA,NA,NA,300,300,3,17,98,1
"76","E01",5,"std3E1","3uL","QtyorID","Standard",5,0.0326,"33.16","3.00e+001",0.995,-3.452,"qpcr928","MONIS6","AssID04","Psever","plt02","qpcrrundate20220422",30,"Psever","std3E1",33.16,"std3E1",NA,NA,NA,NA,NA,NA,NA,NA,NA,NA,NA,NA,NA,NA,NA,NA,NA,NA,NA,NA,NA,NA,NA,NA,NA,NA,NA,NA,NA,NA,NA,NA,NA,30,30,2,17,97,1
"77","E02",5,"std3E1","3uL","QtyorID","Standard",5,0.0326,"32.94","3.00e+001",0.995,-3.452,"qpcr928","MONIS6","AssID04","Psever","plt02","qpcrrundate20220422",30,"Psever","std3E1",32.94,"std3E1",NA,NA,NA,NA,NA,NA,NA,NA,NA,NA,NA,NA,NA,NA,NA,NA,NA,NA,NA,NA,NA,NA,NA,NA,NA,NA,NA,NA,NA,NA,NA,NA,NA,30,30,2,17,97,1
"78","E03",5,"std3E1","3uL","QtyorID","Standard",5,0.0326,"32.68","3.00e+001",0.995,-3.452,"qpcr928","MONIS6","AssID04","Psever","plt02","qpcrrundate20220422",30,"Psever","std3E1",32.68,"std3E1",NA,NA,NA,NA,NA,NA,NA,NA,NA,NA,NA,NA,NA,NA,NA,NA,NA,NA,NA,NA,NA,NA,NA,NA,NA,NA,NA,NA,NA,NA,NA,NA,NA,30,30,2,17,97,1
"79","F01",6,"std3E0","3uL","QtyorID","Standard",6,0.0326,"35.87","3.00e+000",0.995,-3.452,"qpcr928","MONIS6","AssID04","Psever","plt02","qpcrrundate20220422",3,"Psever","std3E0",35.87,"std3E0",NA,NA,NA,NA,NA,NA,NA,NA,NA,NA,NA,NA,NA,NA,NA,NA,NA,NA,NA,NA,NA,NA,NA,NA,NA,NA,NA,NA,NA,NA,NA,NA,NA,3,3,1,17,96,1
"80","F02",6,"std3E0","3uL","QtyorID","Standard",6,0.0326,"35.23","3.00e+000",0.995,-3.452,"qpcr928","MONIS6","AssID04","Psever","plt02","qpcrrundate20220422",3,"Psever","std3E0",35.23,"std3E0",NA,NA,NA,NA,NA,NA,NA,NA,NA,NA,NA,NA,NA,NA,NA,NA,NA,NA,NA,NA,NA,NA,NA,NA,NA,NA,NA,NA,NA,NA,NA,NA,NA,3,3,1,17,96,1
"81","F03",6,"std3E0","3uL","QtyorID","Standard",6,0.0326,"37.51","3.00e+000",0.995,-3.452,"qpcr928","MONIS6","AssID04","Psever","plt02","qpcrrundate20220422",3,"Psever","std3E0",37.51,"std3E0",NA,NA,NA,NA,NA,NA,NA,NA,NA,NA,NA,NA,NA,NA,NA,NA,NA,NA,NA,NA,NA,NA,NA,NA,NA,NA,NA,NA,NA,NA,NA,NA,NA,3,3,1,17,96,1
"82","G01",7,"std3E-1","3uL","QtyorID","Standard",7,0.0326,"NoCt","NoCt",0.995,-3.452,"qpcr928","MONIS6","AssID04","Psever","plt02","qpcrrundate20220422",0,"Psever","std3E-1",0,"std3E1",NA,NA,NA,NA,NA,NA,NA,NA,NA,NA,NA,NA,NA,NA,NA,NA,NA,NA,NA,NA,NA,NA,NA,NA,NA,NA,NA,NA,NA,NA,NA,NA,NA,0.3,0.3,2,17,97,0
"83","G02",7,"std3E-1","3uL","QtyorID","Standard",7,0.0326,"NoCt","NoCt",0.995,-3.452,"qpcr928","MONIS6","AssID04","Psever","plt02","qpcrrundate20220422",0,"Psever","std3E-1",0,"std3E1",NA,NA,NA,NA,NA,NA,NA,NA,NA,NA,NA,NA,NA,NA,NA,NA,NA,NA,NA,NA,NA,NA,NA,NA,NA,NA,NA,NA,NA,NA,NA,NA,NA,0.3,0.3,2,17,97,0
"84","G03",7,"std3E-1","3uL","QtyorID","Standard",7,0.0326,"NoCt","NoCt",0.995,-3.452,"qpcr928","MONIS6","AssID04","Psever","plt02","qpcrrundate20220422",0,"Psever","std3E-1",0,"std3E1",NA,NA,NA,NA,NA,NA,NA,NA,NA,NA,NA,NA,NA,NA,NA,NA,NA,NA,NA,NA,NA,NA,NA,NA,NA,NA,NA,NA,NA,NA,NA,NA,NA,0.3,0.3,2,17,97,0
"85","A01",1,"std3E5","3uL","QtyorID","Standard",1,0.0232,"21.73","3.00e+005",0.993,-3.556,"qpcr929","MONIS6","AssID19","Mnelei","plt01","qpcrrundate20220426",3e+05,"Mnelei","std3E5",21.73,"std3E5",NA,NA,NA,NA,NA,NA,NA,NA,NA,NA,NA,NA,NA,NA,NA,NA,NA,NA,NA,NA,NA,NA,NA,NA,NA,NA,NA,NA,NA,NA,NA,NA,NA,3e+05,3e+05,6,12,72,1
"86","A02",1,"std3E5","3uL","QtyorID","Standard",1,0.0232,"21.99","3.00e+005",0.993,-3.556,"qpcr929","MONIS6","AssID19","Mnelei","plt01","qpcrrundate20220426",3e+05,"Mnelei","std3E5",21.99,"std3E5",NA,NA,NA,NA,NA,NA,NA,NA,NA,NA,NA,NA,NA,NA,NA,NA,NA,NA,NA,NA,NA,NA,NA,NA,NA,NA,NA,NA,NA,NA,NA,NA,NA,3e+05,3e+05,6,12,72,1
"87","A03",1,"std3E5","3uL","QtyorID","Standard",1,0.0232,"21.79","3.00e+005",0.993,-3.556,"qpcr929","MONIS6","AssID19","Mnelei","plt01","qpcrrundate20220426",3e+05,"Mnelei","std3E5",21.79,"std3E5",NA,NA,NA,NA,NA,NA,NA,NA,NA,NA,NA,NA,NA,NA,NA,NA,NA,NA,NA,NA,NA,NA,NA,NA,NA,NA,NA,NA,NA,NA,NA,NA,NA,3e+05,3e+05,6,12,72,1
"88","B01",2,"std3E4","3uL","QtyorID","Standard",2,0.0232,"25.19","3.00e+004",0.993,-3.556,"qpcr929","MONIS6","AssID19","Mnelei","plt01","qpcrrundate20220426",30000,"Mnelei","std3E4",25.19,"std3E4",NA,NA,NA,NA,NA,NA,NA,NA,NA,NA,NA,NA,NA,NA,NA,NA,NA,NA,NA,NA,NA,NA,NA,NA,NA,NA,NA,NA,NA,NA,NA,NA,NA,30000,30000,5,12,71,1
"89","B02",2,"std3E4","3uL","QtyorID","Standard",2,0.0232,"25.52","3.00e+004",0.993,-3.556,"qpcr929","MONIS6","AssID19","Mnelei","plt01","qpcrrundate20220426",30000,"Mnelei","std3E4",25.52,"std3E4",NA,NA,NA,NA,NA,NA,NA,NA,NA,NA,NA,NA,NA,NA,NA,NA,NA,NA,NA,NA,NA,NA,NA,NA,NA,NA,NA,NA,NA,NA,NA,NA,NA,30000,30000,5,12,71,1
"90","B03",2,"std3E4","3uL","QtyorID","Standard",2,0.0232,"25.25","3.00e+004",0.993,-3.556,"qpcr929","MONIS6","AssID19","Mnelei","plt01","qpcrrundate20220426",30000,"Mnelei","std3E4",25.25,"std3E4",NA,NA,NA,NA,NA,NA,NA,NA,NA,NA,NA,NA,NA,NA,NA,NA,NA,NA,NA,NA,NA,NA,NA,NA,NA,NA,NA,NA,NA,NA,NA,NA,NA,30000,30000,5,12,71,1
"91","C01",3,"std3E3","3uL","QtyorID","Standard",3,0.0232,"27.65","3.00e+003",0.993,-3.556,"qpcr929","MONIS6","AssID19","Mnelei","plt01","qpcrrundate20220426",3000,"Mnelei","std3E3",27.65,"std3E3",NA,NA,NA,NA,NA,NA,NA,NA,NA,NA,NA,NA,NA,NA,NA,NA,NA,NA,NA,NA,NA,NA,NA,NA,NA,NA,NA,NA,NA,NA,NA,NA,NA,3000,3000,4,12,70,1
"92","C02",3,"std3E3","3uL","QtyorID","Standard",3,0.0232,"28.60","3.00e+003",0.993,-3.556,"qpcr929","MONIS6","AssID19","Mnelei","plt01","qpcrrundate20220426",3000,"Mnelei","std3E3",28.6,"std3E3",NA,NA,NA,NA,NA,NA,NA,NA,NA,NA,NA,NA,NA,NA,NA,NA,NA,NA,NA,NA,NA,NA,NA,NA,NA,NA,NA,NA,NA,NA,NA,NA,NA,3000,3000,4,12,70,1
"93","C03",3,"std3E3","3uL","QtyorID","Standard",3,0.0232,"28.46","3.00e+003",0.993,-3.556,"qpcr929","MONIS6","AssID19","Mnelei","plt01","qpcrrundate20220426",3000,"Mnelei","std3E3",28.46,"std3E3",NA,NA,NA,NA,NA,NA,NA,NA,NA,NA,NA,NA,NA,NA,NA,NA,NA,NA,NA,NA,NA,NA,NA,NA,NA,NA,NA,NA,NA,NA,NA,NA,NA,3000,3000,4,12,70,1
"94","D01",4,"std3E2","3uL","QtyorID","Standard",4,0.0232,"33.08","3.00e+002",0.993,-3.556,"qpcr929","MONIS6","AssID19","Mnelei","plt01","qpcrrundate20220426",300,"Mnelei","std3E2",33.08,"std3E2",NA,NA,NA,NA,NA,NA,NA,NA,NA,NA,NA,NA,NA,NA,NA,NA,NA,NA,NA,NA,NA,NA,NA,NA,NA,NA,NA,NA,NA,NA,NA,NA,NA,300,300,3,12,69,1
"95","D02",4,"std3E2","3uL","QtyorID","Standard",4,0.0232,"32.15","3.00e+002",0.993,-3.556,"qpcr929","MONIS6","AssID19","Mnelei","plt01","qpcrrundate20220426",300,"Mnelei","std3E2",32.15,"std3E2",NA,NA,NA,NA,NA,NA,NA,NA,NA,NA,NA,NA,NA,NA,NA,NA,NA,NA,NA,NA,NA,NA,NA,NA,NA,NA,NA,NA,NA,NA,NA,NA,NA,300,300,3,12,69,1
"96","D03",4,"std3E2","3uL","QtyorID","Standard",4,0.0232,"32.28","3.00e+002",0.993,-3.556,"qpcr929","MONIS6","AssID19","Mnelei","plt01","qpcrrundate20220426",300,"Mnelei","std3E2",32.28,"std3E2",NA,NA,NA,NA,NA,NA,NA,NA,NA,NA,NA,NA,NA,NA,NA,NA,NA,NA,NA,NA,NA,NA,NA,NA,NA,NA,NA,NA,NA,NA,NA,NA,NA,300,300,3,12,69,1
"97","E01",5,"std3E1","3uL","QtyorID","Standard",5,0.0232,"35.68","3.00e+001",0.993,-3.556,"qpcr929","MONIS6","AssID19","Mnelei","plt01","qpcrrundate20220426",30,"Mnelei","std3E1",35.68,"std3E1",NA,NA,NA,NA,NA,NA,NA,NA,NA,NA,NA,NA,NA,NA,NA,NA,NA,NA,NA,NA,NA,NA,NA,NA,NA,NA,NA,NA,NA,NA,NA,NA,NA,30,30,2,12,68,1
"98","E02",5,"std3E1","3uL","QtyorID","Standard",5,0.0232,"35.85","3.00e+001",0.993,-3.556,"qpcr929","MONIS6","AssID19","Mnelei","plt01","qpcrrundate20220426",30,"Mnelei","std3E1",35.85,"std3E1",NA,NA,NA,NA,NA,NA,NA,NA,NA,NA,NA,NA,NA,NA,NA,NA,NA,NA,NA,NA,NA,NA,NA,NA,NA,NA,NA,NA,NA,NA,NA,NA,NA,30,30,2,12,68,1
"99","E03",5,"std3E1","3uL","QtyorID","Standard",5,0.0232,"36.16","3.00e+001",0.993,-3.556,"qpcr929","MONIS6","AssID19","Mnelei","plt01","qpcrrundate20220426",30,"Mnelei","std3E1",36.16,"std3E1",NA,NA,NA,NA,NA,NA,NA,NA,NA,NA,NA,NA,NA,NA,NA,NA,NA,NA,NA,NA,NA,NA,NA,NA,NA,NA,NA,NA,NA,NA,NA,NA,NA,30,30,2,12,68,1
"100","F01",6,"std3E0","3uL","QtyorID","Standard",6,0.0232,"39.92","3.00e+000",0.993,-3.556,"qpcr929","MONIS6","AssID19","Mnelei","plt01","qpcrrundate20220426",3,"Mnelei","std3E0",39.92,"std3E0",NA,NA,NA,NA,NA,NA,NA,NA,NA,NA,NA,NA,NA,NA,NA,NA,NA,NA,NA,NA,NA,NA,NA,NA,NA,NA,NA,NA,NA,NA,NA,NA,NA,3,3,1,12,67,1
"101","F02",6,"std3E0","3uL","QtyorID","Standard",6,0.0232,"40.34","3.00e+000",0.993,-3.556,"qpcr929","MONIS6","AssID19","Mnelei","plt01","qpcrrundate20220426",3,"Mnelei","std3E0",40.34,"std3E0",NA,NA,NA,NA,NA,NA,NA,NA,NA,NA,NA,NA,NA,NA,NA,NA,NA,NA,NA,NA,NA,NA,NA,NA,NA,NA,NA,NA,NA,NA,NA,NA,NA,3,3,1,12,67,1
"102","F03",6,"std3E0","3uL","QtyorID","Standard",6,0.0232,"38.33","3.00e+000",0.993,-3.556,"qpcr929","MONIS6","AssID19","Mnelei","plt01","qpcrrundate20220426",3,"Mnelei","std3E0",38.33,"std3E0",NA,NA,NA,NA,NA,NA,NA,NA,NA,NA,NA,NA,NA,NA,NA,NA,NA,NA,NA,NA,NA,NA,NA,NA,NA,NA,NA,NA,NA,NA,NA,NA,NA,3,3,1,12,67,1
"103","G01",7,"std3E-1","3uL","QtyorID","Standard",7,0.0232,"NoCt","NoCt",0.993,-3.556,"qpcr929","MONIS6","AssID19","Mnelei","plt01","qpcrrundate20220426",0,"Mnelei","std3E-1",0,"std3E1",NA,NA,NA,NA,NA,NA,NA,NA,NA,NA,NA,NA,NA,NA,NA,NA,NA,NA,NA,NA,NA,NA,NA,NA,NA,NA,NA,NA,NA,NA,NA,NA,NA,0.3,0.3,2,12,68,0
"104","G02",7,"std3E-1","3uL","QtyorID","Standard",7,0.0232,"NoCt","NoCt",0.993,-3.556,"qpcr929","MONIS6","AssID19","Mnelei","plt01","qpcrrundate20220426",0,"Mnelei","std3E-1",0,"std3E1",NA,NA,NA,NA,NA,NA,NA,NA,NA,NA,NA,NA,NA,NA,NA,NA,NA,NA,NA,NA,NA,NA,NA,NA,NA,NA,NA,NA,NA,NA,NA,NA,NA,0.3,0.3,2,12,68,0
"105","G03",7,"std3E-1","3uL","QtyorID","Standard",7,0.0232,"NoCt","NoCt",0.993,-3.556,"qpcr929","MONIS6","AssID19","Mnelei","plt01","qpcrrundate20220426",0,"Mnelei","std3E-1",0,"std3E1",NA,NA,NA,NA,NA,NA,NA,NA,NA,NA,NA,NA,NA,NA,NA,NA,NA,NA,NA,NA,NA,NA,NA,NA,NA,NA,NA,NA,NA,NA,NA,NA,NA,0.3,0.3,2,12,68,0
"106","A01",1,"std3E5","3uL","QtyorID","Standard",1,0.0269,"22.78","3.00e+005",0.986,-3.494,"qpcr930","MONIS6","AssID19","Mnelei","plt02","qpcrrundate20220427",3e+05,"Mnelei","std3E5",22.78,"std3E5",NA,NA,NA,NA,NA,NA,NA,NA,NA,NA,NA,NA,NA,NA,NA,NA,NA,NA,NA,NA,NA,NA,NA,NA,NA,NA,NA,NA,NA,NA,NA,NA,NA,3e+05,3e+05,6,12,72,1
"107","A02",1,"std3E5","3uL","QtyorID","Standard",1,0.0269,"22.06","3.00e+005",0.986,-3.494,"qpcr930","MONIS6","AssID19","Mnelei","plt02","qpcrrundate20220427",3e+05,"Mnelei","std3E5",22.06,"std3E5",NA,NA,NA,NA,NA,NA,NA,NA,NA,NA,NA,NA,NA,NA,NA,NA,NA,NA,NA,NA,NA,NA,NA,NA,NA,NA,NA,NA,NA,NA,NA,NA,NA,3e+05,3e+05,6,12,72,1
"108","A03",1,"std3E5","3uL","QtyorID","Standard",1,0.0269,"22.50","3.00e+005",0.986,-3.494,"qpcr930","MONIS6","AssID19","Mnelei","plt02","qpcrrundate20220427",3e+05,"Mnelei","std3E5",22.5,"std3E5",NA,NA,NA,NA,NA,NA,NA,NA,NA,NA,NA,NA,NA,NA,NA,NA,NA,NA,NA,NA,NA,NA,NA,NA,NA,NA,NA,NA,NA,NA,NA,NA,NA,3e+05,3e+05,6,12,72,1
"109","B01",2,"std3E4","3uL","QtyorID","Standard",2,0.0269,"26.58","3.00e+004",0.986,-3.494,"qpcr930","MONIS6","AssID19","Mnelei","plt02","qpcrrundate20220427",30000,"Mnelei","std3E4",26.58,"std3E4",NA,NA,NA,NA,NA,NA,NA,NA,NA,NA,NA,NA,NA,NA,NA,NA,NA,NA,NA,NA,NA,NA,NA,NA,NA,NA,NA,NA,NA,NA,NA,NA,NA,30000,30000,5,12,71,1
"110","B02",2,"std3E4","3uL","QtyorID","Standard",2,0.0269,"25.97","3.00e+004",0.986,-3.494,"qpcr930","MONIS6","AssID19","Mnelei","plt02","qpcrrundate20220427",30000,"Mnelei","std3E4",25.97,"std3E4",NA,NA,NA,NA,NA,NA,NA,NA,NA,NA,NA,NA,NA,NA,NA,NA,NA,NA,NA,NA,NA,NA,NA,NA,NA,NA,NA,NA,NA,NA,NA,NA,NA,30000,30000,5,12,71,1
"111","B03",2,"std3E4","3uL","QtyorID","Standard",2,0.0269,"25.78","3.00e+004",0.986,-3.494,"qpcr930","MONIS6","AssID19","Mnelei","plt02","qpcrrundate20220427",30000,"Mnelei","std3E4",25.78,"std3E4",NA,NA,NA,NA,NA,NA,NA,NA,NA,NA,NA,NA,NA,NA,NA,NA,NA,NA,NA,NA,NA,NA,NA,NA,NA,NA,NA,NA,NA,NA,NA,NA,NA,30000,30000,5,12,71,1
"112","C01",3,"std3E3","3uL","QtyorID","Standard",3,0.0269,"28.67","3.00e+003",0.986,-3.494,"qpcr930","MONIS6","AssID19","Mnelei","plt02","qpcrrundate20220427",3000,"Mnelei","std3E3",28.67,"std3E3",NA,NA,NA,NA,NA,NA,NA,NA,NA,NA,NA,NA,NA,NA,NA,NA,NA,NA,NA,NA,NA,NA,NA,NA,NA,NA,NA,NA,NA,NA,NA,NA,NA,3000,3000,4,12,70,1
"113","C02",3,"std3E3","3uL","QtyorID","Standard",3,0.0269,"28.88","3.00e+003",0.986,-3.494,"qpcr930","MONIS6","AssID19","Mnelei","plt02","qpcrrundate20220427",3000,"Mnelei","std3E3",28.88,"std3E3",NA,NA,NA,NA,NA,NA,NA,NA,NA,NA,NA,NA,NA,NA,NA,NA,NA,NA,NA,NA,NA,NA,NA,NA,NA,NA,NA,NA,NA,NA,NA,NA,NA,3000,3000,4,12,70,1
"114","C03",3,"std3E3","3uL","QtyorID","Standard",3,0.0269,"29.14","3.00e+003",0.986,-3.494,"qpcr930","MONIS6","AssID19","Mnelei","plt02","qpcrrundate20220427",3000,"Mnelei","std3E3",29.14,"std3E3",NA,NA,NA,NA,NA,NA,NA,NA,NA,NA,NA,NA,NA,NA,NA,NA,NA,NA,NA,NA,NA,NA,NA,NA,NA,NA,NA,NA,NA,NA,NA,NA,NA,3000,3000,4,12,70,1
"115","D01",4,"std3E2","3uL","QtyorID","Standard",4,0.0269,"33.24","3.00e+002",0.986,-3.494,"qpcr930","MONIS6","AssID19","Mnelei","plt02","qpcrrundate20220427",300,"Mnelei","std3E2",33.24,"std3E2",NA,NA,NA,NA,NA,NA,NA,NA,NA,NA,NA,NA,NA,NA,NA,NA,NA,NA,NA,NA,NA,NA,NA,NA,NA,NA,NA,NA,NA,NA,NA,NA,NA,300,300,3,12,69,1
"116","D02",4,"std3E2","3uL","QtyorID","Standard",4,0.0269,"32.65","3.00e+002",0.986,-3.494,"qpcr930","MONIS6","AssID19","Mnelei","plt02","qpcrrundate20220427",300,"Mnelei","std3E2",32.65,"std3E2",NA,NA,NA,NA,NA,NA,NA,NA,NA,NA,NA,NA,NA,NA,NA,NA,NA,NA,NA,NA,NA,NA,NA,NA,NA,NA,NA,NA,NA,NA,NA,NA,NA,300,300,3,12,69,1
"117","D03",4,"std3E2","3uL","QtyorID","Standard",4,0.0269,"32.77","3.00e+002",0.986,-3.494,"qpcr930","MONIS6","AssID19","Mnelei","plt02","qpcrrundate20220427",300,"Mnelei","std3E2",32.77,"std3E2",NA,NA,NA,NA,NA,NA,NA,NA,NA,NA,NA,NA,NA,NA,NA,NA,NA,NA,NA,NA,NA,NA,NA,NA,NA,NA,NA,NA,NA,NA,NA,NA,NA,300,300,3,12,69,1
"118","E01",5,"std3E1","3uL","QtyorID","Standard",5,0.0269,"35.62","3.00e+001",0.986,-3.494,"qpcr930","MONIS6","AssID19","Mnelei","plt02","qpcrrundate20220427",30,"Mnelei","std3E1",35.62,"std3E1",NA,NA,NA,NA,NA,NA,NA,NA,NA,NA,NA,NA,NA,NA,NA,NA,NA,NA,NA,NA,NA,NA,NA,NA,NA,NA,NA,NA,NA,NA,NA,NA,NA,30,30,2,12,68,1
"119","E02",5,"std3E1","3uL","QtyorID","Standard",5,0.0269,"37.12","3.00e+001",0.986,-3.494,"qpcr930","MONIS6","AssID19","Mnelei","plt02","qpcrrundate20220427",30,"Mnelei","std3E1",37.12,"std3E1",NA,NA,NA,NA,NA,NA,NA,NA,NA,NA,NA,NA,NA,NA,NA,NA,NA,NA,NA,NA,NA,NA,NA,NA,NA,NA,NA,NA,NA,NA,NA,NA,NA,30,30,2,12,68,1
"120","E03",5,"std3E1","3uL","QtyorID","Standard",5,0.0269,"35.95","3.00e+001",0.986,-3.494,"qpcr930","MONIS6","AssID19","Mnelei","plt02","qpcrrundate20220427",30,"Mnelei","std3E1",35.95,"std3E1",NA,NA,NA,NA,NA,NA,NA,NA,NA,NA,NA,NA,NA,NA,NA,NA,NA,NA,NA,NA,NA,NA,NA,NA,NA,NA,NA,NA,NA,NA,NA,NA,NA,30,30,2,12,68,1
"121","F01",6,"std3E0","3uL","QtyorID","Standard",6,0.0269,"39.98","3.00e+000",0.986,-3.494,"qpcr930","MONIS6","AssID19","Mnelei","plt02","qpcrrundate20220427",3,"Mnelei","std3E0",39.98,"std3E0",NA,NA,NA,NA,NA,NA,NA,NA,NA,NA,NA,NA,NA,NA,NA,NA,NA,NA,NA,NA,NA,NA,NA,NA,NA,NA,NA,NA,NA,NA,NA,NA,NA,3,3,1,12,67,1
"122","F02",6,"std3E0","3uL","QtyorID","Standard",6,0.0269,"41.62","3.00e+000",0.986,-3.494,"qpcr930","MONIS6","AssID19","Mnelei","plt02","qpcrrundate20220427",3,"Mnelei","std3E0",41.62,"std3E0",NA,NA,NA,NA,NA,NA,NA,NA,NA,NA,NA,NA,NA,NA,NA,NA,NA,NA,NA,NA,NA,NA,NA,NA,NA,NA,NA,NA,NA,NA,NA,NA,NA,3,3,1,12,67,1
"123","F03",6,"std3E0","3uL","QtyorID","Standard",6,0.0269,"41.04","3.00e+000",0.986,-3.494,"qpcr930","MONIS6","AssID19","Mnelei","plt02","qpcrrundate20220427",3,"Mnelei","std3E0",41.04,"std3E0",NA,NA,NA,NA,NA,NA,NA,NA,NA,NA,NA,NA,NA,NA,NA,NA,NA,NA,NA,NA,NA,NA,NA,NA,NA,NA,NA,NA,NA,NA,NA,NA,NA,3,3,1,12,67,1
"124","G01",7,"std3E-1","3uL","QtyorID","Standard",7,0.0269,"NoCt","NoCt",0.986,-3.494,"qpcr930","MONIS6","AssID19","Mnelei","plt02","qpcrrundate20220427",0,"Mnelei","std3E-1",0,"std3E1",NA,NA,NA,NA,NA,NA,NA,NA,NA,NA,NA,NA,NA,NA,NA,NA,NA,NA,NA,NA,NA,NA,NA,NA,NA,NA,NA,NA,NA,NA,NA,NA,NA,0.3,0.3,2,12,68,0
"125","G02",7,"std3E-1","3uL","QtyorID","Standard",7,0.0269,"41.56","3.00e-001",0.986,-3.494,"qpcr930","MONIS6","AssID19","Mnelei","plt02","qpcrrundate20220427",0.3,"Mnelei","std3E-1",41.56,"std3E1",NA,NA,NA,NA,NA,NA,NA,NA,NA,NA,NA,NA,NA,NA,NA,NA,NA,NA,NA,NA,NA,NA,NA,NA,NA,NA,NA,NA,NA,NA,NA,NA,NA,0.3,0.3,2,12,68,1
"126","G03",7,"std3E-1","3uL","QtyorID","Standard",7,0.0269,"NoCt","NoCt",0.986,-3.494,"qpcr930","MONIS6","AssID19","Mnelei","plt02","qpcrrundate20220427",0,"Mnelei","std3E-1",0,"std3E1",NA,NA,NA,NA,NA,NA,NA,NA,NA,NA,NA,NA,NA,NA,NA,NA,NA,NA,NA,NA,NA,NA,NA,NA,NA,NA,NA,NA,NA,NA,NA,NA,NA,0.3,0.3,2,12,68,0
"127","A01",1,"std3E5","3uL","QtyorID","Standard",1,0.0359,"21.13","3.00e+005",0.991,-3.347,"qpcr931","MONIS6","AssID18","Corcas","plt01","qpcrrundate20220427",3e+05,"Corcas","std3E5",21.13,"std3E5",NA,NA,NA,NA,NA,NA,NA,NA,NA,NA,NA,NA,NA,NA,NA,NA,NA,NA,NA,NA,NA,NA,NA,NA,NA,NA,NA,NA,NA,NA,NA,NA,NA,3e+05,3e+05,6,5,30,1
"128","A02",1,"std3E5","3uL","QtyorID","Standard",1,0.0359,"21.27","3.00e+005",0.991,-3.347,"qpcr931","MONIS6","AssID18","Corcas","plt01","qpcrrundate20220427",3e+05,"Corcas","std3E5",21.27,"std3E5",NA,NA,NA,NA,NA,NA,NA,NA,NA,NA,NA,NA,NA,NA,NA,NA,NA,NA,NA,NA,NA,NA,NA,NA,NA,NA,NA,NA,NA,NA,NA,NA,NA,3e+05,3e+05,6,5,30,1
"129","A03",1,"std3E5","3uL","QtyorID","Standard",1,0.0359,"21.19","3.00e+005",0.991,-3.347,"qpcr931","MONIS6","AssID18","Corcas","plt01","qpcrrundate20220427",3e+05,"Corcas","std3E5",21.19,"std3E5",NA,NA,NA,NA,NA,NA,NA,NA,NA,NA,NA,NA,NA,NA,NA,NA,NA,NA,NA,NA,NA,NA,NA,NA,NA,NA,NA,NA,NA,NA,NA,NA,NA,3e+05,3e+05,6,5,30,1
"130","B01",2,"std3E4","3uL","QtyorID","Standard",2,0.0359,"25.02","3.00e+004",0.991,-3.347,"qpcr931","MONIS6","AssID18","Corcas","plt01","qpcrrundate20220427",30000,"Corcas","std3E4",25.02,"std3E4",NA,NA,NA,NA,NA,NA,NA,NA,NA,NA,NA,NA,NA,NA,NA,NA,NA,NA,NA,NA,NA,NA,NA,NA,NA,NA,NA,NA,NA,NA,NA,NA,NA,30000,30000,5,5,29,1
"131","B02",2,"std3E4","3uL","QtyorID","Standard",2,0.0359,"24.43","3.00e+004",0.991,-3.347,"qpcr931","MONIS6","AssID18","Corcas","plt01","qpcrrundate20220427",30000,"Corcas","std3E4",24.43,"std3E4",NA,NA,NA,NA,NA,NA,NA,NA,NA,NA,NA,NA,NA,NA,NA,NA,NA,NA,NA,NA,NA,NA,NA,NA,NA,NA,NA,NA,NA,NA,NA,NA,NA,30000,30000,5,5,29,1
"132","B03",2,"std3E4","3uL","QtyorID","Standard",2,0.0359,"24.72","3.00e+004",0.991,-3.347,"qpcr931","MONIS6","AssID18","Corcas","plt01","qpcrrundate20220427",30000,"Corcas","std3E4",24.72,"std3E4",NA,NA,NA,NA,NA,NA,NA,NA,NA,NA,NA,NA,NA,NA,NA,NA,NA,NA,NA,NA,NA,NA,NA,NA,NA,NA,NA,NA,NA,NA,NA,NA,NA,30000,30000,5,5,29,1
"133","C01",3,"std3E3","3uL","QtyorID","Standard",3,0.0359,"28.26","3.00e+003",0.991,-3.347,"qpcr931","MONIS6","AssID18","Corcas","plt01","qpcrrundate20220427",3000,"Corcas","std3E3",28.26,"std3E3",NA,NA,NA,NA,NA,NA,NA,NA,NA,NA,NA,NA,NA,NA,NA,NA,NA,NA,NA,NA,NA,NA,NA,NA,NA,NA,NA,NA,NA,NA,NA,NA,NA,3000,3000,4,5,28,1
"134","C02",3,"std3E3","3uL","QtyorID","Standard",3,0.0359,"28.24","3.00e+003",0.991,-3.347,"qpcr931","MONIS6","AssID18","Corcas","plt01","qpcrrundate20220427",3000,"Corcas","std3E3",28.24,"std3E3",NA,NA,NA,NA,NA,NA,NA,NA,NA,NA,NA,NA,NA,NA,NA,NA,NA,NA,NA,NA,NA,NA,NA,NA,NA,NA,NA,NA,NA,NA,NA,NA,NA,3000,3000,4,5,28,1
"135","C03",3,"std3E3","3uL","QtyorID","Standard",3,0.0359,"28.26","3.00e+003",0.991,-3.347,"qpcr931","MONIS6","AssID18","Corcas","plt01","qpcrrundate20220427",3000,"Corcas","std3E3",28.26,"std3E3",NA,NA,NA,NA,NA,NA,NA,NA,NA,NA,NA,NA,NA,NA,NA,NA,NA,NA,NA,NA,NA,NA,NA,NA,NA,NA,NA,NA,NA,NA,NA,NA,NA,3000,3000,4,5,28,1
"136","D01",4,"std3E2","3uL","QtyorID","Standard",4,0.0359,"32.00","3.00e+002",0.991,-3.347,"qpcr931","MONIS6","AssID18","Corcas","plt01","qpcrrundate20220427",300,"Corcas","std3E2",32,"std3E2",NA,NA,NA,NA,NA,NA,NA,NA,NA,NA,NA,NA,NA,NA,NA,NA,NA,NA,NA,NA,NA,NA,NA,NA,NA,NA,NA,NA,NA,NA,NA,NA,NA,300,300,3,5,27,1
"137","D02",4,"std3E2","3uL","QtyorID","Standard",4,0.0359,"31.84","3.00e+002",0.991,-3.347,"qpcr931","MONIS6","AssID18","Corcas","plt01","qpcrrundate20220427",300,"Corcas","std3E2",31.84,"std3E2",NA,NA,NA,NA,NA,NA,NA,NA,NA,NA,NA,NA,NA,NA,NA,NA,NA,NA,NA,NA,NA,NA,NA,NA,NA,NA,NA,NA,NA,NA,NA,NA,NA,300,300,3,5,27,1
"138","D03",4,"std3E2","3uL","QtyorID","Standard",4,0.0359,"31.94","3.00e+002",0.991,-3.347,"qpcr931","MONIS6","AssID18","Corcas","plt01","qpcrrundate20220427",300,"Corcas","std3E2",31.94,"std3E2",NA,NA,NA,NA,NA,NA,NA,NA,NA,NA,NA,NA,NA,NA,NA,NA,NA,NA,NA,NA,NA,NA,NA,NA,NA,NA,NA,NA,NA,NA,NA,NA,NA,300,300,3,5,27,1
"139","E01",5,"std3E1","3uL","QtyorID","Standard",5,0.0359,"35.53","3.00e+001",0.991,-3.347,"qpcr931","MONIS6","AssID18","Corcas","plt01","qpcrrundate20220427",30,"Corcas","std3E1",35.53,"std3E1",NA,NA,NA,NA,NA,NA,NA,NA,NA,NA,NA,NA,NA,NA,NA,NA,NA,NA,NA,NA,NA,NA,NA,NA,NA,NA,NA,NA,NA,NA,NA,NA,NA,30,30,2,5,26,1
"140","E02",5,"std3E1","3uL","QtyorID","Standard",5,0.0359,"35.47","3.00e+001",0.991,-3.347,"qpcr931","MONIS6","AssID18","Corcas","plt01","qpcrrundate20220427",30,"Corcas","std3E1",35.47,"std3E1",NA,NA,NA,NA,NA,NA,NA,NA,NA,NA,NA,NA,NA,NA,NA,NA,NA,NA,NA,NA,NA,NA,NA,NA,NA,NA,NA,NA,NA,NA,NA,NA,NA,30,30,2,5,26,1
"141","E03",5,"std3E1","3uL","QtyorID","Standard",5,0.0359,"35.27","3.00e+001",0.991,-3.347,"qpcr931","MONIS6","AssID18","Corcas","plt01","qpcrrundate20220427",30,"Corcas","std3E1",35.27,"std3E1",NA,NA,NA,NA,NA,NA,NA,NA,NA,NA,NA,NA,NA,NA,NA,NA,NA,NA,NA,NA,NA,NA,NA,NA,NA,NA,NA,NA,NA,NA,NA,NA,NA,30,30,2,5,26,1
"142","F01",6,"std3E0","3uL","QtyorID","Standard",6,0.0359,"38.93","3.00e+000",0.991,-3.347,"qpcr931","MONIS6","AssID18","Corcas","plt01","qpcrrundate20220427",3,"Corcas","std3E0",38.93,"std3E0",NA,NA,NA,NA,NA,NA,NA,NA,NA,NA,NA,NA,NA,NA,NA,NA,NA,NA,NA,NA,NA,NA,NA,NA,NA,NA,NA,NA,NA,NA,NA,NA,NA,3,3,1,5,25,1
"143","F02",6,"std3E0","3uL","QtyorID","Standard",6,0.0359,"38.27","3.00e+000",0.991,-3.347,"qpcr931","MONIS6","AssID18","Corcas","plt01","qpcrrundate20220427",3,"Corcas","std3E0",38.27,"std3E0",NA,NA,NA,NA,NA,NA,NA,NA,NA,NA,NA,NA,NA,NA,NA,NA,NA,NA,NA,NA,NA,NA,NA,NA,NA,NA,NA,NA,NA,NA,NA,NA,NA,3,3,1,5,25,1
"144","F03",6,"std3E0","3uL","QtyorID","Standard",6,0.0359,"37.98","3.00e+000",0.991,-3.347,"qpcr931","MONIS6","AssID18","Corcas","plt01","qpcrrundate20220427",3,"Corcas","std3E0",37.98,"std3E0",NA,NA,NA,NA,NA,NA,NA,NA,NA,NA,NA,NA,NA,NA,NA,NA,NA,NA,NA,NA,NA,NA,NA,NA,NA,NA,NA,NA,NA,NA,NA,NA,NA,3,3,1,5,25,1
"145","G01",7,"std3E-1","3uL","QtyorID","Standard",7,0.0359,"39.61","3.00e-001",0.991,-3.347,"qpcr931","MONIS6","AssID18","Corcas","plt01","qpcrrundate20220427",0.3,"Corcas","std3E-1",39.61,"std3E1",NA,NA,NA,NA,NA,NA,NA,NA,NA,NA,NA,NA,NA,NA,NA,NA,NA,NA,NA,NA,NA,NA,NA,NA,NA,NA,NA,NA,NA,NA,NA,NA,NA,0.3,0.3,2,5,26,1
"146","G02",7,"std3E-1","3uL","QtyorID","Standard",7,0.0359,"NoCt","NoCt",0.991,-3.347,"qpcr931","MONIS6","AssID18","Corcas","plt01","qpcrrundate20220427",0,"Corcas","std3E-1",0,"std3E1",NA,NA,NA,NA,NA,NA,NA,NA,NA,NA,NA,NA,NA,NA,NA,NA,NA,NA,NA,NA,NA,NA,NA,NA,NA,NA,NA,NA,NA,NA,NA,NA,NA,0.3,0.3,2,5,26,0
"147","G03",7,"std3E-1","3uL","QtyorID","Standard",7,0.0359,"NoCt","NoCt",0.991,-3.347,"qpcr931","MONIS6","AssID18","Corcas","plt01","qpcrrundate20220427",0,"Corcas","std3E-1",0,"std3E1",NA,NA,NA,NA,NA,NA,NA,NA,NA,NA,NA,NA,NA,NA,NA,NA,NA,NA,NA,NA,NA,NA,NA,NA,NA,NA,NA,NA,NA,NA,NA,NA,NA,0.3,0.3,2,5,26,0
"148","A01",1,"std3E5","3uL","QtyorID","Standard",1,0.0656,"22.03","3.00e+005",0.992,-3.436,"qpcr932","MONIS6","AssID18","Corcas","plt02","qpcrrundate20220427",3e+05,"Corcas","std3E5",22.03,"std3E5",NA,NA,NA,NA,NA,NA,NA,NA,NA,NA,NA,NA,NA,NA,NA,NA,NA,NA,NA,NA,NA,NA,NA,NA,NA,NA,NA,NA,NA,NA,NA,NA,NA,3e+05,3e+05,6,5,30,1
"149","A02",1,"std3E5","3uL","QtyorID","Standard",1,0.0656,"22.32","3.00e+005",0.992,-3.436,"qpcr932","MONIS6","AssID18","Corcas","plt02","qpcrrundate20220427",3e+05,"Corcas","std3E5",22.32,"std3E5",NA,NA,NA,NA,NA,NA,NA,NA,NA,NA,NA,NA,NA,NA,NA,NA,NA,NA,NA,NA,NA,NA,NA,NA,NA,NA,NA,NA,NA,NA,NA,NA,NA,3e+05,3e+05,6,5,30,1
"150","A03",1,"std3E5","3uL","QtyorID","Standard",1,0.0656,"22.29","3.00e+005",0.992,-3.436,"qpcr932","MONIS6","AssID18","Corcas","plt02","qpcrrundate20220427",3e+05,"Corcas","std3E5",22.29,"std3E5",NA,NA,NA,NA,NA,NA,NA,NA,NA,NA,NA,NA,NA,NA,NA,NA,NA,NA,NA,NA,NA,NA,NA,NA,NA,NA,NA,NA,NA,NA,NA,NA,NA,3e+05,3e+05,6,5,30,1
"151","B01",2,"std3E4","3uL","QtyorID","Standard",2,0.0656,"26.01","3.00e+004",0.992,-3.436,"qpcr932","MONIS6","AssID18","Corcas","plt02","qpcrrundate20220427",30000,"Corcas","std3E4",26.01,"std3E4",NA,NA,NA,NA,NA,NA,NA,NA,NA,NA,NA,NA,NA,NA,NA,NA,NA,NA,NA,NA,NA,NA,NA,NA,NA,NA,NA,NA,NA,NA,NA,NA,NA,30000,30000,5,5,29,1
"152","B02",2,"std3E4","3uL","QtyorID","Standard",2,0.0656,"25.84","3.00e+004",0.992,-3.436,"qpcr932","MONIS6","AssID18","Corcas","plt02","qpcrrundate20220427",30000,"Corcas","std3E4",25.84,"std3E4",NA,NA,NA,NA,NA,NA,NA,NA,NA,NA,NA,NA,NA,NA,NA,NA,NA,NA,NA,NA,NA,NA,NA,NA,NA,NA,NA,NA,NA,NA,NA,NA,NA,30000,30000,5,5,29,1
"153","B03",2,"std3E4","3uL","QtyorID","Standard",2,0.0656,"25.91","3.00e+004",0.992,-3.436,"qpcr932","MONIS6","AssID18","Corcas","plt02","qpcrrundate20220427",30000,"Corcas","std3E4",25.91,"std3E4",NA,NA,NA,NA,NA,NA,NA,NA,NA,NA,NA,NA,NA,NA,NA,NA,NA,NA,NA,NA,NA,NA,NA,NA,NA,NA,NA,NA,NA,NA,NA,NA,NA,30000,30000,5,5,29,1
"154","C01",3,"std3E3","3uL","QtyorID","Standard",3,0.0656,"29.33","3.00e+003",0.992,-3.436,"qpcr932","MONIS6","AssID18","Corcas","plt02","qpcrrundate20220427",3000,"Corcas","std3E3",29.33,"std3E3",NA,NA,NA,NA,NA,NA,NA,NA,NA,NA,NA,NA,NA,NA,NA,NA,NA,NA,NA,NA,NA,NA,NA,NA,NA,NA,NA,NA,NA,NA,NA,NA,NA,3000,3000,4,5,28,1
"155","C02",3,"std3E3","3uL","QtyorID","Standard",3,0.0656,"29.32","3.00e+003",0.992,-3.436,"qpcr932","MONIS6","AssID18","Corcas","plt02","qpcrrundate20220427",3000,"Corcas","std3E3",29.32,"std3E3",NA,NA,NA,NA,NA,NA,NA,NA,NA,NA,NA,NA,NA,NA,NA,NA,NA,NA,NA,NA,NA,NA,NA,NA,NA,NA,NA,NA,NA,NA,NA,NA,NA,3000,3000,4,5,28,1
"156","C03",3,"std3E3","3uL","QtyorID","Standard",3,0.0656,"29.53","3.00e+003",0.992,-3.436,"qpcr932","MONIS6","AssID18","Corcas","plt02","qpcrrundate20220427",3000,"Corcas","std3E3",29.53,"std3E3",NA,NA,NA,NA,NA,NA,NA,NA,NA,NA,NA,NA,NA,NA,NA,NA,NA,NA,NA,NA,NA,NA,NA,NA,NA,NA,NA,NA,NA,NA,NA,NA,NA,3000,3000,4,5,28,1
"157","D01",4,"std3E2","3uL","QtyorID","Standard",4,0.0656,"32.83","3.00e+002",0.992,-3.436,"qpcr932","MONIS6","AssID18","Corcas","plt02","qpcrrundate20220427",300,"Corcas","std3E2",32.83,"std3E2",NA,NA,NA,NA,NA,NA,NA,NA,NA,NA,NA,NA,NA,NA,NA,NA,NA,NA,NA,NA,NA,NA,NA,NA,NA,NA,NA,NA,NA,NA,NA,NA,NA,300,300,3,5,27,1
"158","D02",4,"std3E2","3uL","QtyorID","Standard",4,0.0656,"33.06","3.00e+002",0.992,-3.436,"qpcr932","MONIS6","AssID18","Corcas","plt02","qpcrrundate20220427",300,"Corcas","std3E2",33.06,"std3E2",NA,NA,NA,NA,NA,NA,NA,NA,NA,NA,NA,NA,NA,NA,NA,NA,NA,NA,NA,NA,NA,NA,NA,NA,NA,NA,NA,NA,NA,NA,NA,NA,NA,300,300,3,5,27,1
"159","D03",4,"std3E2","3uL","QtyorID","Standard",4,0.0656,"32.60","3.00e+002",0.992,-3.436,"qpcr932","MONIS6","AssID18","Corcas","plt02","qpcrrundate20220427",300,"Corcas","std3E2",32.6,"std3E2",NA,NA,NA,NA,NA,NA,NA,NA,NA,NA,NA,NA,NA,NA,NA,NA,NA,NA,NA,NA,NA,NA,NA,NA,NA,NA,NA,NA,NA,NA,NA,NA,NA,300,300,3,5,27,1
"160","E01",5,"std3E1","3uL","QtyorID","Standard",5,0.0656,"36.91","3.00e+001",0.992,-3.436,"qpcr932","MONIS6","AssID18","Corcas","plt02","qpcrrundate20220427",30,"Corcas","std3E1",36.91,"std3E1",NA,NA,NA,NA,NA,NA,NA,NA,NA,NA,NA,NA,NA,NA,NA,NA,NA,NA,NA,NA,NA,NA,NA,NA,NA,NA,NA,NA,NA,NA,NA,NA,NA,30,30,2,5,26,1
"161","E02",5,"std3E1","3uL","QtyorID","Standard",5,0.0656,"36.97","3.00e+001",0.992,-3.436,"qpcr932","MONIS6","AssID18","Corcas","plt02","qpcrrundate20220427",30,"Corcas","std3E1",36.97,"std3E1",NA,NA,NA,NA,NA,NA,NA,NA,NA,NA,NA,NA,NA,NA,NA,NA,NA,NA,NA,NA,NA,NA,NA,NA,NA,NA,NA,NA,NA,NA,NA,NA,NA,30,30,2,5,26,1
"162","E03",5,"std3E1","3uL","QtyorID","Standard",5,0.0656,"36.34","3.00e+001",0.992,-3.436,"qpcr932","MONIS6","AssID18","Corcas","plt02","qpcrrundate20220427",30,"Corcas","std3E1",36.34,"std3E1",NA,NA,NA,NA,NA,NA,NA,NA,NA,NA,NA,NA,NA,NA,NA,NA,NA,NA,NA,NA,NA,NA,NA,NA,NA,NA,NA,NA,NA,NA,NA,NA,NA,30,30,2,5,26,1
"163","F01",6,"std3E0","3uL","QtyorID","Standard",6,0.0656,"40.00","3.00e+000",0.992,-3.436,"qpcr932","MONIS6","AssID18","Corcas","plt02","qpcrrundate20220427",3,"Corcas","std3E0",40,"std3E0",NA,NA,NA,NA,NA,NA,NA,NA,NA,NA,NA,NA,NA,NA,NA,NA,NA,NA,NA,NA,NA,NA,NA,NA,NA,NA,NA,NA,NA,NA,NA,NA,NA,3,3,1,5,25,1
"164","F02",6,"std3E0","3uL","QtyorID","Standard",6,0.0656,"39.60","3.00e+000",0.992,-3.436,"qpcr932","MONIS6","AssID18","Corcas","plt02","qpcrrundate20220427",3,"Corcas","std3E0",39.6,"std3E0",NA,NA,NA,NA,NA,NA,NA,NA,NA,NA,NA,NA,NA,NA,NA,NA,NA,NA,NA,NA,NA,NA,NA,NA,NA,NA,NA,NA,NA,NA,NA,NA,NA,3,3,1,5,25,1
"165","F03",6,"std3E0","3uL","QtyorID","Standard",6,0.0656,"40.41","3.00e+000",0.992,-3.436,"qpcr932","MONIS6","AssID18","Corcas","plt02","qpcrrundate20220427",3,"Corcas","std3E0",40.41,"std3E0",NA,NA,NA,NA,NA,NA,NA,NA,NA,NA,NA,NA,NA,NA,NA,NA,NA,NA,NA,NA,NA,NA,NA,NA,NA,NA,NA,NA,NA,NA,NA,NA,NA,3,3,1,5,25,1
"166","G01",7,"std3E-1","3uL","QtyorID","Standard",7,0.0656,"NoCt","NoCt",0.992,-3.436,"qpcr932","MONIS6","AssID18","Corcas","plt02","qpcrrundate20220427",0,"Corcas","std3E-1",0,"std3E1",NA,NA,NA,NA,NA,NA,NA,NA,NA,NA,NA,NA,NA,NA,NA,NA,NA,NA,NA,NA,NA,NA,NA,NA,NA,NA,NA,NA,NA,NA,NA,NA,NA,0.3,0.3,2,5,26,0
"167","G02",7,"std3E-1","3uL","QtyorID","Standard",7,0.0656,"NoCt","NoCt",0.992,-3.436,"qpcr932","MONIS6","AssID18","Corcas","plt02","qpcrrundate20220427",0,"Corcas","std3E-1",0,"std3E1",NA,NA,NA,NA,NA,NA,NA,NA,NA,NA,NA,NA,NA,NA,NA,NA,NA,NA,NA,NA,NA,NA,NA,NA,NA,NA,NA,NA,NA,NA,NA,NA,NA,0.3,0.3,2,5,26,0
"168","G03",7,"std3E-1","3uL","QtyorID","Standard",7,0.0656,"41.13","3.00e-001",0.992,-3.436,"qpcr932","MONIS6","AssID18","Corcas","plt02","qpcrrundate20220427",0.3,"Corcas","std3E-1",41.13,"std3E1",NA,NA,NA,NA,NA,NA,NA,NA,NA,NA,NA,NA,NA,NA,NA,NA,NA,NA,NA,NA,NA,NA,NA,NA,NA,NA,NA,NA,NA,NA,NA,NA,NA,0.3,0.3,2,5,26,1
"169","A01",1,"std3E5","3uL","QtyorID","Standard",1,0.0323,"20.47","3.00e+005",0.988,-3.521,"qpcr935","MONIS6","AssID16","Erisin","plt01","qpcrrundate20220502",3e+05,"Erisin","std3E5",20.47,"std3E5",NA,NA,NA,NA,NA,NA,NA,NA,NA,NA,NA,NA,NA,NA,NA,NA,NA,NA,NA,NA,NA,NA,NA,NA,NA,NA,NA,NA,NA,NA,NA,NA,NA,3e+05,3e+05,6,7,42,1
"170","A02",1,"std3E5","3uL","QtyorID","Standard",1,0.0323,"20.86","3.00e+005",0.988,-3.521,"qpcr935","MONIS6","AssID16","Erisin","plt01","qpcrrundate20220502",3e+05,"Erisin","std3E5",20.86,"std3E5",NA,NA,NA,NA,NA,NA,NA,NA,NA,NA,NA,NA,NA,NA,NA,NA,NA,NA,NA,NA,NA,NA,NA,NA,NA,NA,NA,NA,NA,NA,NA,NA,NA,3e+05,3e+05,6,7,42,1
"171","A03",1,"std3E5","3uL","QtyorID","Standard",1,0.0323,"20.97","3.00e+005",0.988,-3.521,"qpcr935","MONIS6","AssID16","Erisin","plt01","qpcrrundate20220502",3e+05,"Erisin","std3E5",20.97,"std3E5",NA,NA,NA,NA,NA,NA,NA,NA,NA,NA,NA,NA,NA,NA,NA,NA,NA,NA,NA,NA,NA,NA,NA,NA,NA,NA,NA,NA,NA,NA,NA,NA,NA,3e+05,3e+05,6,7,42,1
"172","B01",2,"std3E4","3uL","QtyorID","Standard",2,0.0323,"25.82","3.00e+004",0.988,-3.521,"qpcr935","MONIS6","AssID16","Erisin","plt01","qpcrrundate20220502",30000,"Erisin","std3E4",25.82,"std3E4",NA,NA,NA,NA,NA,NA,NA,NA,NA,NA,NA,NA,NA,NA,NA,NA,NA,NA,NA,NA,NA,NA,NA,NA,NA,NA,NA,NA,NA,NA,NA,NA,NA,30000,30000,5,7,41,1
"173","B02",2,"std3E4","3uL","QtyorID","Standard",2,0.0323,"24.86","3.00e+004",0.988,-3.521,"qpcr935","MONIS6","AssID16","Erisin","plt01","qpcrrundate20220502",30000,"Erisin","std3E4",24.86,"std3E4",NA,NA,NA,NA,NA,NA,NA,NA,NA,NA,NA,NA,NA,NA,NA,NA,NA,NA,NA,NA,NA,NA,NA,NA,NA,NA,NA,NA,NA,NA,NA,NA,NA,30000,30000,5,7,41,1
"174","B03",2,"std3E4","3uL","QtyorID","Standard",2,0.0323,"24.86","3.00e+004",0.988,-3.521,"qpcr935","MONIS6","AssID16","Erisin","plt01","qpcrrundate20220502",30000,"Erisin","std3E4",24.86,"std3E4",NA,NA,NA,NA,NA,NA,NA,NA,NA,NA,NA,NA,NA,NA,NA,NA,NA,NA,NA,NA,NA,NA,NA,NA,NA,NA,NA,NA,NA,NA,NA,NA,NA,30000,30000,5,7,41,1
"175","C01",3,"std3E3","3uL","QtyorID","Standard",3,0.0323,"28.55","3.00e+003",0.988,-3.521,"qpcr935","MONIS6","AssID16","Erisin","plt01","qpcrrundate20220502",3000,"Erisin","std3E3",28.55,"std3E3",NA,NA,NA,NA,NA,NA,NA,NA,NA,NA,NA,NA,NA,NA,NA,NA,NA,NA,NA,NA,NA,NA,NA,NA,NA,NA,NA,NA,NA,NA,NA,NA,NA,3000,3000,4,7,40,1
"176","C02",3,"std3E3","3uL","QtyorID","Standard",3,0.0323,"28.65","3.00e+003",0.988,-3.521,"qpcr935","MONIS6","AssID16","Erisin","plt01","qpcrrundate20220502",3000,"Erisin","std3E3",28.65,"std3E3",NA,NA,NA,NA,NA,NA,NA,NA,NA,NA,NA,NA,NA,NA,NA,NA,NA,NA,NA,NA,NA,NA,NA,NA,NA,NA,NA,NA,NA,NA,NA,NA,NA,3000,3000,4,7,40,1
"177","C03",3,"std3E3","3uL","QtyorID","Standard",3,0.0323,"28.80","3.00e+003",0.988,-3.521,"qpcr935","MONIS6","AssID16","Erisin","plt01","qpcrrundate20220502",3000,"Erisin","std3E3",28.8,"std3E3",NA,NA,NA,NA,NA,NA,NA,NA,NA,NA,NA,NA,NA,NA,NA,NA,NA,NA,NA,NA,NA,NA,NA,NA,NA,NA,NA,NA,NA,NA,NA,NA,NA,3000,3000,4,7,40,1
"178","D01",4,"std3E2","3uL","QtyorID","Standard",4,0.0323,"31.70","3.00e+002",0.988,-3.521,"qpcr935","MONIS6","AssID16","Erisin","plt01","qpcrrundate20220502",300,"Erisin","std3E2",31.7,"std3E2",NA,NA,NA,NA,NA,NA,NA,NA,NA,NA,NA,NA,NA,NA,NA,NA,NA,NA,NA,NA,NA,NA,NA,NA,NA,NA,NA,NA,NA,NA,NA,NA,NA,300,300,3,7,39,1
"179","D02",4,"std3E2","3uL","QtyorID","Standard",4,0.0323,"32.13","3.00e+002",0.988,-3.521,"qpcr935","MONIS6","AssID16","Erisin","plt01","qpcrrundate20220502",300,"Erisin","std3E2",32.13,"std3E2",NA,NA,NA,NA,NA,NA,NA,NA,NA,NA,NA,NA,NA,NA,NA,NA,NA,NA,NA,NA,NA,NA,NA,NA,NA,NA,NA,NA,NA,NA,NA,NA,NA,300,300,3,7,39,1
"180","D03",4,"std3E2","3uL","QtyorID","Standard",4,0.0323,"31.69","3.00e+002",0.988,-3.521,"qpcr935","MONIS6","AssID16","Erisin","plt01","qpcrrundate20220502",300,"Erisin","std3E2",31.69,"std3E2",NA,NA,NA,NA,NA,NA,NA,NA,NA,NA,NA,NA,NA,NA,NA,NA,NA,NA,NA,NA,NA,NA,NA,NA,NA,NA,NA,NA,NA,NA,NA,NA,NA,300,300,3,7,39,1
"181","E01",5,"std3E1","3uL","QtyorID","Standard",5,0.0323,"35.41","3.00e+001",0.988,-3.521,"qpcr935","MONIS6","AssID16","Erisin","plt01","qpcrrundate20220502",30,"Erisin","std3E1",35.41,"std3E1",NA,NA,NA,NA,NA,NA,NA,NA,NA,NA,NA,NA,NA,NA,NA,NA,NA,NA,NA,NA,NA,NA,NA,NA,NA,NA,NA,NA,NA,NA,NA,NA,NA,30,30,2,7,38,1
"182","E02",5,"std3E1","3uL","QtyorID","Standard",5,0.0323,"36.79","3.00e+001",0.988,-3.521,"qpcr935","MONIS6","AssID16","Erisin","plt01","qpcrrundate20220502",30,"Erisin","std3E1",36.79,"std3E1",NA,NA,NA,NA,NA,NA,NA,NA,NA,NA,NA,NA,NA,NA,NA,NA,NA,NA,NA,NA,NA,NA,NA,NA,NA,NA,NA,NA,NA,NA,NA,NA,NA,30,30,2,7,38,1
"183","E03",5,"std3E1","3uL","QtyorID","Standard",5,0.0323,"35.80","3.00e+001",0.988,-3.521,"qpcr935","MONIS6","AssID16","Erisin","plt01","qpcrrundate20220502",30,"Erisin","std3E1",35.8,"std3E1",NA,NA,NA,NA,NA,NA,NA,NA,NA,NA,NA,NA,NA,NA,NA,NA,NA,NA,NA,NA,NA,NA,NA,NA,NA,NA,NA,NA,NA,NA,NA,NA,NA,30,30,2,7,38,1
"184","F01",6,"std3E0","3uL","QtyorID","Standard",6,0.0323,"38.38","3.00e+000",0.988,-3.521,"qpcr935","MONIS6","AssID16","Erisin","plt01","qpcrrundate20220502",3,"Erisin","std3E0",38.38,"std3E0",NA,NA,NA,NA,NA,NA,NA,NA,NA,NA,NA,NA,NA,NA,NA,NA,NA,NA,NA,NA,NA,NA,NA,NA,NA,NA,NA,NA,NA,NA,NA,NA,NA,3,3,1,7,37,1
"185","F02",6,"std3E0","3uL","QtyorID","Standard",6,0.0323,"37.56","3.00e+000",0.988,-3.521,"qpcr935","MONIS6","AssID16","Erisin","plt01","qpcrrundate20220502",3,"Erisin","std3E0",37.56,"std3E0",NA,NA,NA,NA,NA,NA,NA,NA,NA,NA,NA,NA,NA,NA,NA,NA,NA,NA,NA,NA,NA,NA,NA,NA,NA,NA,NA,NA,NA,NA,NA,NA,NA,3,3,1,7,37,1
"186","F03",6,"std3E0","3uL","QtyorID","Standard",6,0.0323,"NoCt","NoCt",0.988,-3.521,"qpcr935","MONIS6","AssID16","Erisin","plt01","qpcrrundate20220502",0,"Erisin","std3E0",0,"std3E0",NA,NA,NA,NA,NA,NA,NA,NA,NA,NA,NA,NA,NA,NA,NA,NA,NA,NA,NA,NA,NA,NA,NA,NA,NA,NA,NA,NA,NA,NA,NA,NA,NA,3,3,1,7,37,0
"187","G01",7,"std3E-1","3uL","QtyorID","Standard",7,0.0323,"NoCt","NoCt",0.988,-3.521,"qpcr935","MONIS6","AssID16","Erisin","plt01","qpcrrundate20220502",0,"Erisin","std3E-1",0,"std3E1",NA,NA,NA,NA,NA,NA,NA,NA,NA,NA,NA,NA,NA,NA,NA,NA,NA,NA,NA,NA,NA,NA,NA,NA,NA,NA,NA,NA,NA,NA,NA,NA,NA,0.3,0.3,2,7,38,0
"188","G02",7,"std3E-1","3uL","QtyorID","Standard",7,0.0323,"NoCt","NoCt",0.988,-3.521,"qpcr935","MONIS6","AssID16","Erisin","plt01","qpcrrundate20220502",0,"Erisin","std3E-1",0,"std3E1",NA,NA,NA,NA,NA,NA,NA,NA,NA,NA,NA,NA,NA,NA,NA,NA,NA,NA,NA,NA,NA,NA,NA,NA,NA,NA,NA,NA,NA,NA,NA,NA,NA,0.3,0.3,2,7,38,0
"189","G03",7,"std3E-1","3uL","QtyorID","Standard",7,0.0323,"NoCt","NoCt",0.988,-3.521,"qpcr935","MONIS6","AssID16","Erisin","plt01","qpcrrundate20220502",0,"Erisin","std3E-1",0,"std3E1",NA,NA,NA,NA,NA,NA,NA,NA,NA,NA,NA,NA,NA,NA,NA,NA,NA,NA,NA,NA,NA,NA,NA,NA,NA,NA,NA,NA,NA,NA,NA,NA,NA,0.3,0.3,2,7,38,0
"190","A01",1,"std3E5","3uL","QtyorID","Standard",1,0.0308,"21.16","3.00e+005",0.994,-3.534,"qpcr936","MONIS6","AssID16","Erisin","plt02","qpcrrundate20220502",3e+05,"Erisin","std3E5",21.16,"std3E5",NA,NA,NA,NA,NA,NA,NA,NA,NA,NA,NA,NA,NA,NA,NA,NA,NA,NA,NA,NA,NA,NA,NA,NA,NA,NA,NA,NA,NA,NA,NA,NA,NA,3e+05,3e+05,6,7,42,1
"191","A02",1,"std3E5","3uL","QtyorID","Standard",1,0.0308,"20.95","3.00e+005",0.994,-3.534,"qpcr936","MONIS6","AssID16","Erisin","plt02","qpcrrundate20220502",3e+05,"Erisin","std3E5",20.95,"std3E5",NA,NA,NA,NA,NA,NA,NA,NA,NA,NA,NA,NA,NA,NA,NA,NA,NA,NA,NA,NA,NA,NA,NA,NA,NA,NA,NA,NA,NA,NA,NA,NA,NA,3e+05,3e+05,6,7,42,1
"192","A03",1,"std3E5","3uL","QtyorID","Standard",1,0.0308,"21.36","3.00e+005",0.994,-3.534,"qpcr936","MONIS6","AssID16","Erisin","plt02","qpcrrundate20220502",3e+05,"Erisin","std3E5",21.36,"std3E5",NA,NA,NA,NA,NA,NA,NA,NA,NA,NA,NA,NA,NA,NA,NA,NA,NA,NA,NA,NA,NA,NA,NA,NA,NA,NA,NA,NA,NA,NA,NA,NA,NA,3e+05,3e+05,6,7,42,1
"193","B01",2,"std3E4","3uL","QtyorID","Standard",2,0.0308,"25.25","3.00e+004",0.994,-3.534,"qpcr936","MONIS6","AssID16","Erisin","plt02","qpcrrundate20220502",30000,"Erisin","std3E4",25.25,"std3E4",NA,NA,NA,NA,NA,NA,NA,NA,NA,NA,NA,NA,NA,NA,NA,NA,NA,NA,NA,NA,NA,NA,NA,NA,NA,NA,NA,NA,NA,NA,NA,NA,NA,30000,30000,5,7,41,1
"194","B02",2,"std3E4","3uL","QtyorID","Standard",2,0.0308,"25.37","3.00e+004",0.994,-3.534,"qpcr936","MONIS6","AssID16","Erisin","plt02","qpcrrundate20220502",30000,"Erisin","std3E4",25.37,"std3E4",NA,NA,NA,NA,NA,NA,NA,NA,NA,NA,NA,NA,NA,NA,NA,NA,NA,NA,NA,NA,NA,NA,NA,NA,NA,NA,NA,NA,NA,NA,NA,NA,NA,30000,30000,5,7,41,1
"195","B03",2,"std3E4","3uL","QtyorID","Standard",2,0.0308,"25.23","3.00e+004",0.994,-3.534,"qpcr936","MONIS6","AssID16","Erisin","plt02","qpcrrundate20220502",30000,"Erisin","std3E4",25.23,"std3E4",NA,NA,NA,NA,NA,NA,NA,NA,NA,NA,NA,NA,NA,NA,NA,NA,NA,NA,NA,NA,NA,NA,NA,NA,NA,NA,NA,NA,NA,NA,NA,NA,NA,30000,30000,5,7,41,1
"196","C01",3,"std3E3","3uL","QtyorID","Standard",3,0.0308,"28.67","3.00e+003",0.994,-3.534,"qpcr936","MONIS6","AssID16","Erisin","plt02","qpcrrundate20220502",3000,"Erisin","std3E3",28.67,"std3E3",NA,NA,NA,NA,NA,NA,NA,NA,NA,NA,NA,NA,NA,NA,NA,NA,NA,NA,NA,NA,NA,NA,NA,NA,NA,NA,NA,NA,NA,NA,NA,NA,NA,3000,3000,4,7,40,1
"197","C02",3,"std3E3","3uL","QtyorID","Standard",3,0.0308,"28.57","3.00e+003",0.994,-3.534,"qpcr936","MONIS6","AssID16","Erisin","plt02","qpcrrundate20220502",3000,"Erisin","std3E3",28.57,"std3E3",NA,NA,NA,NA,NA,NA,NA,NA,NA,NA,NA,NA,NA,NA,NA,NA,NA,NA,NA,NA,NA,NA,NA,NA,NA,NA,NA,NA,NA,NA,NA,NA,NA,3000,3000,4,7,40,1
"198","C03",3,"std3E3","3uL","QtyorID","Standard",3,0.0308,"28.52","3.00e+003",0.994,-3.534,"qpcr936","MONIS6","AssID16","Erisin","plt02","qpcrrundate20220502",3000,"Erisin","std3E3",28.52,"std3E3",NA,NA,NA,NA,NA,NA,NA,NA,NA,NA,NA,NA,NA,NA,NA,NA,NA,NA,NA,NA,NA,NA,NA,NA,NA,NA,NA,NA,NA,NA,NA,NA,NA,3000,3000,4,7,40,1
"199","D01",4,"std3E2","3uL","QtyorID","Standard",4,0.0308,"32.19","3.00e+002",0.994,-3.534,"qpcr936","MONIS6","AssID16","Erisin","plt02","qpcrrundate20220502",300,"Erisin","std3E2",32.19,"std3E2",NA,NA,NA,NA,NA,NA,NA,NA,NA,NA,NA,NA,NA,NA,NA,NA,NA,NA,NA,NA,NA,NA,NA,NA,NA,NA,NA,NA,NA,NA,NA,NA,NA,300,300,3,7,39,1
"200","D02",4,"std3E2","3uL","QtyorID","Standard",4,0.0308,"31.81","3.00e+002",0.994,-3.534,"qpcr936","MONIS6","AssID16","Erisin","plt02","qpcrrundate20220502",300,"Erisin","std3E2",31.81,"std3E2",NA,NA,NA,NA,NA,NA,NA,NA,NA,NA,NA,NA,NA,NA,NA,NA,NA,NA,NA,NA,NA,NA,NA,NA,NA,NA,NA,NA,NA,NA,NA,NA,NA,300,300,3,7,39,1
"201","D03",4,"std3E2","3uL","QtyorID","Standard",4,0.0308,"32.00","3.00e+002",0.994,-3.534,"qpcr936","MONIS6","AssID16","Erisin","plt02","qpcrrundate20220502",300,"Erisin","std3E2",32,"std3E2",NA,NA,NA,NA,NA,NA,NA,NA,NA,NA,NA,NA,NA,NA,NA,NA,NA,NA,NA,NA,NA,NA,NA,NA,NA,NA,NA,NA,NA,NA,NA,NA,NA,300,300,3,7,39,1
"202","E01",5,"std3E1","3uL","QtyorID","Standard",5,0.0308,"35.30","3.00e+001",0.994,-3.534,"qpcr936","MONIS6","AssID16","Erisin","plt02","qpcrrundate20220502",30,"Erisin","std3E1",35.3,"std3E1",NA,NA,NA,NA,NA,NA,NA,NA,NA,NA,NA,NA,NA,NA,NA,NA,NA,NA,NA,NA,NA,NA,NA,NA,NA,NA,NA,NA,NA,NA,NA,NA,NA,30,30,2,7,38,1
"203","E02",5,"std3E1","3uL","QtyorID","Standard",5,0.0308,"36.34","3.00e+001",0.994,-3.534,"qpcr936","MONIS6","AssID16","Erisin","plt02","qpcrrundate20220502",30,"Erisin","std3E1",36.34,"std3E1",NA,NA,NA,NA,NA,NA,NA,NA,NA,NA,NA,NA,NA,NA,NA,NA,NA,NA,NA,NA,NA,NA,NA,NA,NA,NA,NA,NA,NA,NA,NA,NA,NA,30,30,2,7,38,1
"204","E03",5,"std3E1","3uL","QtyorID","Standard",5,0.0308,"36.11","3.00e+001",0.994,-3.534,"qpcr936","MONIS6","AssID16","Erisin","plt02","qpcrrundate20220502",30,"Erisin","std3E1",36.11,"std3E1",NA,NA,NA,NA,NA,NA,NA,NA,NA,NA,NA,NA,NA,NA,NA,NA,NA,NA,NA,NA,NA,NA,NA,NA,NA,NA,NA,NA,NA,NA,NA,NA,NA,30,30,2,7,38,1
"205","F01",6,"std3E0","3uL","QtyorID","Standard",6,0.0308,"NoCt","NoCt",0.994,-3.534,"qpcr936","MONIS6","AssID16","Erisin","plt02","qpcrrundate20220502",0,"Erisin","std3E0",0,"std3E0",NA,NA,NA,NA,NA,NA,NA,NA,NA,NA,NA,NA,NA,NA,NA,NA,NA,NA,NA,NA,NA,NA,NA,NA,NA,NA,NA,NA,NA,NA,NA,NA,NA,3,3,1,7,37,0
"206","F02",6,"std3E0","3uL","QtyorID","Standard",6,0.0308,"39.56","3.00e+000",0.994,-3.534,"qpcr936","MONIS6","AssID16","Erisin","plt02","qpcrrundate20220502",3,"Erisin","std3E0",39.56,"std3E0",NA,NA,NA,NA,NA,NA,NA,NA,NA,NA,NA,NA,NA,NA,NA,NA,NA,NA,NA,NA,NA,NA,NA,NA,NA,NA,NA,NA,NA,NA,NA,NA,NA,3,3,1,7,37,1
"207","F03",6,"std3E0","3uL","QtyorID","Standard",6,0.0308,"37.80","3.00e+000",0.994,-3.534,"qpcr936","MONIS6","AssID16","Erisin","plt02","qpcrrundate20220502",3,"Erisin","std3E0",37.8,"std3E0",NA,NA,NA,NA,NA,NA,NA,NA,NA,NA,NA,NA,NA,NA,NA,NA,NA,NA,NA,NA,NA,NA,NA,NA,NA,NA,NA,NA,NA,NA,NA,NA,NA,3,3,1,7,37,1
"208","G01",7,"std3E-1","3uL","QtyorID","Standard",7,0.0308,"NoCt","NoCt",0.994,-3.534,"qpcr936","MONIS6","AssID16","Erisin","plt02","qpcrrundate20220502",0,"Erisin","std3E-1",0,"std3E1",NA,NA,NA,NA,NA,NA,NA,NA,NA,NA,NA,NA,NA,NA,NA,NA,NA,NA,NA,NA,NA,NA,NA,NA,NA,NA,NA,NA,NA,NA,NA,NA,NA,0.3,0.3,2,7,38,0
"209","G02",7,"std3E-1","3uL","QtyorID","Standard",7,0.0308,"NoCt","NoCt",0.994,-3.534,"qpcr936","MONIS6","AssID16","Erisin","plt02","qpcrrundate20220502",0,"Erisin","std3E-1",0,"std3E1",NA,NA,NA,NA,NA,NA,NA,NA,NA,NA,NA,NA,NA,NA,NA,NA,NA,NA,NA,NA,NA,NA,NA,NA,NA,NA,NA,NA,NA,NA,NA,NA,NA,0.3,0.3,2,7,38,0
"210","G03",7,"std3E-1","3uL","QtyorID","Standard",7,0.0308,"NoCt","NoCt",0.994,-3.534,"qpcr936","MONIS6","AssID16","Erisin","plt02","qpcrrundate20220502",0,"Erisin","std3E-1",0,"std3E1",NA,NA,NA,NA,NA,NA,NA,NA,NA,NA,NA,NA,NA,NA,NA,NA,NA,NA,NA,NA,NA,NA,NA,NA,NA,NA,NA,NA,NA,NA,NA,NA,NA,0.3,0.3,2,7,38,0
"211","A01",1,"std3E4","3uL","QtyorID","Standard",1,0.0446,"22.28","3.00e+004",0.98,-3.268,"qpcr940","MONIS6","AssID13","Myaare","plt01","qpcrrundate20220511",30000,"Myaare","std3E4",22.28,"std3E4",NA,NA,NA,NA,NA,NA,NA,NA,NA,NA,NA,NA,NA,NA,NA,NA,NA,NA,NA,NA,NA,NA,NA,NA,NA,NA,NA,NA,NA,NA,NA,NA,NA,30000,30000,5,13,77,1
"212","A02",1,"std3E4","3uL","QtyorID","Standard",1,0.0446,"22.47","3.00e+004",0.98,-3.268,"qpcr940","MONIS6","AssID13","Myaare","plt01","qpcrrundate20220511",30000,"Myaare","std3E4",22.47,"std3E4",NA,NA,NA,NA,NA,NA,NA,NA,NA,NA,NA,NA,NA,NA,NA,NA,NA,NA,NA,NA,NA,NA,NA,NA,NA,NA,NA,NA,NA,NA,NA,NA,NA,30000,30000,5,13,77,1
"213","A03",1,"std3E4","3uL","QtyorID","Standard",1,0.0446,"22.30","3.00e+004",0.98,-3.268,"qpcr940","MONIS6","AssID13","Myaare","plt01","qpcrrundate20220511",30000,"Myaare","std3E4",22.3,"std3E4",NA,NA,NA,NA,NA,NA,NA,NA,NA,NA,NA,NA,NA,NA,NA,NA,NA,NA,NA,NA,NA,NA,NA,NA,NA,NA,NA,NA,NA,NA,NA,NA,NA,30000,30000,5,13,77,1
"214","B01",2,"std3E3","3uL","QtyorID","Standard",2,0.0446,"25.89","3.00e+003",0.98,-3.268,"qpcr940","MONIS6","AssID13","Myaare","plt01","qpcrrundate20220511",3000,"Myaare","std3E3",25.89,"std3E3",NA,NA,NA,NA,NA,NA,NA,NA,NA,NA,NA,NA,NA,NA,NA,NA,NA,NA,NA,NA,NA,NA,NA,NA,NA,NA,NA,NA,NA,NA,NA,NA,NA,3000,3000,4,13,76,1
"215","B02",2,"std3E3","3uL","QtyorID","Standard",2,0.0446,"25.68","3.00e+003",0.98,-3.268,"qpcr940","MONIS6","AssID13","Myaare","plt01","qpcrrundate20220511",3000,"Myaare","std3E3",25.68,"std3E3",NA,NA,NA,NA,NA,NA,NA,NA,NA,NA,NA,NA,NA,NA,NA,NA,NA,NA,NA,NA,NA,NA,NA,NA,NA,NA,NA,NA,NA,NA,NA,NA,NA,3000,3000,4,13,76,1
"216","B03",2,"std3E3","3uL","QtyorID","Standard",2,0.0446,"25.46","3.00e+003",0.98,-3.268,"qpcr940","MONIS6","AssID13","Myaare","plt01","qpcrrundate20220511",3000,"Myaare","std3E3",25.46,"std3E3",NA,NA,NA,NA,NA,NA,NA,NA,NA,NA,NA,NA,NA,NA,NA,NA,NA,NA,NA,NA,NA,NA,NA,NA,NA,NA,NA,NA,NA,NA,NA,NA,NA,3000,3000,4,13,76,1
"217","C01",3,"std3E2","3uL","QtyorID","Standard",3,0.0446,"28.88","3.00e+002",0.98,-3.268,"qpcr940","MONIS6","AssID13","Myaare","plt01","qpcrrundate20220511",300,"Myaare","std3E2",28.88,"std3E2",NA,NA,NA,NA,NA,NA,NA,NA,NA,NA,NA,NA,NA,NA,NA,NA,NA,NA,NA,NA,NA,NA,NA,NA,NA,NA,NA,NA,NA,NA,NA,NA,NA,300,300,3,13,75,1
"218","C02",3,"std3E2","3uL","QtyorID","Standard",3,0.0446,"29.14","3.00e+002",0.98,-3.268,"qpcr940","MONIS6","AssID13","Myaare","plt01","qpcrrundate20220511",300,"Myaare","std3E2",29.14,"std3E2",NA,NA,NA,NA,NA,NA,NA,NA,NA,NA,NA,NA,NA,NA,NA,NA,NA,NA,NA,NA,NA,NA,NA,NA,NA,NA,NA,NA,NA,NA,NA,NA,NA,300,300,3,13,75,1
"219","C03",3,"std3E2","3uL","QtyorID","Standard",3,0.0446,"29.28","3.00e+002",0.98,-3.268,"qpcr940","MONIS6","AssID13","Myaare","plt01","qpcrrundate20220511",300,"Myaare","std3E2",29.28,"std3E2",NA,NA,NA,NA,NA,NA,NA,NA,NA,NA,NA,NA,NA,NA,NA,NA,NA,NA,NA,NA,NA,NA,NA,NA,NA,NA,NA,NA,NA,NA,NA,NA,NA,300,300,3,13,75,1
"220","D01",4,"std3E1","3uL","QtyorID","Standard",4,0.0446,"32.50","3.00e+001",0.98,-3.268,"qpcr940","MONIS6","AssID13","Myaare","plt01","qpcrrundate20220511",30,"Myaare","std3E1",32.5,"std3E1",NA,NA,NA,NA,NA,NA,NA,NA,NA,NA,NA,NA,NA,NA,NA,NA,NA,NA,NA,NA,NA,NA,NA,NA,NA,NA,NA,NA,NA,NA,NA,NA,NA,30,30,2,13,74,1
"221","D02",4,"std3E1","3uL","QtyorID","Standard",4,0.0446,"32.11","3.00e+001",0.98,-3.268,"qpcr940","MONIS6","AssID13","Myaare","plt01","qpcrrundate20220511",30,"Myaare","std3E1",32.11,"std3E1",NA,NA,NA,NA,NA,NA,NA,NA,NA,NA,NA,NA,NA,NA,NA,NA,NA,NA,NA,NA,NA,NA,NA,NA,NA,NA,NA,NA,NA,NA,NA,NA,NA,30,30,2,13,74,1
"222","D03",4,"std3E1","3uL","QtyorID","Standard",4,0.0446,"32.14","3.00e+001",0.98,-3.268,"qpcr940","MONIS6","AssID13","Myaare","plt01","qpcrrundate20220511",30,"Myaare","std3E1",32.14,"std3E1",NA,NA,NA,NA,NA,NA,NA,NA,NA,NA,NA,NA,NA,NA,NA,NA,NA,NA,NA,NA,NA,NA,NA,NA,NA,NA,NA,NA,NA,NA,NA,NA,NA,30,30,2,13,74,1
"223","E01",5,"std3E0","3uL","QtyorID","Standard",5,0.0446,"37.03","3.00e+000",0.98,-3.268,"qpcr940","MONIS6","AssID13","Myaare","plt01","qpcrrundate20220511",3,"Myaare","std3E0",37.03,"std3E0",NA,NA,NA,NA,NA,NA,NA,NA,NA,NA,NA,NA,NA,NA,NA,NA,NA,NA,NA,NA,NA,NA,NA,NA,NA,NA,NA,NA,NA,NA,NA,NA,NA,3,3,1,13,73,1
"224","E02",5,"std3E0","3uL","QtyorID","Standard",5,0.0446,"36.84","3.00e+000",0.98,-3.268,"qpcr940","MONIS6","AssID13","Myaare","plt01","qpcrrundate20220511",3,"Myaare","std3E0",36.84,"std3E0",NA,NA,NA,NA,NA,NA,NA,NA,NA,NA,NA,NA,NA,NA,NA,NA,NA,NA,NA,NA,NA,NA,NA,NA,NA,NA,NA,NA,NA,NA,NA,NA,NA,3,3,1,13,73,1
"225","E03",5,"std3E0","3uL","QtyorID","Standard",5,0.0446,"35.42","3.00e+000",0.98,-3.268,"qpcr940","MONIS6","AssID13","Myaare","plt01","qpcrrundate20220511",3,"Myaare","std3E0",35.42,"std3E0",NA,NA,NA,NA,NA,NA,NA,NA,NA,NA,NA,NA,NA,NA,NA,NA,NA,NA,NA,NA,NA,NA,NA,NA,NA,NA,NA,NA,NA,NA,NA,NA,NA,3,3,1,13,73,1
"226","F01",6,"std3E-1","3uL","QtyorID","Standard",6,0.0446,"NoCt","NoCt",0.98,-3.268,"qpcr940","MONIS6","AssID13","Myaare","plt01","qpcrrundate20220511",0,"Myaare","std3E-1",0,"std3E1",NA,NA,NA,NA,NA,NA,NA,NA,NA,NA,NA,NA,NA,NA,NA,NA,NA,NA,NA,NA,NA,NA,NA,NA,NA,NA,NA,NA,NA,NA,NA,NA,NA,0.3,0.3,2,13,74,0
"227","F02",6,"std3E-1","3uL","QtyorID","Standard",6,0.0446,"36.77","3.00e-001",0.98,-3.268,"qpcr940","MONIS6","AssID13","Myaare","plt01","qpcrrundate20220511",0.3,"Myaare","std3E-1",36.77,"std3E1",NA,NA,NA,NA,NA,NA,NA,NA,NA,NA,NA,NA,NA,NA,NA,NA,NA,NA,NA,NA,NA,NA,NA,NA,NA,NA,NA,NA,NA,NA,NA,NA,NA,0.3,0.3,2,13,74,1
"228","F03",6,"std3E-1","3uL","QtyorID","Standard",6,0.0446,"NoCt","NoCt",0.98,-3.268,"qpcr940","MONIS6","AssID13","Myaare","plt01","qpcrrundate20220511",0,"Myaare","std3E-1",0,"std3E1",NA,NA,NA,NA,NA,NA,NA,NA,NA,NA,NA,NA,NA,NA,NA,NA,NA,NA,NA,NA,NA,NA,NA,NA,NA,NA,NA,NA,NA,NA,NA,NA,NA,0.3,0.3,2,13,74,0
"229","G01",7,"std3E-2","3uL","QtyorID","Standard",7,0.0446,"NoCt","NoCt",0.98,-3.268,"qpcr940","MONIS6","AssID13","Myaare","plt01","qpcrrundate20220511",0,"Myaare","std3E-2",0,"std3E2",NA,NA,NA,NA,NA,NA,NA,NA,NA,NA,NA,NA,NA,NA,NA,NA,NA,NA,NA,NA,NA,NA,NA,NA,NA,NA,NA,NA,NA,NA,NA,NA,NA,0.03,0.03,3,13,75,0
"230","G02",7,"std3E-2","3uL","QtyorID","Standard",7,0.0446,"NoCt","NoCt",0.98,-3.268,"qpcr940","MONIS6","AssID13","Myaare","plt01","qpcrrundate20220511",0,"Myaare","std3E-2",0,"std3E2",NA,NA,NA,NA,NA,NA,NA,NA,NA,NA,NA,NA,NA,NA,NA,NA,NA,NA,NA,NA,NA,NA,NA,NA,NA,NA,NA,NA,NA,NA,NA,NA,NA,0.03,0.03,3,13,75,0
"231","G03",7,"std3E-2","3uL","QtyorID","Standard",7,0.0446,"NoCt","NoCt",0.98,-3.268,"qpcr940","MONIS6","AssID13","Myaare","plt01","qpcrrundate20220511",0,"Myaare","std3E-2",0,"std3E2",NA,NA,NA,NA,NA,NA,NA,NA,NA,NA,NA,NA,NA,NA,NA,NA,NA,NA,NA,NA,NA,NA,NA,NA,NA,NA,NA,NA,NA,NA,NA,NA,NA,0.03,0.03,3,13,75,0
"232","A01",1,"std3E4","3uL","QtyorID","Standard",1,0.0662,"22.93","3.00e+004",0.997,-3.418,"qpcr941","MONIS6","AssID13","Myaare","plt02","qpcrrundate20220511",30000,"Myaare","std3E4",22.93,"std3E4",NA,NA,NA,NA,NA,NA,NA,NA,NA,NA,NA,NA,NA,NA,NA,NA,NA,NA,NA,NA,NA,NA,NA,NA,NA,NA,NA,NA,NA,NA,NA,NA,NA,30000,30000,5,13,77,1
"233","A02",1,"std3E4","3uL","QtyorID","Standard",1,0.0662,"22.91","3.00e+004",0.997,-3.418,"qpcr941","MONIS6","AssID13","Myaare","plt02","qpcrrundate20220511",30000,"Myaare","std3E4",22.91,"std3E4",NA,NA,NA,NA,NA,NA,NA,NA,NA,NA,NA,NA,NA,NA,NA,NA,NA,NA,NA,NA,NA,NA,NA,NA,NA,NA,NA,NA,NA,NA,NA,NA,NA,30000,30000,5,13,77,1
"234","A03",1,"std3E4","3uL","QtyorID","Standard",1,0.0662,"22.89","3.00e+004",0.997,-3.418,"qpcr941","MONIS6","AssID13","Myaare","plt02","qpcrrundate20220511",30000,"Myaare","std3E4",22.89,"std3E4",NA,NA,NA,NA,NA,NA,NA,NA,NA,NA,NA,NA,NA,NA,NA,NA,NA,NA,NA,NA,NA,NA,NA,NA,NA,NA,NA,NA,NA,NA,NA,NA,NA,30000,30000,5,13,77,1
"235","B01",2,"std3E3","3uL","QtyorID","Standard",2,0.0662,"26.39","3.00e+003",0.997,-3.418,"qpcr941","MONIS6","AssID13","Myaare","plt02","qpcrrundate20220511",3000,"Myaare","std3E3",26.39,"std3E3",NA,NA,NA,NA,NA,NA,NA,NA,NA,NA,NA,NA,NA,NA,NA,NA,NA,NA,NA,NA,NA,NA,NA,NA,NA,NA,NA,NA,NA,NA,NA,NA,NA,3000,3000,4,13,76,1
"236","B02",2,"std3E3","3uL","QtyorID","Standard",2,0.0662,"26.23","3.00e+003",0.997,-3.418,"qpcr941","MONIS6","AssID13","Myaare","plt02","qpcrrundate20220511",3000,"Myaare","std3E3",26.23,"std3E3",NA,NA,NA,NA,NA,NA,NA,NA,NA,NA,NA,NA,NA,NA,NA,NA,NA,NA,NA,NA,NA,NA,NA,NA,NA,NA,NA,NA,NA,NA,NA,NA,NA,3000,3000,4,13,76,1
"237","B03",2,"std3E3","3uL","QtyorID","Standard",2,0.0662,"26.38","3.00e+003",0.997,-3.418,"qpcr941","MONIS6","AssID13","Myaare","plt02","qpcrrundate20220511",3000,"Myaare","std3E3",26.38,"std3E3",NA,NA,NA,NA,NA,NA,NA,NA,NA,NA,NA,NA,NA,NA,NA,NA,NA,NA,NA,NA,NA,NA,NA,NA,NA,NA,NA,NA,NA,NA,NA,NA,NA,3000,3000,4,13,76,1
"238","C01",3,"std3E2","3uL","QtyorID","Standard",3,0.0662,"29.49","3.00e+002",0.997,-3.418,"qpcr941","MONIS6","AssID13","Myaare","plt02","qpcrrundate20220511",300,"Myaare","std3E2",29.49,"std3E2",NA,NA,NA,NA,NA,NA,NA,NA,NA,NA,NA,NA,NA,NA,NA,NA,NA,NA,NA,NA,NA,NA,NA,NA,NA,NA,NA,NA,NA,NA,NA,NA,NA,300,300,3,13,75,1
"239","C02",3,"std3E2","3uL","QtyorID","Standard",3,0.0662,"29.63","3.00e+002",0.997,-3.418,"qpcr941","MONIS6","AssID13","Myaare","plt02","qpcrrundate20220511",300,"Myaare","std3E2",29.63,"std3E2",NA,NA,NA,NA,NA,NA,NA,NA,NA,NA,NA,NA,NA,NA,NA,NA,NA,NA,NA,NA,NA,NA,NA,NA,NA,NA,NA,NA,NA,NA,NA,NA,NA,300,300,3,13,75,1
"240","C03",3,"std3E2","3uL","QtyorID","Standard",3,0.0662,"29.71","3.00e+002",0.997,-3.418,"qpcr941","MONIS6","AssID13","Myaare","plt02","qpcrrundate20220511",300,"Myaare","std3E2",29.71,"std3E2",NA,NA,NA,NA,NA,NA,NA,NA,NA,NA,NA,NA,NA,NA,NA,NA,NA,NA,NA,NA,NA,NA,NA,NA,NA,NA,NA,NA,NA,NA,NA,NA,NA,300,300,3,13,75,1
"241","D01",4,"std3E1","3uL","QtyorID","Standard",4,0.0662,"33.31","3.00e+001",0.997,-3.418,"qpcr941","MONIS6","AssID13","Myaare","plt02","qpcrrundate20220511",30,"Myaare","std3E1",33.31,"std3E1",NA,NA,NA,NA,NA,NA,NA,NA,NA,NA,NA,NA,NA,NA,NA,NA,NA,NA,NA,NA,NA,NA,NA,NA,NA,NA,NA,NA,NA,NA,NA,NA,NA,30,30,2,13,74,1
"242","D02",4,"std3E1","3uL","QtyorID","Standard",4,0.0662,"33.16","3.00e+001",0.997,-3.418,"qpcr941","MONIS6","AssID13","Myaare","plt02","qpcrrundate20220511",30,"Myaare","std3E1",33.16,"std3E1",NA,NA,NA,NA,NA,NA,NA,NA,NA,NA,NA,NA,NA,NA,NA,NA,NA,NA,NA,NA,NA,NA,NA,NA,NA,NA,NA,NA,NA,NA,NA,NA,NA,30,30,2,13,74,1
"243","D03",4,"std3E1","3uL","QtyorID","Standard",4,0.0662,"33.63","3.00e+001",0.997,-3.418,"qpcr941","MONIS6","AssID13","Myaare","plt02","qpcrrundate20220511",30,"Myaare","std3E1",33.63,"std3E1",NA,NA,NA,NA,NA,NA,NA,NA,NA,NA,NA,NA,NA,NA,NA,NA,NA,NA,NA,NA,NA,NA,NA,NA,NA,NA,NA,NA,NA,NA,NA,NA,NA,30,30,2,13,74,1
"244","E01",5,"std3E0","3uL","QtyorID","Standard",5,0.0662,"36.98","3.00e+000",0.997,-3.418,"qpcr941","MONIS6","AssID13","Myaare","plt02","qpcrrundate20220511",3,"Myaare","std3E0",36.98,"std3E0",NA,NA,NA,NA,NA,NA,NA,NA,NA,NA,NA,NA,NA,NA,NA,NA,NA,NA,NA,NA,NA,NA,NA,NA,NA,NA,NA,NA,NA,NA,NA,NA,NA,3,3,1,13,73,1
"245","E02",5,"std3E0","3uL","QtyorID","Standard",5,0.0662,"36.53","3.00e+000",0.997,-3.418,"qpcr941","MONIS6","AssID13","Myaare","plt02","qpcrrundate20220511",3,"Myaare","std3E0",36.53,"std3E0",NA,NA,NA,NA,NA,NA,NA,NA,NA,NA,NA,NA,NA,NA,NA,NA,NA,NA,NA,NA,NA,NA,NA,NA,NA,NA,NA,NA,NA,NA,NA,NA,NA,3,3,1,13,73,1
"246","E03",5,"std3E0","3uL","QtyorID","Standard",5,0.0662,"35.95","3.00e+000",0.997,-3.418,"qpcr941","MONIS6","AssID13","Myaare","plt02","qpcrrundate20220511",3,"Myaare","std3E0",35.95,"std3E0",NA,NA,NA,NA,NA,NA,NA,NA,NA,NA,NA,NA,NA,NA,NA,NA,NA,NA,NA,NA,NA,NA,NA,NA,NA,NA,NA,NA,NA,NA,NA,NA,NA,3,3,1,13,73,1
"247","F01",6,"std3E-1","3uL","QtyorID","Standard",6,0.0662,"NoCt","NoCt",0.997,-3.418,"qpcr941","MONIS6","AssID13","Myaare","plt02","qpcrrundate20220511",0,"Myaare","std3E-1",0,"std3E1",NA,NA,NA,NA,NA,NA,NA,NA,NA,NA,NA,NA,NA,NA,NA,NA,NA,NA,NA,NA,NA,NA,NA,NA,NA,NA,NA,NA,NA,NA,NA,NA,NA,0.3,0.3,2,13,74,0
"248","F02",6,"std3E-1","3uL","QtyorID","Standard",6,0.0662,"NoCt","NoCt",0.997,-3.418,"qpcr941","MONIS6","AssID13","Myaare","plt02","qpcrrundate20220511",0,"Myaare","std3E-1",0,"std3E1",NA,NA,NA,NA,NA,NA,NA,NA,NA,NA,NA,NA,NA,NA,NA,NA,NA,NA,NA,NA,NA,NA,NA,NA,NA,NA,NA,NA,NA,NA,NA,NA,NA,0.3,0.3,2,13,74,0
"249","F03",6,"std3E-1","3uL","QtyorID","Standard",6,0.0662,"NoCt","NoCt",0.997,-3.418,"qpcr941","MONIS6","AssID13","Myaare","plt02","qpcrrundate20220511",0,"Myaare","std3E-1",0,"std3E1",NA,NA,NA,NA,NA,NA,NA,NA,NA,NA,NA,NA,NA,NA,NA,NA,NA,NA,NA,NA,NA,NA,NA,NA,NA,NA,NA,NA,NA,NA,NA,NA,NA,0.3,0.3,2,13,74,0
"250","G01",7,"std3E-2","3uL","QtyorID","Standard",7,0.0662,"NoCt","NoCt",0.997,-3.418,"qpcr941","MONIS6","AssID13","Myaare","plt02","qpcrrundate20220511",0,"Myaare","std3E-2",0,"std3E2",NA,NA,NA,NA,NA,NA,NA,NA,NA,NA,NA,NA,NA,NA,NA,NA,NA,NA,NA,NA,NA,NA,NA,NA,NA,NA,NA,NA,NA,NA,NA,NA,NA,0.03,0.03,3,13,75,0
"251","G02",7,"std3E-2","3uL","QtyorID","Standard",7,0.0662,"NoCt","NoCt",0.997,-3.418,"qpcr941","MONIS6","AssID13","Myaare","plt02","qpcrrundate20220511",0,"Myaare","std3E-2",0,"std3E2",NA,NA,NA,NA,NA,NA,NA,NA,NA,NA,NA,NA,NA,NA,NA,NA,NA,NA,NA,NA,NA,NA,NA,NA,NA,NA,NA,NA,NA,NA,NA,NA,NA,0.03,0.03,3,13,75,0
"252","G03",7,"std3E-2","3uL","QtyorID","Standard",7,0.0662,"NoCt","NoCt",0.997,-3.418,"qpcr941","MONIS6","AssID13","Myaare","plt02","qpcrrundate20220511",0,"Myaare","std3E-2",0,"std3E2",NA,NA,NA,NA,NA,NA,NA,NA,NA,NA,NA,NA,NA,NA,NA,NA,NA,NA,NA,NA,NA,NA,NA,NA,NA,NA,NA,NA,NA,NA,NA,NA,NA,0.03,0.03,3,13,75,0
"253","A01",1,"std3E5","3uL","QtyorID","Standard",1,0.0769,"21.24","3.00e+005",0.991,-3.371,"qpcr942","MONIS6","AssID01","Bonham","plt01","qpcrrundate20220511",3e+05,"Bonham","std3E5",21.24,"std3E5",NA,NA,NA,NA,NA,NA,NA,NA,NA,NA,NA,NA,NA,NA,NA,NA,NA,NA,NA,NA,NA,NA,NA,NA,NA,NA,NA,NA,NA,NA,NA,NA,NA,3e+05,3e+05,6,1,6,1
"254","A02",1,"std3E5","3uL","QtyorID","Standard",1,0.0769,"21.19","3.00e+005",0.991,-3.371,"qpcr942","MONIS6","AssID01","Bonham","plt01","qpcrrundate20220511",3e+05,"Bonham","std3E5",21.19,"std3E5",NA,NA,NA,NA,NA,NA,NA,NA,NA,NA,NA,NA,NA,NA,NA,NA,NA,NA,NA,NA,NA,NA,NA,NA,NA,NA,NA,NA,NA,NA,NA,NA,NA,3e+05,3e+05,6,1,6,1
"255","A03",1,"std3E5","3uL","QtyorID","Standard",1,0.0769,"21.31","3.00e+005",0.991,-3.371,"qpcr942","MONIS6","AssID01","Bonham","plt01","qpcrrundate20220511",3e+05,"Bonham","std3E5",21.31,"std3E5",NA,NA,NA,NA,NA,NA,NA,NA,NA,NA,NA,NA,NA,NA,NA,NA,NA,NA,NA,NA,NA,NA,NA,NA,NA,NA,NA,NA,NA,NA,NA,NA,NA,3e+05,3e+05,6,1,6,1
"256","B01",2,"std3E4","3uL","QtyorID","Standard",2,0.0769,"24.90","3.00e+004",0.991,-3.371,"qpcr942","MONIS6","AssID01","Bonham","plt01","qpcrrundate20220511",30000,"Bonham","std3E4",24.9,"std3E4",NA,NA,NA,NA,NA,NA,NA,NA,NA,NA,NA,NA,NA,NA,NA,NA,NA,NA,NA,NA,NA,NA,NA,NA,NA,NA,NA,NA,NA,NA,NA,NA,NA,30000,30000,5,1,5,1
"257","B02",2,"std3E4","3uL","QtyorID","Standard",2,0.0769,"24.99","3.00e+004",0.991,-3.371,"qpcr942","MONIS6","AssID01","Bonham","plt01","qpcrrundate20220511",30000,"Bonham","std3E4",24.99,"std3E4",NA,NA,NA,NA,NA,NA,NA,NA,NA,NA,NA,NA,NA,NA,NA,NA,NA,NA,NA,NA,NA,NA,NA,NA,NA,NA,NA,NA,NA,NA,NA,NA,NA,30000,30000,5,1,5,1
"258","B03",2,"std3E4","3uL","QtyorID","Standard",2,0.0769,"24.91","3.00e+004",0.991,-3.371,"qpcr942","MONIS6","AssID01","Bonham","plt01","qpcrrundate20220511",30000,"Bonham","std3E4",24.91,"std3E4",NA,NA,NA,NA,NA,NA,NA,NA,NA,NA,NA,NA,NA,NA,NA,NA,NA,NA,NA,NA,NA,NA,NA,NA,NA,NA,NA,NA,NA,NA,NA,NA,NA,30000,30000,5,1,5,1
"259","C01",3,"std3E3","3uL","QtyorID","Standard",3,0.0769,"28.21","3.00e+003",0.991,-3.371,"qpcr942","MONIS6","AssID01","Bonham","plt01","qpcrrundate20220511",3000,"Bonham","std3E3",28.21,"std3E3",NA,NA,NA,NA,NA,NA,NA,NA,NA,NA,NA,NA,NA,NA,NA,NA,NA,NA,NA,NA,NA,NA,NA,NA,NA,NA,NA,NA,NA,NA,NA,NA,NA,3000,3000,4,1,4,1
"260","C02",3,"std3E3","3uL","QtyorID","Standard",3,0.0769,"28.22","3.00e+003",0.991,-3.371,"qpcr942","MONIS6","AssID01","Bonham","plt01","qpcrrundate20220511",3000,"Bonham","std3E3",28.22,"std3E3",NA,NA,NA,NA,NA,NA,NA,NA,NA,NA,NA,NA,NA,NA,NA,NA,NA,NA,NA,NA,NA,NA,NA,NA,NA,NA,NA,NA,NA,NA,NA,NA,NA,3000,3000,4,1,4,1
"261","C03",3,"std3E3","3uL","QtyorID","Standard",3,0.0769,"28.41","3.00e+003",0.991,-3.371,"qpcr942","MONIS6","AssID01","Bonham","plt01","qpcrrundate20220511",3000,"Bonham","std3E3",28.41,"std3E3",NA,NA,NA,NA,NA,NA,NA,NA,NA,NA,NA,NA,NA,NA,NA,NA,NA,NA,NA,NA,NA,NA,NA,NA,NA,NA,NA,NA,NA,NA,NA,NA,NA,3000,3000,4,1,4,1
"262","D01",4,"std3E2","3uL","QtyorID","Standard",4,0.0769,"31.84","3.00e+002",0.991,-3.371,"qpcr942","MONIS6","AssID01","Bonham","plt01","qpcrrundate20220511",300,"Bonham","std3E2",31.84,"std3E2",NA,NA,NA,NA,NA,NA,NA,NA,NA,NA,NA,NA,NA,NA,NA,NA,NA,NA,NA,NA,NA,NA,NA,NA,NA,NA,NA,NA,NA,NA,NA,NA,NA,300,300,3,1,3,1
"263","D02",4,"std3E2","3uL","QtyorID","Standard",4,0.0769,"31.72","3.00e+002",0.991,-3.371,"qpcr942","MONIS6","AssID01","Bonham","plt01","qpcrrundate20220511",300,"Bonham","std3E2",31.72,"std3E2",NA,NA,NA,NA,NA,NA,NA,NA,NA,NA,NA,NA,NA,NA,NA,NA,NA,NA,NA,NA,NA,NA,NA,NA,NA,NA,NA,NA,NA,NA,NA,NA,NA,300,300,3,1,3,1
"264","D03",4,"std3E2","3uL","QtyorID","Standard",4,0.0769,"31.79","3.00e+002",0.991,-3.371,"qpcr942","MONIS6","AssID01","Bonham","plt01","qpcrrundate20220511",300,"Bonham","std3E2",31.79,"std3E2",NA,NA,NA,NA,NA,NA,NA,NA,NA,NA,NA,NA,NA,NA,NA,NA,NA,NA,NA,NA,NA,NA,NA,NA,NA,NA,NA,NA,NA,NA,NA,NA,NA,300,300,3,1,3,1
"265","E01",5,"std3E1","3uL","QtyorID","Standard",5,0.0769,"35.45","3.00e+001",0.991,-3.371,"qpcr942","MONIS6","AssID01","Bonham","plt01","qpcrrundate20220511",30,"Bonham","std3E1",35.45,"std3E1",NA,NA,NA,NA,NA,NA,NA,NA,NA,NA,NA,NA,NA,NA,NA,NA,NA,NA,NA,NA,NA,NA,NA,NA,NA,NA,NA,NA,NA,NA,NA,NA,NA,30,30,2,1,2,1
"266","E02",5,"std3E1","3uL","QtyorID","Standard",5,0.0769,"35.48","3.00e+001",0.991,-3.371,"qpcr942","MONIS6","AssID01","Bonham","plt01","qpcrrundate20220511",30,"Bonham","std3E1",35.48,"std3E1",NA,NA,NA,NA,NA,NA,NA,NA,NA,NA,NA,NA,NA,NA,NA,NA,NA,NA,NA,NA,NA,NA,NA,NA,NA,NA,NA,NA,NA,NA,NA,NA,NA,30,30,2,1,2,1
"267","E03",5,"std3E1","3uL","QtyorID","Standard",5,0.0769,"35.88","3.00e+001",0.991,-3.371,"qpcr942","MONIS6","AssID01","Bonham","plt01","qpcrrundate20220511",30,"Bonham","std3E1",35.88,"std3E1",NA,NA,NA,NA,NA,NA,NA,NA,NA,NA,NA,NA,NA,NA,NA,NA,NA,NA,NA,NA,NA,NA,NA,NA,NA,NA,NA,NA,NA,NA,NA,NA,NA,30,30,2,1,2,1
"268","F01",6,"std3E0","3uL","QtyorID","Standard",6,0.0769,"37.79","3.00e+000",0.991,-3.371,"qpcr942","MONIS6","AssID01","Bonham","plt01","qpcrrundate20220511",3,"Bonham","std3E0",37.79,"std3E0",NA,NA,NA,NA,NA,NA,NA,NA,NA,NA,NA,NA,NA,NA,NA,NA,NA,NA,NA,NA,NA,NA,NA,NA,NA,NA,NA,NA,NA,NA,NA,NA,NA,3,3,1,1,1,1
"269","F02",6,"std3E0","3uL","QtyorID","Standard",6,0.0769,"39.13","3.00e+000",0.991,-3.371,"qpcr942","MONIS6","AssID01","Bonham","plt01","qpcrrundate20220511",3,"Bonham","std3E0",39.13,"std3E0",NA,NA,NA,NA,NA,NA,NA,NA,NA,NA,NA,NA,NA,NA,NA,NA,NA,NA,NA,NA,NA,NA,NA,NA,NA,NA,NA,NA,NA,NA,NA,NA,NA,3,3,1,1,1,1
"270","F03",6,"std3E0","3uL","QtyorID","Standard",6,0.0769,"39.90","3.00e+000",0.991,-3.371,"qpcr942","MONIS6","AssID01","Bonham","plt01","qpcrrundate20220511",3,"Bonham","std3E0",39.9,"std3E0",NA,NA,NA,NA,NA,NA,NA,NA,NA,NA,NA,NA,NA,NA,NA,NA,NA,NA,NA,NA,NA,NA,NA,NA,NA,NA,NA,NA,NA,NA,NA,NA,NA,3,3,1,1,1,1
"271","G01",7,"std3E-1","3uL","QtyorID","Standard",7,0.0769,"40.14","3.00e-001",0.991,-3.371,"qpcr942","MONIS6","AssID01","Bonham","plt01","qpcrrundate20220511",0.3,"Bonham","std3E-1",40.14,"std3E1",NA,NA,NA,NA,NA,NA,NA,NA,NA,NA,NA,NA,NA,NA,NA,NA,NA,NA,NA,NA,NA,NA,NA,NA,NA,NA,NA,NA,NA,NA,NA,NA,NA,0.3,0.3,2,1,2,1
"272","G02",7,"std3E-1","3uL","QtyorID","Standard",7,0.0769,"40.88","3.00e-001",0.991,-3.371,"qpcr942","MONIS6","AssID01","Bonham","plt01","qpcrrundate20220511",0.3,"Bonham","std3E-1",40.88,"std3E1",NA,NA,NA,NA,NA,NA,NA,NA,NA,NA,NA,NA,NA,NA,NA,NA,NA,NA,NA,NA,NA,NA,NA,NA,NA,NA,NA,NA,NA,NA,NA,NA,NA,0.3,0.3,2,1,2,1
"273","G03",7,"std3E-1","3uL","QtyorID","Standard",7,0.0769,"NoCt","NoCt",0.991,-3.371,"qpcr942","MONIS6","AssID01","Bonham","plt01","qpcrrundate20220511",0,"Bonham","std3E-1",0,"std3E1",NA,NA,NA,NA,NA,NA,NA,NA,NA,NA,NA,NA,NA,NA,NA,NA,NA,NA,NA,NA,NA,NA,NA,NA,NA,NA,NA,NA,NA,NA,NA,NA,NA,0.3,0.3,2,1,2,0
"274","A01",1,"std3E5","3uL","QtyorID","Standard",1,0.0781,"20.98","3.00e+005",0.994,-3.585,"qpcr943","MONIS6","AssID01","Bonham","plt02","qpcrrundate20220512",3e+05,"Bonham","std3E5",20.98,"std3E5",NA,NA,NA,NA,NA,NA,NA,NA,NA,NA,NA,NA,NA,NA,NA,NA,NA,NA,NA,NA,NA,NA,NA,NA,NA,NA,NA,NA,NA,NA,NA,NA,NA,3e+05,3e+05,6,1,6,1
"275","A02",1,"std3E5","3uL","QtyorID","Standard",1,0.0781,"21.02","3.00e+005",0.994,-3.585,"qpcr943","MONIS6","AssID01","Bonham","plt02","qpcrrundate20220512",3e+05,"Bonham","std3E5",21.02,"std3E5",NA,NA,NA,NA,NA,NA,NA,NA,NA,NA,NA,NA,NA,NA,NA,NA,NA,NA,NA,NA,NA,NA,NA,NA,NA,NA,NA,NA,NA,NA,NA,NA,NA,3e+05,3e+05,6,1,6,1
"276","A03",1,"std3E5","3uL","QtyorID","Standard",1,0.0781,"21.14","3.00e+005",0.994,-3.585,"qpcr943","MONIS6","AssID01","Bonham","plt02","qpcrrundate20220512",3e+05,"Bonham","std3E5",21.14,"std3E5",NA,NA,NA,NA,NA,NA,NA,NA,NA,NA,NA,NA,NA,NA,NA,NA,NA,NA,NA,NA,NA,NA,NA,NA,NA,NA,NA,NA,NA,NA,NA,NA,NA,3e+05,3e+05,6,1,6,1
"277","B01",2,"std3E4","3uL","QtyorID","Standard",2,0.0781,"25.00","3.00e+004",0.994,-3.585,"qpcr943","MONIS6","AssID01","Bonham","plt02","qpcrrundate20220512",30000,"Bonham","std3E4",25,"std3E4",NA,NA,NA,NA,NA,NA,NA,NA,NA,NA,NA,NA,NA,NA,NA,NA,NA,NA,NA,NA,NA,NA,NA,NA,NA,NA,NA,NA,NA,NA,NA,NA,NA,30000,30000,5,1,5,1
"278","B02",2,"std3E4","3uL","QtyorID","Standard",2,0.0781,"24.85","3.00e+004",0.994,-3.585,"qpcr943","MONIS6","AssID01","Bonham","plt02","qpcrrundate20220512",30000,"Bonham","std3E4",24.85,"std3E4",NA,NA,NA,NA,NA,NA,NA,NA,NA,NA,NA,NA,NA,NA,NA,NA,NA,NA,NA,NA,NA,NA,NA,NA,NA,NA,NA,NA,NA,NA,NA,NA,NA,30000,30000,5,1,5,1
"279","B03",2,"std3E4","3uL","QtyorID","Standard",2,0.0781,"24.77","3.00e+004",0.994,-3.585,"qpcr943","MONIS6","AssID01","Bonham","plt02","qpcrrundate20220512",30000,"Bonham","std3E4",24.77,"std3E4",NA,NA,NA,NA,NA,NA,NA,NA,NA,NA,NA,NA,NA,NA,NA,NA,NA,NA,NA,NA,NA,NA,NA,NA,NA,NA,NA,NA,NA,NA,NA,NA,NA,30000,30000,5,1,5,1
"280","C01",3,"std3E3","3uL","QtyorID","Standard",3,0.0781,"28.43","3.00e+003",0.994,-3.585,"qpcr943","MONIS6","AssID01","Bonham","plt02","qpcrrundate20220512",3000,"Bonham","std3E3",28.43,"std3E3",NA,NA,NA,NA,NA,NA,NA,NA,NA,NA,NA,NA,NA,NA,NA,NA,NA,NA,NA,NA,NA,NA,NA,NA,NA,NA,NA,NA,NA,NA,NA,NA,NA,3000,3000,4,1,4,1
"281","C02",3,"std3E3","3uL","QtyorID","Standard",3,0.0781,"28.27","3.00e+003",0.994,-3.585,"qpcr943","MONIS6","AssID01","Bonham","plt02","qpcrrundate20220512",3000,"Bonham","std3E3",28.27,"std3E3",NA,NA,NA,NA,NA,NA,NA,NA,NA,NA,NA,NA,NA,NA,NA,NA,NA,NA,NA,NA,NA,NA,NA,NA,NA,NA,NA,NA,NA,NA,NA,NA,NA,3000,3000,4,1,4,1
"282","C03",3,"std3E3","3uL","QtyorID","Standard",3,0.0781,"28.07","3.00e+003",0.994,-3.585,"qpcr943","MONIS6","AssID01","Bonham","plt02","qpcrrundate20220512",3000,"Bonham","std3E3",28.07,"std3E3",NA,NA,NA,NA,NA,NA,NA,NA,NA,NA,NA,NA,NA,NA,NA,NA,NA,NA,NA,NA,NA,NA,NA,NA,NA,NA,NA,NA,NA,NA,NA,NA,NA,3000,3000,4,1,4,1
"283","D01",4,"std3E2","3uL","QtyorID","Standard",4,0.0781,"31.72","3.00e+002",0.994,-3.585,"qpcr943","MONIS6","AssID01","Bonham","plt02","qpcrrundate20220512",300,"Bonham","std3E2",31.72,"std3E2",NA,NA,NA,NA,NA,NA,NA,NA,NA,NA,NA,NA,NA,NA,NA,NA,NA,NA,NA,NA,NA,NA,NA,NA,NA,NA,NA,NA,NA,NA,NA,NA,NA,300,300,3,1,3,1
"284","D02",4,"std3E2","3uL","QtyorID","Standard",4,0.0781,"31.87","3.00e+002",0.994,-3.585,"qpcr943","MONIS6","AssID01","Bonham","plt02","qpcrrundate20220512",300,"Bonham","std3E2",31.87,"std3E2",NA,NA,NA,NA,NA,NA,NA,NA,NA,NA,NA,NA,NA,NA,NA,NA,NA,NA,NA,NA,NA,NA,NA,NA,NA,NA,NA,NA,NA,NA,NA,NA,NA,300,300,3,1,3,1
"285","D03",4,"std3E2","3uL","QtyorID","Standard",4,0.0781,"31.95","3.00e+002",0.994,-3.585,"qpcr943","MONIS6","AssID01","Bonham","plt02","qpcrrundate20220512",300,"Bonham","std3E2",31.95,"std3E2",NA,NA,NA,NA,NA,NA,NA,NA,NA,NA,NA,NA,NA,NA,NA,NA,NA,NA,NA,NA,NA,NA,NA,NA,NA,NA,NA,NA,NA,NA,NA,NA,NA,300,300,3,1,3,1
"286","E01",5,"std3E1","3uL","QtyorID","Standard",5,0.0781,"35.61","3.00e+001",0.994,-3.585,"qpcr943","MONIS6","AssID01","Bonham","plt02","qpcrrundate20220512",30,"Bonham","std3E1",35.61,"std3E1",NA,NA,NA,NA,NA,NA,NA,NA,NA,NA,NA,NA,NA,NA,NA,NA,NA,NA,NA,NA,NA,NA,NA,NA,NA,NA,NA,NA,NA,NA,NA,NA,NA,30,30,2,1,2,1
"287","E02",5,"std3E1","3uL","QtyorID","Standard",5,0.0781,"35.25","3.00e+001",0.994,-3.585,"qpcr943","MONIS6","AssID01","Bonham","plt02","qpcrrundate20220512",30,"Bonham","std3E1",35.25,"std3E1",NA,NA,NA,NA,NA,NA,NA,NA,NA,NA,NA,NA,NA,NA,NA,NA,NA,NA,NA,NA,NA,NA,NA,NA,NA,NA,NA,NA,NA,NA,NA,NA,NA,30,30,2,1,2,1
"288","E03",5,"std3E1","3uL","QtyorID","Standard",5,0.0781,"35.60","3.00e+001",0.994,-3.585,"qpcr943","MONIS6","AssID01","Bonham","plt02","qpcrrundate20220512",30,"Bonham","std3E1",35.6,"std3E1",NA,NA,NA,NA,NA,NA,NA,NA,NA,NA,NA,NA,NA,NA,NA,NA,NA,NA,NA,NA,NA,NA,NA,NA,NA,NA,NA,NA,NA,NA,NA,NA,NA,30,30,2,1,2,1
"289","F01",6,"std3E0","3uL","QtyorID","Standard",6,0.0781,"41.00","3.00e+000",0.994,-3.585,"qpcr943","MONIS6","AssID01","Bonham","plt02","qpcrrundate20220512",3,"Bonham","std3E0",41,"std3E0",NA,NA,NA,NA,NA,NA,NA,NA,NA,NA,NA,NA,NA,NA,NA,NA,NA,NA,NA,NA,NA,NA,NA,NA,NA,NA,NA,NA,NA,NA,NA,NA,NA,3,3,1,1,1,1
"290","F02",6,"std3E0","3uL","QtyorID","Standard",6,0.0781,"38.40","3.00e+000",0.994,-3.585,"qpcr943","MONIS6","AssID01","Bonham","plt02","qpcrrundate20220512",3,"Bonham","std3E0",38.4,"std3E0",NA,NA,NA,NA,NA,NA,NA,NA,NA,NA,NA,NA,NA,NA,NA,NA,NA,NA,NA,NA,NA,NA,NA,NA,NA,NA,NA,NA,NA,NA,NA,NA,NA,3,3,1,1,1,1
"291","F03",6,"std3E0","3uL","QtyorID","Standard",6,0.0781,"38.90","3.00e+000",0.994,-3.585,"qpcr943","MONIS6","AssID01","Bonham","plt02","qpcrrundate20220512",3,"Bonham","std3E0",38.9,"std3E0",NA,NA,NA,NA,NA,NA,NA,NA,NA,NA,NA,NA,NA,NA,NA,NA,NA,NA,NA,NA,NA,NA,NA,NA,NA,NA,NA,NA,NA,NA,NA,NA,NA,3,3,1,1,1,1
"292","G01",7,"std3E-1","3uL","QtyorID","Standard",7,0.0781,"41.86","3.00e-001",0.994,-3.585,"qpcr943","MONIS6","AssID01","Bonham","plt02","qpcrrundate20220512",0.3,"Bonham","std3E-1",41.86,"std3E1",NA,NA,NA,NA,NA,NA,NA,NA,NA,NA,NA,NA,NA,NA,NA,NA,NA,NA,NA,NA,NA,NA,NA,NA,NA,NA,NA,NA,NA,NA,NA,NA,NA,0.3,0.3,2,1,2,1
"293","G02",7,"std3E-1","3uL","QtyorID","Standard",7,0.0781,"NoCt","NoCt",0.994,-3.585,"qpcr943","MONIS6","AssID01","Bonham","plt02","qpcrrundate20220512",0,"Bonham","std3E-1",0,"std3E1",NA,NA,NA,NA,NA,NA,NA,NA,NA,NA,NA,NA,NA,NA,NA,NA,NA,NA,NA,NA,NA,NA,NA,NA,NA,NA,NA,NA,NA,NA,NA,NA,NA,0.3,0.3,2,1,2,0
"294","G03",7,"std3E-1","3uL","QtyorID","Standard",7,0.0781,"NoCt","NoCt",0.994,-3.585,"qpcr943","MONIS6","AssID01","Bonham","plt02","qpcrrundate20220512",0,"Bonham","std3E-1",0,"std3E1",NA,NA,NA,NA,NA,NA,NA,NA,NA,NA,NA,NA,NA,NA,NA,NA,NA,NA,NA,NA,NA,NA,NA,NA,NA,NA,NA,NA,NA,NA,NA,NA,NA,0.3,0.3,2,1,2,0
"295","A01",1,"std3E5","3uL","QtyorID","Standard",1,0.1208,"21.52","3.00e+005",0.981,-3.37,"qpcr944","MONIS6","AssID03","Psefar","plt01","qpcrrundate20220727",3e+05,"Psefar","std3E5",21.52,"std3E5",NA,NA,NA,NA,NA,NA,NA,NA,NA,NA,NA,NA,NA,NA,NA,NA,NA,NA,NA,NA,NA,NA,NA,NA,NA,NA,NA,NA,NA,NA,NA,NA,NA,3e+05,3e+05,6,16,95,1
"296","A02",1,"std3E5","3uL","QtyorID","Standard",1,0.1208,"20.21","3.00e+005",0.981,-3.37,"qpcr944","MONIS6","AssID03","Psefar","plt01","qpcrrundate20220727",3e+05,"Psefar","std3E5",20.21,"std3E5",NA,NA,NA,NA,NA,NA,NA,NA,NA,NA,NA,NA,NA,NA,NA,NA,NA,NA,NA,NA,NA,NA,NA,NA,NA,NA,NA,NA,NA,NA,NA,NA,NA,3e+05,3e+05,6,16,95,1
"297","A03",1,"std3E5","3uL","QtyorID","Standard",1,0.1208,"20.24","3.00e+005",0.981,-3.37,"qpcr944","MONIS6","AssID03","Psefar","plt01","qpcrrundate20220727",3e+05,"Psefar","std3E5",20.24,"std3E5",NA,NA,NA,NA,NA,NA,NA,NA,NA,NA,NA,NA,NA,NA,NA,NA,NA,NA,NA,NA,NA,NA,NA,NA,NA,NA,NA,NA,NA,NA,NA,NA,NA,3e+05,3e+05,6,16,95,1
"298","B01",2,"std3E4","3uL","QtyorID","Standard",2,0.1208,"23.62","3.00e+004",0.981,-3.37,"qpcr944","MONIS6","AssID03","Psefar","plt01","qpcrrundate20220727",30000,"Psefar","std3E4",23.62,"std3E4",NA,NA,NA,NA,NA,NA,NA,NA,NA,NA,NA,NA,NA,NA,NA,NA,NA,NA,NA,NA,NA,NA,NA,NA,NA,NA,NA,NA,NA,NA,NA,NA,NA,30000,30000,5,16,94,1
"299","B02",2,"std3E4","3uL","QtyorID","Standard",2,0.1208,"23.75","3.00e+004",0.981,-3.37,"qpcr944","MONIS6","AssID03","Psefar","plt01","qpcrrundate20220727",30000,"Psefar","std3E4",23.75,"std3E4",NA,NA,NA,NA,NA,NA,NA,NA,NA,NA,NA,NA,NA,NA,NA,NA,NA,NA,NA,NA,NA,NA,NA,NA,NA,NA,NA,NA,NA,NA,NA,NA,NA,30000,30000,5,16,94,1
"300","B03",2,"std3E4","3uL","QtyorID","Standard",2,0.1208,"23.60","3.00e+004",0.981,-3.37,"qpcr944","MONIS6","AssID03","Psefar","plt01","qpcrrundate20220727",30000,"Psefar","std3E4",23.6,"std3E4",NA,NA,NA,NA,NA,NA,NA,NA,NA,NA,NA,NA,NA,NA,NA,NA,NA,NA,NA,NA,NA,NA,NA,NA,NA,NA,NA,NA,NA,NA,NA,NA,NA,30000,30000,5,16,94,1
"301","C01",3,"std3E3","3uL","QtyorID","Standard",3,0.1208,"26.79","3.00e+003",0.981,-3.37,"qpcr944","MONIS6","AssID03","Psefar","plt01","qpcrrundate20220727",3000,"Psefar","std3E3",26.79,"std3E3",NA,NA,NA,NA,NA,NA,NA,NA,NA,NA,NA,NA,NA,NA,NA,NA,NA,NA,NA,NA,NA,NA,NA,NA,NA,NA,NA,NA,NA,NA,NA,NA,NA,3000,3000,4,16,93,1
"302","C02",3,"std3E3","3uL","QtyorID","Standard",3,0.1208,"26.92","3.00e+003",0.981,-3.37,"qpcr944","MONIS6","AssID03","Psefar","plt01","qpcrrundate20220727",3000,"Psefar","std3E3",26.92,"std3E3",NA,NA,NA,NA,NA,NA,NA,NA,NA,NA,NA,NA,NA,NA,NA,NA,NA,NA,NA,NA,NA,NA,NA,NA,NA,NA,NA,NA,NA,NA,NA,NA,NA,3000,3000,4,16,93,1
"303","C03",3,"std3E3","3uL","QtyorID","Standard",3,0.1208,"26.97","3.00e+003",0.981,-3.37,"qpcr944","MONIS6","AssID03","Psefar","plt01","qpcrrundate20220727",3000,"Psefar","std3E3",26.97,"std3E3",NA,NA,NA,NA,NA,NA,NA,NA,NA,NA,NA,NA,NA,NA,NA,NA,NA,NA,NA,NA,NA,NA,NA,NA,NA,NA,NA,NA,NA,NA,NA,NA,NA,3000,3000,4,16,93,1
"304","D01",4,"std3E2","3uL","QtyorID","Standard",4,0.1208,"30.36","3.00e+002",0.981,-3.37,"qpcr944","MONIS6","AssID03","Psefar","plt01","qpcrrundate20220727",300,"Psefar","std3E2",30.36,"std3E2",NA,NA,NA,NA,NA,NA,NA,NA,NA,NA,NA,NA,NA,NA,NA,NA,NA,NA,NA,NA,NA,NA,NA,NA,NA,NA,NA,NA,NA,NA,NA,NA,NA,300,300,3,16,92,1
"305","D02",4,"std3E2","3uL","QtyorID","Standard",4,0.1208,"30.47","3.00e+002",0.981,-3.37,"qpcr944","MONIS6","AssID03","Psefar","plt01","qpcrrundate20220727",300,"Psefar","std3E2",30.47,"std3E2",NA,NA,NA,NA,NA,NA,NA,NA,NA,NA,NA,NA,NA,NA,NA,NA,NA,NA,NA,NA,NA,NA,NA,NA,NA,NA,NA,NA,NA,NA,NA,NA,NA,300,300,3,16,92,1
"306","D03",4,"std3E2","3uL","QtyorID","Standard",4,0.1208,"30.25","3.00e+002",0.981,-3.37,"qpcr944","MONIS6","AssID03","Psefar","plt01","qpcrrundate20220727",300,"Psefar","std3E2",30.25,"std3E2",NA,NA,NA,NA,NA,NA,NA,NA,NA,NA,NA,NA,NA,NA,NA,NA,NA,NA,NA,NA,NA,NA,NA,NA,NA,NA,NA,NA,NA,NA,NA,NA,NA,300,300,3,16,92,1
"307","E01",5,"std3E1","3uL","QtyorID","Standard",5,0.1208,"33.76","3.00e+001",0.981,-3.37,"qpcr944","MONIS6","AssID03","Psefar","plt01","qpcrrundate20220727",30,"Psefar","std3E1",33.76,"std3E1",NA,NA,NA,NA,NA,NA,NA,NA,NA,NA,NA,NA,NA,NA,NA,NA,NA,NA,NA,NA,NA,NA,NA,NA,NA,NA,NA,NA,NA,NA,NA,NA,NA,30,30,2,16,91,1
"308","E02",5,"std3E1","3uL","QtyorID","Standard",5,0.1208,"33.75","3.00e+001",0.981,-3.37,"qpcr944","MONIS6","AssID03","Psefar","plt01","qpcrrundate20220727",30,"Psefar","std3E1",33.75,"std3E1",NA,NA,NA,NA,NA,NA,NA,NA,NA,NA,NA,NA,NA,NA,NA,NA,NA,NA,NA,NA,NA,NA,NA,NA,NA,NA,NA,NA,NA,NA,NA,NA,NA,30,30,2,16,91,1
"309","E03",5,"std3E1","3uL","QtyorID","Standard",5,0.1208,"33.53","3.00e+001",0.981,-3.37,"qpcr944","MONIS6","AssID03","Psefar","plt01","qpcrrundate20220727",30,"Psefar","std3E1",33.53,"std3E1",NA,NA,NA,NA,NA,NA,NA,NA,NA,NA,NA,NA,NA,NA,NA,NA,NA,NA,NA,NA,NA,NA,NA,NA,NA,NA,NA,NA,NA,NA,NA,NA,NA,30,30,2,16,91,1
"310","F01",6,"std3E0","3uL","QtyorID","Standard",6,0.1208,"38.99","3.00e+000",0.981,-3.37,"qpcr944","MONIS6","AssID03","Psefar","plt01","qpcrrundate20220727",3,"Psefar","std3E0",38.99,"std3E0",NA,NA,NA,NA,NA,NA,NA,NA,NA,NA,NA,NA,NA,NA,NA,NA,NA,NA,NA,NA,NA,NA,NA,NA,NA,NA,NA,NA,NA,NA,NA,NA,NA,3,3,1,16,90,1
"311","F02",6,"std3E0","3uL","QtyorID","Standard",6,0.1208,"39.24","3.00e+000",0.981,-3.37,"qpcr944","MONIS6","AssID03","Psefar","plt01","qpcrrundate20220727",3,"Psefar","std3E0",39.24,"std3E0",NA,NA,NA,NA,NA,NA,NA,NA,NA,NA,NA,NA,NA,NA,NA,NA,NA,NA,NA,NA,NA,NA,NA,NA,NA,NA,NA,NA,NA,NA,NA,NA,NA,3,3,1,16,90,1
"312","F03",6,"std3E0","3uL","QtyorID","Standard",6,0.1208,"37.66","3.00e+000",0.981,-3.37,"qpcr944","MONIS6","AssID03","Psefar","plt01","qpcrrundate20220727",3,"Psefar","std3E0",37.66,"std3E0",NA,NA,NA,NA,NA,NA,NA,NA,NA,NA,NA,NA,NA,NA,NA,NA,NA,NA,NA,NA,NA,NA,NA,NA,NA,NA,NA,NA,NA,NA,NA,NA,NA,3,3,1,16,90,1
"313","G01",7,"std3E-1","3uL","QtyorID","Standard",7,0.1208,"38.30","3.00e-001",0.981,-3.37,"qpcr944","MONIS6","AssID03","Psefar","plt01","qpcrrundate20220727",0.3,"Psefar","std3E-1",38.3,"std3E1",NA,NA,NA,NA,NA,NA,NA,NA,NA,NA,NA,NA,NA,NA,NA,NA,NA,NA,NA,NA,NA,NA,NA,NA,NA,NA,NA,NA,NA,NA,NA,NA,NA,0.3,0.3,2,16,91,1
"314","G02",7,"std3E-1","3uL","QtyorID","Standard",7,0.1208,"NoCt","NoCt",0.981,-3.37,"qpcr944","MONIS6","AssID03","Psefar","plt01","qpcrrundate20220727",0,"Psefar","std3E-1",0,"std3E1",NA,NA,NA,NA,NA,NA,NA,NA,NA,NA,NA,NA,NA,NA,NA,NA,NA,NA,NA,NA,NA,NA,NA,NA,NA,NA,NA,NA,NA,NA,NA,NA,NA,0.3,0.3,2,16,91,0
"315","G03",7,"std3E-1","3uL","QtyorID","Standard",7,0.1208,"NoCt","NoCt",0.981,-3.37,"qpcr944","MONIS6","AssID03","Psefar","plt01","qpcrrundate20220727",0,"Psefar","std3E-1",0,"std3E1",NA,NA,NA,NA,NA,NA,NA,NA,NA,NA,NA,NA,NA,NA,NA,NA,NA,NA,NA,NA,NA,NA,NA,NA,NA,NA,NA,NA,NA,NA,NA,NA,NA,0.3,0.3,2,16,91,0
"316","A01",1,"std3E5","3uL","QtyorID","Standard",1,0.1419,"20.49","3.00e+005",0.997,-3.256,"qpcr945","MONIS6","AssID03","Psefar","plt02","qpcrrundate20220728",3e+05,"Psefar","std3E5",20.49,"std3E5",NA,NA,NA,NA,NA,NA,NA,NA,NA,NA,NA,NA,NA,NA,NA,NA,NA,NA,NA,NA,NA,NA,NA,NA,NA,NA,NA,NA,NA,NA,NA,NA,NA,3e+05,3e+05,6,16,95,1
"317","A02",1,"std3E5","3uL","QtyorID","Standard",1,0.1419,"20.46","3.00e+005",0.997,-3.256,"qpcr945","MONIS6","AssID03","Psefar","plt02","qpcrrundate20220728",3e+05,"Psefar","std3E5",20.46,"std3E5",NA,NA,NA,NA,NA,NA,NA,NA,NA,NA,NA,NA,NA,NA,NA,NA,NA,NA,NA,NA,NA,NA,NA,NA,NA,NA,NA,NA,NA,NA,NA,NA,NA,3e+05,3e+05,6,16,95,1
"318","A03",1,"std3E5","3uL","QtyorID","Standard",1,0.1419,"20.63","3.00e+005",0.997,-3.256,"qpcr945","MONIS6","AssID03","Psefar","plt02","qpcrrundate20220728",3e+05,"Psefar","std3E5",20.63,"std3E5",NA,NA,NA,NA,NA,NA,NA,NA,NA,NA,NA,NA,NA,NA,NA,NA,NA,NA,NA,NA,NA,NA,NA,NA,NA,NA,NA,NA,NA,NA,NA,NA,NA,3e+05,3e+05,6,16,95,1
"319","B01",2,"std3E4","3uL","QtyorID","Standard",2,0.1419,"24.04","3.00e+004",0.997,-3.256,"qpcr945","MONIS6","AssID03","Psefar","plt02","qpcrrundate20220728",30000,"Psefar","std3E4",24.04,"std3E4",NA,NA,NA,NA,NA,NA,NA,NA,NA,NA,NA,NA,NA,NA,NA,NA,NA,NA,NA,NA,NA,NA,NA,NA,NA,NA,NA,NA,NA,NA,NA,NA,NA,30000,30000,5,16,94,1
"320","B02",2,"std3E4","3uL","QtyorID","Standard",2,0.1419,"24.07","3.00e+004",0.997,-3.256,"qpcr945","MONIS6","AssID03","Psefar","plt02","qpcrrundate20220728",30000,"Psefar","std3E4",24.07,"std3E4",NA,NA,NA,NA,NA,NA,NA,NA,NA,NA,NA,NA,NA,NA,NA,NA,NA,NA,NA,NA,NA,NA,NA,NA,NA,NA,NA,NA,NA,NA,NA,NA,NA,30000,30000,5,16,94,1
"321","B03",2,"std3E4","3uL","QtyorID","Standard",2,0.1419,"23.89","3.00e+004",0.997,-3.256,"qpcr945","MONIS6","AssID03","Psefar","plt02","qpcrrundate20220728",30000,"Psefar","std3E4",23.89,"std3E4",NA,NA,NA,NA,NA,NA,NA,NA,NA,NA,NA,NA,NA,NA,NA,NA,NA,NA,NA,NA,NA,NA,NA,NA,NA,NA,NA,NA,NA,NA,NA,NA,NA,30000,30000,5,16,94,1
"322","C01",3,"std3E3","3uL","QtyorID","Standard",3,0.1419,"27.09","3.00e+003",0.997,-3.256,"qpcr945","MONIS6","AssID03","Psefar","plt02","qpcrrundate20220728",3000,"Psefar","std3E3",27.09,"std3E3",NA,NA,NA,NA,NA,NA,NA,NA,NA,NA,NA,NA,NA,NA,NA,NA,NA,NA,NA,NA,NA,NA,NA,NA,NA,NA,NA,NA,NA,NA,NA,NA,NA,3000,3000,4,16,93,1
"323","C02",3,"std3E3","3uL","QtyorID","Standard",3,0.1419,"27.16","3.00e+003",0.997,-3.256,"qpcr945","MONIS6","AssID03","Psefar","plt02","qpcrrundate20220728",3000,"Psefar","std3E3",27.16,"std3E3",NA,NA,NA,NA,NA,NA,NA,NA,NA,NA,NA,NA,NA,NA,NA,NA,NA,NA,NA,NA,NA,NA,NA,NA,NA,NA,NA,NA,NA,NA,NA,NA,NA,3000,3000,4,16,93,1
"324","C03",3,"std3E3","3uL","QtyorID","Standard",3,0.1419,"27.36","3.00e+003",0.997,-3.256,"qpcr945","MONIS6","AssID03","Psefar","plt02","qpcrrundate20220728",3000,"Psefar","std3E3",27.36,"std3E3",NA,NA,NA,NA,NA,NA,NA,NA,NA,NA,NA,NA,NA,NA,NA,NA,NA,NA,NA,NA,NA,NA,NA,NA,NA,NA,NA,NA,NA,NA,NA,NA,NA,3000,3000,4,16,93,1
"325","D01",4,"std3E2","3uL","QtyorID","Standard",4,0.1419,"30.76","3.00e+002",0.997,-3.256,"qpcr945","MONIS6","AssID03","Psefar","plt02","qpcrrundate20220728",300,"Psefar","std3E2",30.76,"std3E2",NA,NA,NA,NA,NA,NA,NA,NA,NA,NA,NA,NA,NA,NA,NA,NA,NA,NA,NA,NA,NA,NA,NA,NA,NA,NA,NA,NA,NA,NA,NA,NA,NA,300,300,3,16,92,1
"326","D02",4,"std3E2","3uL","QtyorID","Standard",4,0.1419,"30.81","3.00e+002",0.997,-3.256,"qpcr945","MONIS6","AssID03","Psefar","plt02","qpcrrundate20220728",300,"Psefar","std3E2",30.81,"std3E2",NA,NA,NA,NA,NA,NA,NA,NA,NA,NA,NA,NA,NA,NA,NA,NA,NA,NA,NA,NA,NA,NA,NA,NA,NA,NA,NA,NA,NA,NA,NA,NA,NA,300,300,3,16,92,1
"327","D03",4,"std3E2","3uL","QtyorID","Standard",4,0.1419,"30.77","3.00e+002",0.997,-3.256,"qpcr945","MONIS6","AssID03","Psefar","plt02","qpcrrundate20220728",300,"Psefar","std3E2",30.77,"std3E2",NA,NA,NA,NA,NA,NA,NA,NA,NA,NA,NA,NA,NA,NA,NA,NA,NA,NA,NA,NA,NA,NA,NA,NA,NA,NA,NA,NA,NA,NA,NA,NA,NA,300,300,3,16,92,1
"328","E01",5,"std3E1","3uL","QtyorID","Standard",5,0.1419,"34.12","3.00e+001",0.997,-3.256,"qpcr945","MONIS6","AssID03","Psefar","plt02","qpcrrundate20220728",30,"Psefar","std3E1",34.12,"std3E1",NA,NA,NA,NA,NA,NA,NA,NA,NA,NA,NA,NA,NA,NA,NA,NA,NA,NA,NA,NA,NA,NA,NA,NA,NA,NA,NA,NA,NA,NA,NA,NA,NA,30,30,2,16,91,1
"329","E02",5,"std3E1","3uL","QtyorID","Standard",5,0.1419,"34.24","3.00e+001",0.997,-3.256,"qpcr945","MONIS6","AssID03","Psefar","plt02","qpcrrundate20220728",30,"Psefar","std3E1",34.24,"std3E1",NA,NA,NA,NA,NA,NA,NA,NA,NA,NA,NA,NA,NA,NA,NA,NA,NA,NA,NA,NA,NA,NA,NA,NA,NA,NA,NA,NA,NA,NA,NA,NA,NA,30,30,2,16,91,1
"330","E03",5,"std3E1","3uL","QtyorID","Standard",5,0.1419,"34.13","3.00e+001",0.997,-3.256,"qpcr945","MONIS6","AssID03","Psefar","plt02","qpcrrundate20220728",30,"Psefar","std3E1",34.13,"std3E1",NA,NA,NA,NA,NA,NA,NA,NA,NA,NA,NA,NA,NA,NA,NA,NA,NA,NA,NA,NA,NA,NA,NA,NA,NA,NA,NA,NA,NA,NA,NA,NA,NA,30,30,2,16,91,1
"331","F01",6,"std3E0","3uL","QtyorID","Standard",6,0.1419,"37.40","3.00e+000",0.997,-3.256,"qpcr945","MONIS6","AssID03","Psefar","plt02","qpcrrundate20220728",3,"Psefar","std3E0",37.4,"std3E0",NA,NA,NA,NA,NA,NA,NA,NA,NA,NA,NA,NA,NA,NA,NA,NA,NA,NA,NA,NA,NA,NA,NA,NA,NA,NA,NA,NA,NA,NA,NA,NA,NA,3,3,1,16,90,1
"332","F02",6,"std3E0","3uL","QtyorID","Standard",6,0.1419,"37.16","3.00e+000",0.997,-3.256,"qpcr945","MONIS6","AssID03","Psefar","plt02","qpcrrundate20220728",3,"Psefar","std3E0",37.16,"std3E0",NA,NA,NA,NA,NA,NA,NA,NA,NA,NA,NA,NA,NA,NA,NA,NA,NA,NA,NA,NA,NA,NA,NA,NA,NA,NA,NA,NA,NA,NA,NA,NA,NA,3,3,1,16,90,1
"333","F03",6,"std3E0","3uL","QtyorID","Standard",6,0.1419,"37.23","3.00e+000",0.997,-3.256,"qpcr945","MONIS6","AssID03","Psefar","plt02","qpcrrundate20220728",3,"Psefar","std3E0",37.23,"std3E0",NA,NA,NA,NA,NA,NA,NA,NA,NA,NA,NA,NA,NA,NA,NA,NA,NA,NA,NA,NA,NA,NA,NA,NA,NA,NA,NA,NA,NA,NA,NA,NA,NA,3,3,1,16,90,1
"334","G01",7,"std3E-1","3uL","QtyorID","Standard",7,0.1419,"39.18","3.00e-001",0.997,-3.256,"qpcr945","MONIS6","AssID03","Psefar","plt02","qpcrrundate20220728",0.3,"Psefar","std3E-1",39.18,"std3E1",NA,NA,NA,NA,NA,NA,NA,NA,NA,NA,NA,NA,NA,NA,NA,NA,NA,NA,NA,NA,NA,NA,NA,NA,NA,NA,NA,NA,NA,NA,NA,NA,NA,0.3,0.3,2,16,91,1
"335","G02",7,"std3E-1","3uL","QtyorID","Standard",7,0.1419,"39.79","3.00e-001",0.997,-3.256,"qpcr945","MONIS6","AssID03","Psefar","plt02","qpcrrundate20220728",0.3,"Psefar","std3E-1",39.79,"std3E1",NA,NA,NA,NA,NA,NA,NA,NA,NA,NA,NA,NA,NA,NA,NA,NA,NA,NA,NA,NA,NA,NA,NA,NA,NA,NA,NA,NA,NA,NA,NA,NA,NA,0.3,0.3,2,16,91,1
"336","G03",7,"std3E-1","3uL","QtyorID","Standard",7,0.1419,"NoCt","NoCt",0.997,-3.256,"qpcr945","MONIS6","AssID03","Psefar","plt02","qpcrrundate20220728",0,"Psefar","std3E-1",0,"std3E1",NA,NA,NA,NA,NA,NA,NA,NA,NA,NA,NA,NA,NA,NA,NA,NA,NA,NA,NA,NA,NA,NA,NA,NA,NA,NA,NA,NA,NA,NA,NA,NA,NA,0.3,0.3,2,16,91,0
"337","A01",1,"std3E5","3uL","QtyorID","Standard",1,0.0579,"20.07","3.00e+005",0.995,-3.194,"qpcr946","MONIS6","AssID12","Cragig","plt01","qpcrrundate20220728",3e+05,"Cragig","std3E5",20.07,"std3E5",NA,NA,NA,NA,NA,NA,NA,NA,NA,NA,NA,NA,NA,NA,NA,NA,NA,NA,NA,NA,NA,NA,NA,NA,NA,NA,NA,NA,NA,NA,NA,NA,NA,3e+05,3e+05,6,6,36,1
"338","A02",1,"std3E5","3uL","QtyorID","Standard",1,0.0579,"20.46","3.00e+005",0.995,-3.194,"qpcr946","MONIS6","AssID12","Cragig","plt01","qpcrrundate20220728",3e+05,"Cragig","std3E5",20.46,"std3E5",NA,NA,NA,NA,NA,NA,NA,NA,NA,NA,NA,NA,NA,NA,NA,NA,NA,NA,NA,NA,NA,NA,NA,NA,NA,NA,NA,NA,NA,NA,NA,NA,NA,3e+05,3e+05,6,6,36,1
"339","A03",1,"std3E5","3uL","QtyorID","Standard",1,0.0579,"20.43","3.00e+005",0.995,-3.194,"qpcr946","MONIS6","AssID12","Cragig","plt01","qpcrrundate20220728",3e+05,"Cragig","std3E5",20.43,"std3E5",NA,NA,NA,NA,NA,NA,NA,NA,NA,NA,NA,NA,NA,NA,NA,NA,NA,NA,NA,NA,NA,NA,NA,NA,NA,NA,NA,NA,NA,NA,NA,NA,NA,3e+05,3e+05,6,6,36,1
"340","B01",2,"std3E4","3uL","QtyorID","Standard",2,0.0579,"23.89","3.00e+004",0.995,-3.194,"qpcr946","MONIS6","AssID12","Cragig","plt01","qpcrrundate20220728",30000,"Cragig","std3E4",23.89,"std3E4",NA,NA,NA,NA,NA,NA,NA,NA,NA,NA,NA,NA,NA,NA,NA,NA,NA,NA,NA,NA,NA,NA,NA,NA,NA,NA,NA,NA,NA,NA,NA,NA,NA,30000,30000,5,6,35,1
"341","B02",2,"std3E4","3uL","QtyorID","Standard",2,0.0579,"23.96","3.00e+004",0.995,-3.194,"qpcr946","MONIS6","AssID12","Cragig","plt01","qpcrrundate20220728",30000,"Cragig","std3E4",23.96,"std3E4",NA,NA,NA,NA,NA,NA,NA,NA,NA,NA,NA,NA,NA,NA,NA,NA,NA,NA,NA,NA,NA,NA,NA,NA,NA,NA,NA,NA,NA,NA,NA,NA,NA,30000,30000,5,6,35,1
"342","B03",2,"std3E4","3uL","QtyorID","Standard",2,0.0579,"23.85","3.00e+004",0.995,-3.194,"qpcr946","MONIS6","AssID12","Cragig","plt01","qpcrrundate20220728",30000,"Cragig","std3E4",23.85,"std3E4",NA,NA,NA,NA,NA,NA,NA,NA,NA,NA,NA,NA,NA,NA,NA,NA,NA,NA,NA,NA,NA,NA,NA,NA,NA,NA,NA,NA,NA,NA,NA,NA,NA,30000,30000,5,6,35,1
"343","C01",3,"std3E3","3uL","QtyorID","Standard",3,0.0579,"27.47","3.00e+003",0.995,-3.194,"qpcr946","MONIS6","AssID12","Cragig","plt01","qpcrrundate20220728",3000,"Cragig","std3E3",27.47,"std3E3",NA,NA,NA,NA,NA,NA,NA,NA,NA,NA,NA,NA,NA,NA,NA,NA,NA,NA,NA,NA,NA,NA,NA,NA,NA,NA,NA,NA,NA,NA,NA,NA,NA,3000,3000,4,6,34,1
"344","C02",3,"std3E3","3uL","QtyorID","Standard",3,0.0579,"27.20","3.00e+003",0.995,-3.194,"qpcr946","MONIS6","AssID12","Cragig","plt01","qpcrrundate20220728",3000,"Cragig","std3E3",27.2,"std3E3",NA,NA,NA,NA,NA,NA,NA,NA,NA,NA,NA,NA,NA,NA,NA,NA,NA,NA,NA,NA,NA,NA,NA,NA,NA,NA,NA,NA,NA,NA,NA,NA,NA,3000,3000,4,6,34,1
"345","C03",3,"std3E3","3uL","QtyorID","Standard",3,0.0579,"27.00","3.00e+003",0.995,-3.194,"qpcr946","MONIS6","AssID12","Cragig","plt01","qpcrrundate20220728",3000,"Cragig","std3E3",27,"std3E3",NA,NA,NA,NA,NA,NA,NA,NA,NA,NA,NA,NA,NA,NA,NA,NA,NA,NA,NA,NA,NA,NA,NA,NA,NA,NA,NA,NA,NA,NA,NA,NA,NA,3000,3000,4,6,34,1
"346","D01",4,"std3E2","3uL","QtyorID","Standard",4,0.0579,"30.88","3.00e+002",0.995,-3.194,"qpcr946","MONIS6","AssID12","Cragig","plt01","qpcrrundate20220728",300,"Cragig","std3E2",30.88,"std3E2",NA,NA,NA,NA,NA,NA,NA,NA,NA,NA,NA,NA,NA,NA,NA,NA,NA,NA,NA,NA,NA,NA,NA,NA,NA,NA,NA,NA,NA,NA,NA,NA,NA,300,300,3,6,33,1
"347","D02",4,"std3E2","3uL","QtyorID","Standard",4,0.0579,"30.61","3.00e+002",0.995,-3.194,"qpcr946","MONIS6","AssID12","Cragig","plt01","qpcrrundate20220728",300,"Cragig","std3E2",30.61,"std3E2",NA,NA,NA,NA,NA,NA,NA,NA,NA,NA,NA,NA,NA,NA,NA,NA,NA,NA,NA,NA,NA,NA,NA,NA,NA,NA,NA,NA,NA,NA,NA,NA,NA,300,300,3,6,33,1
"348","D03",4,"std3E2","3uL","QtyorID","Standard",4,0.0579,"30.28","3.00e+002",0.995,-3.194,"qpcr946","MONIS6","AssID12","Cragig","plt01","qpcrrundate20220728",300,"Cragig","std3E2",30.28,"std3E2",NA,NA,NA,NA,NA,NA,NA,NA,NA,NA,NA,NA,NA,NA,NA,NA,NA,NA,NA,NA,NA,NA,NA,NA,NA,NA,NA,NA,NA,NA,NA,NA,NA,300,300,3,6,33,1
"349","E01",5,"std3E1","3uL","QtyorID","Standard",5,0.0579,"33.93","3.00e+001",0.995,-3.194,"qpcr946","MONIS6","AssID12","Cragig","plt01","qpcrrundate20220728",30,"Cragig","std3E1",33.93,"std3E1",NA,NA,NA,NA,NA,NA,NA,NA,NA,NA,NA,NA,NA,NA,NA,NA,NA,NA,NA,NA,NA,NA,NA,NA,NA,NA,NA,NA,NA,NA,NA,NA,NA,30,30,2,6,32,1
"350","E02",5,"std3E1","3uL","QtyorID","Standard",5,0.0579,"34.09","3.00e+001",0.995,-3.194,"qpcr946","MONIS6","AssID12","Cragig","plt01","qpcrrundate20220728",30,"Cragig","std3E1",34.09,"std3E1",NA,NA,NA,NA,NA,NA,NA,NA,NA,NA,NA,NA,NA,NA,NA,NA,NA,NA,NA,NA,NA,NA,NA,NA,NA,NA,NA,NA,NA,NA,NA,NA,NA,30,30,2,6,32,1
"351","E03",5,"std3E1","3uL","QtyorID","Standard",5,0.0579,"34.04","3.00e+001",0.995,-3.194,"qpcr946","MONIS6","AssID12","Cragig","plt01","qpcrrundate20220728",30,"Cragig","std3E1",34.04,"std3E1",NA,NA,NA,NA,NA,NA,NA,NA,NA,NA,NA,NA,NA,NA,NA,NA,NA,NA,NA,NA,NA,NA,NA,NA,NA,NA,NA,NA,NA,NA,NA,NA,NA,30,30,2,6,32,1
"352","F01",6,"std3E0","3uL","QtyorID","Standard",6,0.0579,"36.34","3.00e+000",0.995,-3.194,"qpcr946","MONIS6","AssID12","Cragig","plt01","qpcrrundate20220728",3,"Cragig","std3E0",36.34,"std3E0",NA,NA,NA,NA,NA,NA,NA,NA,NA,NA,NA,NA,NA,NA,NA,NA,NA,NA,NA,NA,NA,NA,NA,NA,NA,NA,NA,NA,NA,NA,NA,NA,NA,3,3,1,6,31,1
"353","F02",6,"std3E0","3uL","QtyorID","Standard",6,0.0579,"36.94","3.00e+000",0.995,-3.194,"qpcr946","MONIS6","AssID12","Cragig","plt01","qpcrrundate20220728",3,"Cragig","std3E0",36.94,"std3E0",NA,NA,NA,NA,NA,NA,NA,NA,NA,NA,NA,NA,NA,NA,NA,NA,NA,NA,NA,NA,NA,NA,NA,NA,NA,NA,NA,NA,NA,NA,NA,NA,NA,3,3,1,6,31,1
"354","F03",6,"std3E0","3uL","QtyorID","Standard",6,0.0579,"37.06","3.00e+000",0.995,-3.194,"qpcr946","MONIS6","AssID12","Cragig","plt01","qpcrrundate20220728",3,"Cragig","std3E0",37.06,"std3E0",NA,NA,NA,NA,NA,NA,NA,NA,NA,NA,NA,NA,NA,NA,NA,NA,NA,NA,NA,NA,NA,NA,NA,NA,NA,NA,NA,NA,NA,NA,NA,NA,NA,3,3,1,6,31,1
"355","G01",7,"std3E-1","3uL","QtyorID","Standard",7,0.0579,"38.60","3.00e-001",0.995,-3.194,"qpcr946","MONIS6","AssID12","Cragig","plt01","qpcrrundate20220728",0.3,"Cragig","std3E-1",38.6,"std3E1",NA,NA,NA,NA,NA,NA,NA,NA,NA,NA,NA,NA,NA,NA,NA,NA,NA,NA,NA,NA,NA,NA,NA,NA,NA,NA,NA,NA,NA,NA,NA,NA,NA,0.3,0.3,2,6,32,1
"356","G02",7,"std3E-1","3uL","QtyorID","Standard",7,0.0579,"39.89","3.00e-001",0.995,-3.194,"qpcr946","MONIS6","AssID12","Cragig","plt01","qpcrrundate20220728",0.3,"Cragig","std3E-1",39.89,"std3E1",NA,NA,NA,NA,NA,NA,NA,NA,NA,NA,NA,NA,NA,NA,NA,NA,NA,NA,NA,NA,NA,NA,NA,NA,NA,NA,NA,NA,NA,NA,NA,NA,NA,0.3,0.3,2,6,32,1
"357","G03",7,"std3E-1","3uL","QtyorID","Standard",7,0.0579,"39.33","3.00e-001",0.995,-3.194,"qpcr946","MONIS6","AssID12","Cragig","plt01","qpcrrundate20220728",0.3,"Cragig","std3E-1",39.33,"std3E1",NA,NA,NA,NA,NA,NA,NA,NA,NA,NA,NA,NA,NA,NA,NA,NA,NA,NA,NA,NA,NA,NA,NA,NA,NA,NA,NA,NA,NA,NA,NA,NA,NA,0.3,0.3,2,6,32,1
"358","A01",1,"std3E5","3uL","QtyorID","Standard",1,0.0212,"18.86","3.00e+005",0.982,-3.354,"qpcr947","MONIS6","AssID12","Cragig","plt02","qpcrrundate20220728",3e+05,"Cragig","std3E5",18.86,"std3E5",NA,NA,NA,NA,NA,NA,NA,NA,NA,NA,NA,NA,NA,NA,NA,NA,NA,NA,NA,NA,NA,NA,NA,NA,NA,NA,NA,NA,NA,NA,NA,NA,NA,3e+05,3e+05,6,6,36,1
"359","A02",1,"std3E5","3uL","QtyorID","Standard",1,0.0212,"19.08","3.00e+005",0.982,-3.354,"qpcr947","MONIS6","AssID12","Cragig","plt02","qpcrrundate20220728",3e+05,"Cragig","std3E5",19.08,"std3E5",NA,NA,NA,NA,NA,NA,NA,NA,NA,NA,NA,NA,NA,NA,NA,NA,NA,NA,NA,NA,NA,NA,NA,NA,NA,NA,NA,NA,NA,NA,NA,NA,NA,3e+05,3e+05,6,6,36,1
"360","A03",1,"std3E5","3uL","QtyorID","Standard",1,0.0212,"19.19","3.00e+005",0.982,-3.354,"qpcr947","MONIS6","AssID12","Cragig","plt02","qpcrrundate20220728",3e+05,"Cragig","std3E5",19.19,"std3E5",NA,NA,NA,NA,NA,NA,NA,NA,NA,NA,NA,NA,NA,NA,NA,NA,NA,NA,NA,NA,NA,NA,NA,NA,NA,NA,NA,NA,NA,NA,NA,NA,NA,3e+05,3e+05,6,6,36,1
"361","B01",2,"std3E4","3uL","QtyorID","Standard",2,0.0212,"21.93","3.00e+004",0.982,-3.354,"qpcr947","MONIS6","AssID12","Cragig","plt02","qpcrrundate20220728",30000,"Cragig","std3E4",21.93,"std3E4",NA,NA,NA,NA,NA,NA,NA,NA,NA,NA,NA,NA,NA,NA,NA,NA,NA,NA,NA,NA,NA,NA,NA,NA,NA,NA,NA,NA,NA,NA,NA,NA,NA,30000,30000,5,6,35,1
"362","B02",2,"std3E4","3uL","QtyorID","Standard",2,0.0212,"22.39","3.00e+004",0.982,-3.354,"qpcr947","MONIS6","AssID12","Cragig","plt02","qpcrrundate20220728",30000,"Cragig","std3E4",22.39,"std3E4",NA,NA,NA,NA,NA,NA,NA,NA,NA,NA,NA,NA,NA,NA,NA,NA,NA,NA,NA,NA,NA,NA,NA,NA,NA,NA,NA,NA,NA,NA,NA,NA,NA,30000,30000,5,6,35,1
"363","B03",2,"std3E4","3uL","QtyorID","Standard",2,0.0212,"21.92","3.00e+004",0.982,-3.354,"qpcr947","MONIS6","AssID12","Cragig","plt02","qpcrrundate20220728",30000,"Cragig","std3E4",21.92,"std3E4",NA,NA,NA,NA,NA,NA,NA,NA,NA,NA,NA,NA,NA,NA,NA,NA,NA,NA,NA,NA,NA,NA,NA,NA,NA,NA,NA,NA,NA,NA,NA,NA,NA,30000,30000,5,6,35,1
"364","C01",3,"std3E3","3uL","QtyorID","Standard",3,0.0212,"25.67","3.00e+003",0.982,-3.354,"qpcr947","MONIS6","AssID12","Cragig","plt02","qpcrrundate20220728",3000,"Cragig","std3E3",25.67,"std3E3",NA,NA,NA,NA,NA,NA,NA,NA,NA,NA,NA,NA,NA,NA,NA,NA,NA,NA,NA,NA,NA,NA,NA,NA,NA,NA,NA,NA,NA,NA,NA,NA,NA,3000,3000,4,6,34,1
"365","C02",3,"std3E3","3uL","QtyorID","Standard",3,0.0212,"25.81","3.00e+003",0.982,-3.354,"qpcr947","MONIS6","AssID12","Cragig","plt02","qpcrrundate20220728",3000,"Cragig","std3E3",25.81,"std3E3",NA,NA,NA,NA,NA,NA,NA,NA,NA,NA,NA,NA,NA,NA,NA,NA,NA,NA,NA,NA,NA,NA,NA,NA,NA,NA,NA,NA,NA,NA,NA,NA,NA,3000,3000,4,6,34,1
"366","C03",3,"std3E3","3uL","QtyorID","Standard",3,0.0212,"25.32","3.00e+003",0.982,-3.354,"qpcr947","MONIS6","AssID12","Cragig","plt02","qpcrrundate20220728",3000,"Cragig","std3E3",25.32,"std3E3",NA,NA,NA,NA,NA,NA,NA,NA,NA,NA,NA,NA,NA,NA,NA,NA,NA,NA,NA,NA,NA,NA,NA,NA,NA,NA,NA,NA,NA,NA,NA,NA,NA,3000,3000,4,6,34,1
"367","D01",4,"std3E2","3uL","QtyorID","Standard",4,0.0212,"29.25","3.00e+002",0.982,-3.354,"qpcr947","MONIS6","AssID12","Cragig","plt02","qpcrrundate20220728",300,"Cragig","std3E2",29.25,"std3E2",NA,NA,NA,NA,NA,NA,NA,NA,NA,NA,NA,NA,NA,NA,NA,NA,NA,NA,NA,NA,NA,NA,NA,NA,NA,NA,NA,NA,NA,NA,NA,NA,NA,300,300,3,6,33,1
"368","D02",4,"std3E2","3uL","QtyorID","Standard",4,0.0212,"29.55","3.00e+002",0.982,-3.354,"qpcr947","MONIS6","AssID12","Cragig","plt02","qpcrrundate20220728",300,"Cragig","std3E2",29.55,"std3E2",NA,NA,NA,NA,NA,NA,NA,NA,NA,NA,NA,NA,NA,NA,NA,NA,NA,NA,NA,NA,NA,NA,NA,NA,NA,NA,NA,NA,NA,NA,NA,NA,NA,300,300,3,6,33,1
"369","D03",4,"std3E2","3uL","QtyorID","Standard",4,0.0212,"29.59","3.00e+002",0.982,-3.354,"qpcr947","MONIS6","AssID12","Cragig","plt02","qpcrrundate20220728",300,"Cragig","std3E2",29.59,"std3E2",NA,NA,NA,NA,NA,NA,NA,NA,NA,NA,NA,NA,NA,NA,NA,NA,NA,NA,NA,NA,NA,NA,NA,NA,NA,NA,NA,NA,NA,NA,NA,NA,NA,300,300,3,6,33,1
"370","E01",5,"std3E1","3uL","QtyorID","Standard",5,0.0212,"32.68","3.00e+001",0.982,-3.354,"qpcr947","MONIS6","AssID12","Cragig","plt02","qpcrrundate20220728",30,"Cragig","std3E1",32.68,"std3E1",NA,NA,NA,NA,NA,NA,NA,NA,NA,NA,NA,NA,NA,NA,NA,NA,NA,NA,NA,NA,NA,NA,NA,NA,NA,NA,NA,NA,NA,NA,NA,NA,NA,30,30,2,6,32,1
"371","E02",5,"std3E1","3uL","QtyorID","Standard",5,0.0212,"32.06","3.00e+001",0.982,-3.354,"qpcr947","MONIS6","AssID12","Cragig","plt02","qpcrrundate20220728",30,"Cragig","std3E1",32.06,"std3E1",NA,NA,NA,NA,NA,NA,NA,NA,NA,NA,NA,NA,NA,NA,NA,NA,NA,NA,NA,NA,NA,NA,NA,NA,NA,NA,NA,NA,NA,NA,NA,NA,NA,30,30,2,6,32,1
"372","E03",5,"std3E1","3uL","QtyorID","Standard",5,0.0212,"31.65","3.00e+001",0.982,-3.354,"qpcr947","MONIS6","AssID12","Cragig","plt02","qpcrrundate20220728",30,"Cragig","std3E1",31.65,"std3E1",NA,NA,NA,NA,NA,NA,NA,NA,NA,NA,NA,NA,NA,NA,NA,NA,NA,NA,NA,NA,NA,NA,NA,NA,NA,NA,NA,NA,NA,NA,NA,NA,NA,30,30,2,6,32,1
"373","F01",6,"std3E0","3uL","QtyorID","Standard",6,0.0212,"36.56","3.00e+000",0.982,-3.354,"qpcr947","MONIS6","AssID12","Cragig","plt02","qpcrrundate20220728",3,"Cragig","std3E0",36.56,"std3E0",NA,NA,NA,NA,NA,NA,NA,NA,NA,NA,NA,NA,NA,NA,NA,NA,NA,NA,NA,NA,NA,NA,NA,NA,NA,NA,NA,NA,NA,NA,NA,NA,NA,3,3,1,6,31,1
"374","F02",6,"std3E0","3uL","QtyorID","Standard",6,0.0212,"36.66","3.00e+000",0.982,-3.354,"qpcr947","MONIS6","AssID12","Cragig","plt02","qpcrrundate20220728",3,"Cragig","std3E0",36.66,"std3E0",NA,NA,NA,NA,NA,NA,NA,NA,NA,NA,NA,NA,NA,NA,NA,NA,NA,NA,NA,NA,NA,NA,NA,NA,NA,NA,NA,NA,NA,NA,NA,NA,NA,3,3,1,6,31,1
"375","F03",6,"std3E0","3uL","QtyorID","Standard",6,0.0212,"37.59","3.00e+000",0.982,-3.354,"qpcr947","MONIS6","AssID12","Cragig","plt02","qpcrrundate20220728",3,"Cragig","std3E0",37.59,"std3E0",NA,NA,NA,NA,NA,NA,NA,NA,NA,NA,NA,NA,NA,NA,NA,NA,NA,NA,NA,NA,NA,NA,NA,NA,NA,NA,NA,NA,NA,NA,NA,NA,NA,3,3,1,6,31,1
"376","G01",7,"std3E-1","3uL","QtyorID","Standard",7,0.0212,"NoCt","NoCt",0.982,-3.354,"qpcr947","MONIS6","AssID12","Cragig","plt02","qpcrrundate20220728",0,"Cragig","std3E-1",0,"std3E1",NA,NA,NA,NA,NA,NA,NA,NA,NA,NA,NA,NA,NA,NA,NA,NA,NA,NA,NA,NA,NA,NA,NA,NA,NA,NA,NA,NA,NA,NA,NA,NA,NA,0.3,0.3,2,6,32,0
"377","G02",7,"std3E-1","3uL","QtyorID","Standard",7,0.0212,"NoCt","NoCt",0.982,-3.354,"qpcr947","MONIS6","AssID12","Cragig","plt02","qpcrrundate20220728",0,"Cragig","std3E-1",0,"std3E1",NA,NA,NA,NA,NA,NA,NA,NA,NA,NA,NA,NA,NA,NA,NA,NA,NA,NA,NA,NA,NA,NA,NA,NA,NA,NA,NA,NA,NA,NA,NA,NA,NA,0.3,0.3,2,6,32,0
"378","G03",7,"std3E-1","3uL","QtyorID","Standard",7,0.0212,"36.51","3.00e-001",0.982,-3.354,"qpcr947","MONIS6","AssID12","Cragig","plt02","qpcrrundate20220728",0.3,"Cragig","std3E-1",36.51,"std3E1",NA,NA,NA,NA,NA,NA,NA,NA,NA,NA,NA,NA,NA,NA,NA,NA,NA,NA,NA,NA,NA,NA,NA,NA,NA,NA,NA,NA,NA,NA,NA,NA,NA,0.3,0.3,2,6,32,1
"379","A01",1,"std3E5","3uL","QtyorID","Standard",1,0.0508,"19.92","3.00e+005",0.989,-3.231,"qpcr948","MONIS6","AssID02","Promin","plt01","qpcrrundate20220729",3e+05,"Promin","std3E5",19.92,"std3E5",NA,NA,NA,NA,NA,NA,NA,NA,NA,NA,NA,NA,NA,NA,NA,NA,NA,NA,NA,NA,NA,NA,NA,NA,NA,NA,NA,NA,NA,NA,NA,NA,NA,3e+05,3e+05,6,15,89,1
"380","A02",1,"std3E5","3uL","QtyorID","Standard",1,0.0508,"19.88","3.00e+005",0.989,-3.231,"qpcr948","MONIS6","AssID02","Promin","plt01","qpcrrundate20220729",3e+05,"Promin","std3E5",19.88,"std3E5",NA,NA,NA,NA,NA,NA,NA,NA,NA,NA,NA,NA,NA,NA,NA,NA,NA,NA,NA,NA,NA,NA,NA,NA,NA,NA,NA,NA,NA,NA,NA,NA,NA,3e+05,3e+05,6,15,89,1
"381","A03",1,"std3E5","3uL","QtyorID","Standard",1,0.0508,"20.28","3.00e+005",0.989,-3.231,"qpcr948","MONIS6","AssID02","Promin","plt01","qpcrrundate20220729",3e+05,"Promin","std3E5",20.28,"std3E5",NA,NA,NA,NA,NA,NA,NA,NA,NA,NA,NA,NA,NA,NA,NA,NA,NA,NA,NA,NA,NA,NA,NA,NA,NA,NA,NA,NA,NA,NA,NA,NA,NA,3e+05,3e+05,6,15,89,1
"382","B01",2,"std3E4","3uL","QtyorID","Standard",2,0.0508,"23.78","3.00e+004",0.989,-3.231,"qpcr948","MONIS6","AssID02","Promin","plt01","qpcrrundate20220729",30000,"Promin","std3E4",23.78,"std3E4",NA,NA,NA,NA,NA,NA,NA,NA,NA,NA,NA,NA,NA,NA,NA,NA,NA,NA,NA,NA,NA,NA,NA,NA,NA,NA,NA,NA,NA,NA,NA,NA,NA,30000,30000,5,15,88,1
"383","B02",2,"std3E4","3uL","QtyorID","Standard",2,0.0508,"23.82","3.00e+004",0.989,-3.231,"qpcr948","MONIS6","AssID02","Promin","plt01","qpcrrundate20220729",30000,"Promin","std3E4",23.82,"std3E4",NA,NA,NA,NA,NA,NA,NA,NA,NA,NA,NA,NA,NA,NA,NA,NA,NA,NA,NA,NA,NA,NA,NA,NA,NA,NA,NA,NA,NA,NA,NA,NA,NA,30000,30000,5,15,88,1
"384","B03",2,"std3E4","3uL","QtyorID","Standard",2,0.0508,"23.61","3.00e+004",0.989,-3.231,"qpcr948","MONIS6","AssID02","Promin","plt01","qpcrrundate20220729",30000,"Promin","std3E4",23.61,"std3E4",NA,NA,NA,NA,NA,NA,NA,NA,NA,NA,NA,NA,NA,NA,NA,NA,NA,NA,NA,NA,NA,NA,NA,NA,NA,NA,NA,NA,NA,NA,NA,NA,NA,30000,30000,5,15,88,1
"385","C01",3,"std3E3","3uL","QtyorID","Standard",3,0.0508,"26.87","3.00e+003",0.989,-3.231,"qpcr948","MONIS6","AssID02","Promin","plt01","qpcrrundate20220729",3000,"Promin","std3E3",26.87,"std3E3",NA,NA,NA,NA,NA,NA,NA,NA,NA,NA,NA,NA,NA,NA,NA,NA,NA,NA,NA,NA,NA,NA,NA,NA,NA,NA,NA,NA,NA,NA,NA,NA,NA,3000,3000,4,15,87,1
"386","C02",3,"std3E3","3uL","QtyorID","Standard",3,0.0508,"26.72","3.00e+003",0.989,-3.231,"qpcr948","MONIS6","AssID02","Promin","plt01","qpcrrundate20220729",3000,"Promin","std3E3",26.72,"std3E3",NA,NA,NA,NA,NA,NA,NA,NA,NA,NA,NA,NA,NA,NA,NA,NA,NA,NA,NA,NA,NA,NA,NA,NA,NA,NA,NA,NA,NA,NA,NA,NA,NA,3000,3000,4,15,87,1
"387","C03",3,"std3E3","3uL","QtyorID","Standard",3,0.0508,"27.17","3.00e+003",0.989,-3.231,"qpcr948","MONIS6","AssID02","Promin","plt01","qpcrrundate20220729",3000,"Promin","std3E3",27.17,"std3E3",NA,NA,NA,NA,NA,NA,NA,NA,NA,NA,NA,NA,NA,NA,NA,NA,NA,NA,NA,NA,NA,NA,NA,NA,NA,NA,NA,NA,NA,NA,NA,NA,NA,3000,3000,4,15,87,1
"388","D01",4,"std3E2","3uL","QtyorID","Standard",4,0.0508,"30.57","3.00e+002",0.989,-3.231,"qpcr948","MONIS6","AssID02","Promin","plt01","qpcrrundate20220729",300,"Promin","std3E2",30.57,"std3E2",NA,NA,NA,NA,NA,NA,NA,NA,NA,NA,NA,NA,NA,NA,NA,NA,NA,NA,NA,NA,NA,NA,NA,NA,NA,NA,NA,NA,NA,NA,NA,NA,NA,300,300,3,15,86,1
"389","D02",4,"std3E2","3uL","QtyorID","Standard",4,0.0508,"30.71","3.00e+002",0.989,-3.231,"qpcr948","MONIS6","AssID02","Promin","plt01","qpcrrundate20220729",300,"Promin","std3E2",30.71,"std3E2",NA,NA,NA,NA,NA,NA,NA,NA,NA,NA,NA,NA,NA,NA,NA,NA,NA,NA,NA,NA,NA,NA,NA,NA,NA,NA,NA,NA,NA,NA,NA,NA,NA,300,300,3,15,86,1
"390","D03",4,"std3E2","3uL","QtyorID","Standard",4,0.0508,"30.17","3.00e+002",0.989,-3.231,"qpcr948","MONIS6","AssID02","Promin","plt01","qpcrrundate20220729",300,"Promin","std3E2",30.17,"std3E2",NA,NA,NA,NA,NA,NA,NA,NA,NA,NA,NA,NA,NA,NA,NA,NA,NA,NA,NA,NA,NA,NA,NA,NA,NA,NA,NA,NA,NA,NA,NA,NA,NA,300,300,3,15,86,1
"391","E01",5,"std3E1","3uL","QtyorID","Standard",5,0.0508,"33.20","3.00e+001",0.989,-3.231,"qpcr948","MONIS6","AssID02","Promin","plt01","qpcrrundate20220729",30,"Promin","std3E1",33.2,"std3E1",NA,NA,NA,NA,NA,NA,NA,NA,NA,NA,NA,NA,NA,NA,NA,NA,NA,NA,NA,NA,NA,NA,NA,NA,NA,NA,NA,NA,NA,NA,NA,NA,NA,30,30,2,15,85,1
"392","E02",5,"std3E1","3uL","QtyorID","Standard",5,0.0508,"33.93","3.00e+001",0.989,-3.231,"qpcr948","MONIS6","AssID02","Promin","plt01","qpcrrundate20220729",30,"Promin","std3E1",33.93,"std3E1",NA,NA,NA,NA,NA,NA,NA,NA,NA,NA,NA,NA,NA,NA,NA,NA,NA,NA,NA,NA,NA,NA,NA,NA,NA,NA,NA,NA,NA,NA,NA,NA,NA,30,30,2,15,85,1
"393","E03",5,"std3E1","3uL","QtyorID","Standard",5,0.0508,"34.67","3.00e+001",0.989,-3.231,"qpcr948","MONIS6","AssID02","Promin","plt01","qpcrrundate20220729",30,"Promin","std3E1",34.67,"std3E1",NA,NA,NA,NA,NA,NA,NA,NA,NA,NA,NA,NA,NA,NA,NA,NA,NA,NA,NA,NA,NA,NA,NA,NA,NA,NA,NA,NA,NA,NA,NA,NA,NA,30,30,2,15,85,1
"394","F01",6,"std3E0","3uL","QtyorID","Standard",6,0.0508,"37.02","3.00e+000",0.989,-3.231,"qpcr948","MONIS6","AssID02","Promin","plt01","qpcrrundate20220729",3,"Promin","std3E0",37.02,"std3E0",NA,NA,NA,NA,NA,NA,NA,NA,NA,NA,NA,NA,NA,NA,NA,NA,NA,NA,NA,NA,NA,NA,NA,NA,NA,NA,NA,NA,NA,NA,NA,NA,NA,3,3,1,15,84,1
"395","F02",6,"std3E0","3uL","QtyorID","Standard",6,0.0508,"NoCt","NoCt",0.989,-3.231,"qpcr948","MONIS6","AssID02","Promin","plt01","qpcrrundate20220729",0,"Promin","std3E0",0,"std3E0",NA,NA,NA,NA,NA,NA,NA,NA,NA,NA,NA,NA,NA,NA,NA,NA,NA,NA,NA,NA,NA,NA,NA,NA,NA,NA,NA,NA,NA,NA,NA,NA,NA,3,3,1,15,84,0
"396","F03",6,"std3E0","3uL","QtyorID","Standard",6,0.0508,"36.19","3.00e+000",0.989,-3.231,"qpcr948","MONIS6","AssID02","Promin","plt01","qpcrrundate20220729",3,"Promin","std3E0",36.19,"std3E0",NA,NA,NA,NA,NA,NA,NA,NA,NA,NA,NA,NA,NA,NA,NA,NA,NA,NA,NA,NA,NA,NA,NA,NA,NA,NA,NA,NA,NA,NA,NA,NA,NA,3,3,1,15,84,1
"397","G01",7,"std3E-1","3uL","QtyorID","Standard",7,0.0508,"NoCt","NoCt",0.989,-3.231,"qpcr948","MONIS6","AssID02","Promin","plt01","qpcrrundate20220729",0,"Promin","std3E-1",0,"std3E1",NA,NA,NA,NA,NA,NA,NA,NA,NA,NA,NA,NA,NA,NA,NA,NA,NA,NA,NA,NA,NA,NA,NA,NA,NA,NA,NA,NA,NA,NA,NA,NA,NA,0.3,0.3,2,15,85,0
"398","G02",7,"std3E-1","3uL","QtyorID","Standard",7,0.0508,"38.14","3.00e-001",0.989,-3.231,"qpcr948","MONIS6","AssID02","Promin","plt01","qpcrrundate20220729",0.3,"Promin","std3E-1",38.14,"std3E1",NA,NA,NA,NA,NA,NA,NA,NA,NA,NA,NA,NA,NA,NA,NA,NA,NA,NA,NA,NA,NA,NA,NA,NA,NA,NA,NA,NA,NA,NA,NA,NA,NA,0.3,0.3,2,15,85,1
"399","G03",7,"std3E-1","3uL","QtyorID","Standard",7,0.0508,"NoCt","NoCt",0.989,-3.231,"qpcr948","MONIS6","AssID02","Promin","plt01","qpcrrundate20220729",0,"Promin","std3E-1",0,"std3E1",NA,NA,NA,NA,NA,NA,NA,NA,NA,NA,NA,NA,NA,NA,NA,NA,NA,NA,NA,NA,NA,NA,NA,NA,NA,NA,NA,NA,NA,NA,NA,NA,NA,0.3,0.3,2,15,85,0
"400","A01",1,"std3E5","3uL","QtyorID","Standard",1,0.0698,"20.78","3.00e+005",0.986,-3.306,"qpcr949","MONIS6","AssID02","Promin","plt02","qpcrrundate20220729",3e+05,"Promin","std3E5",20.78,"std3E5",NA,NA,NA,NA,NA,NA,NA,NA,NA,NA,NA,NA,NA,NA,NA,NA,NA,NA,NA,NA,NA,NA,NA,NA,NA,NA,NA,NA,NA,NA,NA,NA,NA,3e+05,3e+05,6,15,89,1
"401","A02",1,"std3E5","3uL","QtyorID","Standard",1,0.0698,"21.03","3.00e+005",0.986,-3.306,"qpcr949","MONIS6","AssID02","Promin","plt02","qpcrrundate20220729",3e+05,"Promin","std3E5",21.03,"std3E5",NA,NA,NA,NA,NA,NA,NA,NA,NA,NA,NA,NA,NA,NA,NA,NA,NA,NA,NA,NA,NA,NA,NA,NA,NA,NA,NA,NA,NA,NA,NA,NA,NA,3e+05,3e+05,6,15,89,1
"402","A03",1,"std3E5","3uL","QtyorID","Standard",1,0.0698,"20.90","3.00e+005",0.986,-3.306,"qpcr949","MONIS6","AssID02","Promin","plt02","qpcrrundate20220729",3e+05,"Promin","std3E5",20.9,"std3E5",NA,NA,NA,NA,NA,NA,NA,NA,NA,NA,NA,NA,NA,NA,NA,NA,NA,NA,NA,NA,NA,NA,NA,NA,NA,NA,NA,NA,NA,NA,NA,NA,NA,3e+05,3e+05,6,15,89,1
"403","B01",2,"std3E4","3uL","QtyorID","Standard",2,0.0698,"24.08","3.00e+004",0.986,-3.306,"qpcr949","MONIS6","AssID02","Promin","plt02","qpcrrundate20220729",30000,"Promin","std3E4",24.08,"std3E4",NA,NA,NA,NA,NA,NA,NA,NA,NA,NA,NA,NA,NA,NA,NA,NA,NA,NA,NA,NA,NA,NA,NA,NA,NA,NA,NA,NA,NA,NA,NA,NA,NA,30000,30000,5,15,88,1
"404","B02",2,"std3E4","3uL","QtyorID","Standard",2,0.0698,"24.28","3.00e+004",0.986,-3.306,"qpcr949","MONIS6","AssID02","Promin","plt02","qpcrrundate20220729",30000,"Promin","std3E4",24.28,"std3E4",NA,NA,NA,NA,NA,NA,NA,NA,NA,NA,NA,NA,NA,NA,NA,NA,NA,NA,NA,NA,NA,NA,NA,NA,NA,NA,NA,NA,NA,NA,NA,NA,NA,30000,30000,5,15,88,1
"405","B03",2,"std3E4","3uL","QtyorID","Standard",2,0.0698,"24.11","3.00e+004",0.986,-3.306,"qpcr949","MONIS6","AssID02","Promin","plt02","qpcrrundate20220729",30000,"Promin","std3E4",24.11,"std3E4",NA,NA,NA,NA,NA,NA,NA,NA,NA,NA,NA,NA,NA,NA,NA,NA,NA,NA,NA,NA,NA,NA,NA,NA,NA,NA,NA,NA,NA,NA,NA,NA,NA,30000,30000,5,15,88,1
"406","C01",3,"std3E3","3uL","QtyorID","Standard",3,0.0698,"27.35","3.00e+003",0.986,-3.306,"qpcr949","MONIS6","AssID02","Promin","plt02","qpcrrundate20220729",3000,"Promin","std3E3",27.35,"std3E3",NA,NA,NA,NA,NA,NA,NA,NA,NA,NA,NA,NA,NA,NA,NA,NA,NA,NA,NA,NA,NA,NA,NA,NA,NA,NA,NA,NA,NA,NA,NA,NA,NA,3000,3000,4,15,87,1
"407","C02",3,"std3E3","3uL","QtyorID","Standard",3,0.0698,"27.51","3.00e+003",0.986,-3.306,"qpcr949","MONIS6","AssID02","Promin","plt02","qpcrrundate20220729",3000,"Promin","std3E3",27.51,"std3E3",NA,NA,NA,NA,NA,NA,NA,NA,NA,NA,NA,NA,NA,NA,NA,NA,NA,NA,NA,NA,NA,NA,NA,NA,NA,NA,NA,NA,NA,NA,NA,NA,NA,3000,3000,4,15,87,1
"408","C03",3,"std3E3","3uL","QtyorID","Standard",3,0.0698,"27.50","3.00e+003",0.986,-3.306,"qpcr949","MONIS6","AssID02","Promin","plt02","qpcrrundate20220729",3000,"Promin","std3E3",27.5,"std3E3",NA,NA,NA,NA,NA,NA,NA,NA,NA,NA,NA,NA,NA,NA,NA,NA,NA,NA,NA,NA,NA,NA,NA,NA,NA,NA,NA,NA,NA,NA,NA,NA,NA,3000,3000,4,15,87,1
"409","D01",4,"std3E2","3uL","QtyorID","Standard",4,0.0698,"30.88","3.00e+002",0.986,-3.306,"qpcr949","MONIS6","AssID02","Promin","plt02","qpcrrundate20220729",300,"Promin","std3E2",30.88,"std3E2",NA,NA,NA,NA,NA,NA,NA,NA,NA,NA,NA,NA,NA,NA,NA,NA,NA,NA,NA,NA,NA,NA,NA,NA,NA,NA,NA,NA,NA,NA,NA,NA,NA,300,300,3,15,86,1
"410","D02",4,"std3E2","3uL","QtyorID","Standard",4,0.0698,"31.00","3.00e+002",0.986,-3.306,"qpcr949","MONIS6","AssID02","Promin","plt02","qpcrrundate20220729",300,"Promin","std3E2",31,"std3E2",NA,NA,NA,NA,NA,NA,NA,NA,NA,NA,NA,NA,NA,NA,NA,NA,NA,NA,NA,NA,NA,NA,NA,NA,NA,NA,NA,NA,NA,NA,NA,NA,NA,300,300,3,15,86,1
"411","D03",4,"std3E2","3uL","QtyorID","Standard",4,0.0698,"30.84","3.00e+002",0.986,-3.306,"qpcr949","MONIS6","AssID02","Promin","plt02","qpcrrundate20220729",300,"Promin","std3E2",30.84,"std3E2",NA,NA,NA,NA,NA,NA,NA,NA,NA,NA,NA,NA,NA,NA,NA,NA,NA,NA,NA,NA,NA,NA,NA,NA,NA,NA,NA,NA,NA,NA,NA,NA,NA,300,300,3,15,86,1
"412","E01",5,"std3E1","3uL","QtyorID","Standard",5,0.0698,"34.04","3.00e+001",0.986,-3.306,"qpcr949","MONIS6","AssID02","Promin","plt02","qpcrrundate20220729",30,"Promin","std3E1",34.04,"std3E1",NA,NA,NA,NA,NA,NA,NA,NA,NA,NA,NA,NA,NA,NA,NA,NA,NA,NA,NA,NA,NA,NA,NA,NA,NA,NA,NA,NA,NA,NA,NA,NA,NA,30,30,2,15,85,1
"413","E02",5,"std3E1","3uL","QtyorID","Standard",5,0.0698,"34.07","3.00e+001",0.986,-3.306,"qpcr949","MONIS6","AssID02","Promin","plt02","qpcrrundate20220729",30,"Promin","std3E1",34.07,"std3E1",NA,NA,NA,NA,NA,NA,NA,NA,NA,NA,NA,NA,NA,NA,NA,NA,NA,NA,NA,NA,NA,NA,NA,NA,NA,NA,NA,NA,NA,NA,NA,NA,NA,30,30,2,15,85,1
"414","E03",5,"std3E1","3uL","QtyorID","Standard",5,0.0698,"34.30","3.00e+001",0.986,-3.306,"qpcr949","MONIS6","AssID02","Promin","plt02","qpcrrundate20220729",30,"Promin","std3E1",34.3,"std3E1",NA,NA,NA,NA,NA,NA,NA,NA,NA,NA,NA,NA,NA,NA,NA,NA,NA,NA,NA,NA,NA,NA,NA,NA,NA,NA,NA,NA,NA,NA,NA,NA,NA,30,30,2,15,85,1
"415","F01",6,"std3E0","3uL","QtyorID","Standard",6,0.0698,"38.88","3.00e+000",0.986,-3.306,"qpcr949","MONIS6","AssID02","Promin","plt02","qpcrrundate20220729",3,"Promin","std3E0",38.88,"std3E0",NA,NA,NA,NA,NA,NA,NA,NA,NA,NA,NA,NA,NA,NA,NA,NA,NA,NA,NA,NA,NA,NA,NA,NA,NA,NA,NA,NA,NA,NA,NA,NA,NA,3,3,1,15,84,1
"416","F02",6,"std3E0","3uL","QtyorID","Standard",6,0.0698,"36.23","3.00e+000",0.986,-3.306,"qpcr949","MONIS6","AssID02","Promin","plt02","qpcrrundate20220729",3,"Promin","std3E0",36.23,"std3E0",NA,NA,NA,NA,NA,NA,NA,NA,NA,NA,NA,NA,NA,NA,NA,NA,NA,NA,NA,NA,NA,NA,NA,NA,NA,NA,NA,NA,NA,NA,NA,NA,NA,3,3,1,15,84,1
"417","F03",6,"std3E0","3uL","QtyorID","Standard",6,0.0698,"39.29","3.00e+000",0.986,-3.306,"qpcr949","MONIS6","AssID02","Promin","plt02","qpcrrundate20220729",3,"Promin","std3E0",39.29,"std3E0",NA,NA,NA,NA,NA,NA,NA,NA,NA,NA,NA,NA,NA,NA,NA,NA,NA,NA,NA,NA,NA,NA,NA,NA,NA,NA,NA,NA,NA,NA,NA,NA,NA,3,3,1,15,84,1
"418","G01",7,"std3E-1","3uL","QtyorID","Standard",7,0.0698,"NoCt","NoCt",0.986,-3.306,"qpcr949","MONIS6","AssID02","Promin","plt02","qpcrrundate20220729",0,"Promin","std3E-1",0,"std3E1",NA,NA,NA,NA,NA,NA,NA,NA,NA,NA,NA,NA,NA,NA,NA,NA,NA,NA,NA,NA,NA,NA,NA,NA,NA,NA,NA,NA,NA,NA,NA,NA,NA,0.3,0.3,2,15,85,0
"419","G02",7,"std3E-1","3uL","QtyorID","Standard",7,0.0698,"NoCt","NoCt",0.986,-3.306,"qpcr949","MONIS6","AssID02","Promin","plt02","qpcrrundate20220729",0,"Promin","std3E-1",0,"std3E1",NA,NA,NA,NA,NA,NA,NA,NA,NA,NA,NA,NA,NA,NA,NA,NA,NA,NA,NA,NA,NA,NA,NA,NA,NA,NA,NA,NA,NA,NA,NA,NA,NA,0.3,0.3,2,15,85,0
"420","G03",7,"std3E-1","3uL","QtyorID","Standard",7,0.0698,"39.12","3.00e-001",0.986,-3.306,"qpcr949","MONIS6","AssID02","Promin","plt02","qpcrrundate20220729",0.3,"Promin","std3E-1",39.12,"std3E1",NA,NA,NA,NA,NA,NA,NA,NA,NA,NA,NA,NA,NA,NA,NA,NA,NA,NA,NA,NA,NA,NA,NA,NA,NA,NA,NA,NA,NA,NA,NA,NA,NA,0.3,0.3,2,15,85,1
"421","A01",1,"std3E5","3uL","QtyorID","Standard",1,0.0913,"21.70","3.00e+005",0.994,-3.435,"qpcr952","MONIS6","AssID08","Colper","plt01","qpcrrundate202200810",3e+05,"Colper","std3E5",21.7,"std3E5",NA,NA,NA,NA,NA,NA,NA,NA,NA,NA,NA,NA,NA,NA,NA,NA,NA,NA,NA,NA,NA,NA,NA,NA,NA,NA,NA,NA,NA,NA,NA,NA,NA,3e+05,3e+05,6,4,24,1
"422","A02",1,"std3E5","3uL","QtyorID","Standard",1,0.0913,"21.81","3.00e+005",0.994,-3.435,"qpcr952","MONIS6","AssID08","Colper","plt01","qpcrrundate202200810",3e+05,"Colper","std3E5",21.81,"std3E5",NA,NA,NA,NA,NA,NA,NA,NA,NA,NA,NA,NA,NA,NA,NA,NA,NA,NA,NA,NA,NA,NA,NA,NA,NA,NA,NA,NA,NA,NA,NA,NA,NA,3e+05,3e+05,6,4,24,1
"423","A03",1,"std3E5","3uL","QtyorID","Standard",1,0.0913,"21.78","3.00e+005",0.994,-3.435,"qpcr952","MONIS6","AssID08","Colper","plt01","qpcrrundate202200810",3e+05,"Colper","std3E5",21.78,"std3E5",NA,NA,NA,NA,NA,NA,NA,NA,NA,NA,NA,NA,NA,NA,NA,NA,NA,NA,NA,NA,NA,NA,NA,NA,NA,NA,NA,NA,NA,NA,NA,NA,NA,3e+05,3e+05,6,4,24,1
"424","B01",2,"std3E4","3uL","QtyorID","Standard",2,0.0913,"25.20","3.00e+004",0.994,-3.435,"qpcr952","MONIS6","AssID08","Colper","plt01","qpcrrundate202200810",30000,"Colper","std3E4",25.2,"std3E4",NA,NA,NA,NA,NA,NA,NA,NA,NA,NA,NA,NA,NA,NA,NA,NA,NA,NA,NA,NA,NA,NA,NA,NA,NA,NA,NA,NA,NA,NA,NA,NA,NA,30000,30000,5,4,23,1
"425","B02",2,"std3E4","3uL","QtyorID","Standard",2,0.0913,"25.08","3.00e+004",0.994,-3.435,"qpcr952","MONIS6","AssID08","Colper","plt01","qpcrrundate202200810",30000,"Colper","std3E4",25.08,"std3E4",NA,NA,NA,NA,NA,NA,NA,NA,NA,NA,NA,NA,NA,NA,NA,NA,NA,NA,NA,NA,NA,NA,NA,NA,NA,NA,NA,NA,NA,NA,NA,NA,NA,30000,30000,5,4,23,1
"426","B03",2,"std3E4","3uL","QtyorID","Standard",2,0.0913,"25.15","3.00e+004",0.994,-3.435,"qpcr952","MONIS6","AssID08","Colper","plt01","qpcrrundate202200810",30000,"Colper","std3E4",25.15,"std3E4",NA,NA,NA,NA,NA,NA,NA,NA,NA,NA,NA,NA,NA,NA,NA,NA,NA,NA,NA,NA,NA,NA,NA,NA,NA,NA,NA,NA,NA,NA,NA,NA,NA,30000,30000,5,4,23,1
"427","C01",3,"std3E3","3uL","QtyorID","Standard",3,0.0913,"28.60","3.00e+003",0.994,-3.435,"qpcr952","MONIS6","AssID08","Colper","plt01","qpcrrundate202200810",3000,"Colper","std3E3",28.6,"std3E3",NA,NA,NA,NA,NA,NA,NA,NA,NA,NA,NA,NA,NA,NA,NA,NA,NA,NA,NA,NA,NA,NA,NA,NA,NA,NA,NA,NA,NA,NA,NA,NA,NA,3000,3000,4,4,22,1
"428","C02",3,"std3E3","3uL","QtyorID","Standard",3,0.0913,"28.79","3.00e+003",0.994,-3.435,"qpcr952","MONIS6","AssID08","Colper","plt01","qpcrrundate202200810",3000,"Colper","std3E3",28.79,"std3E3",NA,NA,NA,NA,NA,NA,NA,NA,NA,NA,NA,NA,NA,NA,NA,NA,NA,NA,NA,NA,NA,NA,NA,NA,NA,NA,NA,NA,NA,NA,NA,NA,NA,3000,3000,4,4,22,1
"429","C03",3,"std3E3","3uL","QtyorID","Standard",3,0.0913,"28.64","3.00e+003",0.994,-3.435,"qpcr952","MONIS6","AssID08","Colper","plt01","qpcrrundate202200810",3000,"Colper","std3E3",28.64,"std3E3",NA,NA,NA,NA,NA,NA,NA,NA,NA,NA,NA,NA,NA,NA,NA,NA,NA,NA,NA,NA,NA,NA,NA,NA,NA,NA,NA,NA,NA,NA,NA,NA,NA,3000,3000,4,4,22,1
"430","D01",4,"std3E2","3uL","QtyorID","Standard",4,0.0913,"32.20","3.00e+002",0.994,-3.435,"qpcr952","MONIS6","AssID08","Colper","plt01","qpcrrundate202200810",300,"Colper","std3E2",32.2,"std3E2",NA,NA,NA,NA,NA,NA,NA,NA,NA,NA,NA,NA,NA,NA,NA,NA,NA,NA,NA,NA,NA,NA,NA,NA,NA,NA,NA,NA,NA,NA,NA,NA,NA,300,300,3,4,21,1
"431","D02",4,"std3E2","3uL","QtyorID","Standard",4,0.0913,"32.18","3.00e+002",0.994,-3.435,"qpcr952","MONIS6","AssID08","Colper","plt01","qpcrrundate202200810",300,"Colper","std3E2",32.18,"std3E2",NA,NA,NA,NA,NA,NA,NA,NA,NA,NA,NA,NA,NA,NA,NA,NA,NA,NA,NA,NA,NA,NA,NA,NA,NA,NA,NA,NA,NA,NA,NA,NA,NA,300,300,3,4,21,1
"432","D03",4,"std3E2","3uL","QtyorID","Standard",4,0.0913,"32.29","3.00e+002",0.994,-3.435,"qpcr952","MONIS6","AssID08","Colper","plt01","qpcrrundate202200810",300,"Colper","std3E2",32.29,"std3E2",NA,NA,NA,NA,NA,NA,NA,NA,NA,NA,NA,NA,NA,NA,NA,NA,NA,NA,NA,NA,NA,NA,NA,NA,NA,NA,NA,NA,NA,NA,NA,NA,NA,300,300,3,4,21,1
"433","E01",5,"std3E1","3uL","QtyorID","Standard",5,0.0913,"35.36","3.00e+001",0.994,-3.435,"qpcr952","MONIS6","AssID08","Colper","plt01","qpcrrundate202200810",30,"Colper","std3E1",35.36,"std3E1",NA,NA,NA,NA,NA,NA,NA,NA,NA,NA,NA,NA,NA,NA,NA,NA,NA,NA,NA,NA,NA,NA,NA,NA,NA,NA,NA,NA,NA,NA,NA,NA,NA,30,30,2,4,20,1
"434","E02",5,"std3E1","3uL","QtyorID","Standard",5,0.0913,"36.27","3.00e+001",0.994,-3.435,"qpcr952","MONIS6","AssID08","Colper","plt01","qpcrrundate202200810",30,"Colper","std3E1",36.27,"std3E1",NA,NA,NA,NA,NA,NA,NA,NA,NA,NA,NA,NA,NA,NA,NA,NA,NA,NA,NA,NA,NA,NA,NA,NA,NA,NA,NA,NA,NA,NA,NA,NA,NA,30,30,2,4,20,1
"435","E03",5,"std3E1","3uL","QtyorID","Standard",5,0.0913,"35.65","3.00e+001",0.994,-3.435,"qpcr952","MONIS6","AssID08","Colper","plt01","qpcrrundate202200810",30,"Colper","std3E1",35.65,"std3E1",NA,NA,NA,NA,NA,NA,NA,NA,NA,NA,NA,NA,NA,NA,NA,NA,NA,NA,NA,NA,NA,NA,NA,NA,NA,NA,NA,NA,NA,NA,NA,NA,NA,30,30,2,4,20,1
"436","F01",6,"std3E0","3uL","QtyorID","Standard",6,0.0913,"39.44","3.00e+000",0.994,-3.435,"qpcr952","MONIS6","AssID08","Colper","plt01","qpcrrundate202200810",3,"Colper","std3E0",39.44,"std3E0",NA,NA,NA,NA,NA,NA,NA,NA,NA,NA,NA,NA,NA,NA,NA,NA,NA,NA,NA,NA,NA,NA,NA,NA,NA,NA,NA,NA,NA,NA,NA,NA,NA,3,3,1,4,19,1
"437","F02",6,"std3E0","3uL","QtyorID","Standard",6,0.0913,"40.02","3.00e+000",0.994,-3.435,"qpcr952","MONIS6","AssID08","Colper","plt01","qpcrrundate202200810",3,"Colper","std3E0",40.02,"std3E0",NA,NA,NA,NA,NA,NA,NA,NA,NA,NA,NA,NA,NA,NA,NA,NA,NA,NA,NA,NA,NA,NA,NA,NA,NA,NA,NA,NA,NA,NA,NA,NA,NA,3,3,1,4,19,1
"438","F03",6,"std3E0","3uL","QtyorID","Standard",6,0.0913,"NoCt","NoCt",0.994,-3.435,"qpcr952","MONIS6","AssID08","Colper","plt01","qpcrrundate202200810",0,"Colper","std3E0",0,"std3E0",NA,NA,NA,NA,NA,NA,NA,NA,NA,NA,NA,NA,NA,NA,NA,NA,NA,NA,NA,NA,NA,NA,NA,NA,NA,NA,NA,NA,NA,NA,NA,NA,NA,3,3,1,4,19,0
"439","G01",7,"std3E-1","3uL","QtyorID","Standard",7,0.0913,"NoCt","NoCt",0.994,-3.435,"qpcr952","MONIS6","AssID08","Colper","plt01","qpcrrundate202200810",0,"Colper","std3E-1",0,"std3E1",NA,NA,NA,NA,NA,NA,NA,NA,NA,NA,NA,NA,NA,NA,NA,NA,NA,NA,NA,NA,NA,NA,NA,NA,NA,NA,NA,NA,NA,NA,NA,NA,NA,0.3,0.3,2,4,20,0
"440","G02",7,"std3E-1","3uL","QtyorID","Standard",7,0.0913,"NoCt","NoCt",0.994,-3.435,"qpcr952","MONIS6","AssID08","Colper","plt01","qpcrrundate202200810",0,"Colper","std3E-1",0,"std3E1",NA,NA,NA,NA,NA,NA,NA,NA,NA,NA,NA,NA,NA,NA,NA,NA,NA,NA,NA,NA,NA,NA,NA,NA,NA,NA,NA,NA,NA,NA,NA,NA,NA,0.3,0.3,2,4,20,0
"441","G03",7,"std3E-1","3uL","QtyorID","Standard",7,0.0913,"40.82","3.00e-001",0.994,-3.435,"qpcr952","MONIS6","AssID08","Colper","plt01","qpcrrundate202200810",0.3,"Colper","std3E-1",40.82,"std3E1",NA,NA,NA,NA,NA,NA,NA,NA,NA,NA,NA,NA,NA,NA,NA,NA,NA,NA,NA,NA,NA,NA,NA,NA,NA,NA,NA,NA,NA,NA,NA,NA,NA,0.3,0.3,2,4,20,1
"442","A01",1,"std3E5","3uL","QtyorID","Standard",1,0.0236,"19.62","3.00e+005",0.994,-3.352,"qpcr953","MONIS6","AssID08","Colper","plt02","qpcrrundate202200810",3e+05,"Colper","std3E5",19.62,"std3E5",NA,NA,NA,NA,NA,NA,NA,NA,NA,NA,NA,NA,NA,NA,NA,NA,NA,NA,NA,NA,NA,NA,NA,NA,NA,NA,NA,NA,NA,NA,NA,NA,NA,3e+05,3e+05,6,4,24,1
"443","A02",1,"std3E5","3uL","QtyorID","Standard",1,0.0236,"20.78","3.00e+005",0.994,-3.352,"qpcr953","MONIS6","AssID08","Colper","plt02","qpcrrundate202200810",3e+05,"Colper","std3E5",20.78,"std3E5",NA,NA,NA,NA,NA,NA,NA,NA,NA,NA,NA,NA,NA,NA,NA,NA,NA,NA,NA,NA,NA,NA,NA,NA,NA,NA,NA,NA,NA,NA,NA,NA,NA,3e+05,3e+05,6,4,24,1
"444","A03",1,"std3E5","3uL","QtyorID","Standard",1,0.0236,"19.66","3.00e+005",0.994,-3.352,"qpcr953","MONIS6","AssID08","Colper","plt02","qpcrrundate202200810",3e+05,"Colper","std3E5",19.66,"std3E5",NA,NA,NA,NA,NA,NA,NA,NA,NA,NA,NA,NA,NA,NA,NA,NA,NA,NA,NA,NA,NA,NA,NA,NA,NA,NA,NA,NA,NA,NA,NA,NA,NA,3e+05,3e+05,6,4,24,1
"445","B01",2,"std3E4","3uL","QtyorID","Standard",2,0.0236,"22.75","3.00e+004",0.994,-3.352,"qpcr953","MONIS6","AssID08","Colper","plt02","qpcrrundate202200810",30000,"Colper","std3E4",22.75,"std3E4",NA,NA,NA,NA,NA,NA,NA,NA,NA,NA,NA,NA,NA,NA,NA,NA,NA,NA,NA,NA,NA,NA,NA,NA,NA,NA,NA,NA,NA,NA,NA,NA,NA,30000,30000,5,4,23,1
"446","B02",2,"std3E4","3uL","QtyorID","Standard",2,0.0236,"22.92","3.00e+004",0.994,-3.352,"qpcr953","MONIS6","AssID08","Colper","plt02","qpcrrundate202200810",30000,"Colper","std3E4",22.92,"std3E4",NA,NA,NA,NA,NA,NA,NA,NA,NA,NA,NA,NA,NA,NA,NA,NA,NA,NA,NA,NA,NA,NA,NA,NA,NA,NA,NA,NA,NA,NA,NA,NA,NA,30000,30000,5,4,23,1
"447","B03",2,"std3E4","3uL","QtyorID","Standard",2,0.0236,"22.76","3.00e+004",0.994,-3.352,"qpcr953","MONIS6","AssID08","Colper","plt02","qpcrrundate202200810",30000,"Colper","std3E4",22.76,"std3E4",NA,NA,NA,NA,NA,NA,NA,NA,NA,NA,NA,NA,NA,NA,NA,NA,NA,NA,NA,NA,NA,NA,NA,NA,NA,NA,NA,NA,NA,NA,NA,NA,NA,30000,30000,5,4,23,1
"448","C01",3,"std3E3","3uL","QtyorID","Standard",3,0.0236,"26.25","3.00e+003",0.994,-3.352,"qpcr953","MONIS6","AssID08","Colper","plt02","qpcrrundate202200810",3000,"Colper","std3E3",26.25,"std3E3",NA,NA,NA,NA,NA,NA,NA,NA,NA,NA,NA,NA,NA,NA,NA,NA,NA,NA,NA,NA,NA,NA,NA,NA,NA,NA,NA,NA,NA,NA,NA,NA,NA,3000,3000,4,4,22,1
"449","C02",3,"std3E3","3uL","QtyorID","Standard",3,0.0236,"26.13","3.00e+003",0.994,-3.352,"qpcr953","MONIS6","AssID08","Colper","plt02","qpcrrundate202200810",3000,"Colper","std3E3",26.13,"std3E3",NA,NA,NA,NA,NA,NA,NA,NA,NA,NA,NA,NA,NA,NA,NA,NA,NA,NA,NA,NA,NA,NA,NA,NA,NA,NA,NA,NA,NA,NA,NA,NA,NA,3000,3000,4,4,22,1
"450","C03",3,"std3E3","3uL","QtyorID","Standard",3,0.0236,"26.24","3.00e+003",0.994,-3.352,"qpcr953","MONIS6","AssID08","Colper","plt02","qpcrrundate202200810",3000,"Colper","std3E3",26.24,"std3E3",NA,NA,NA,NA,NA,NA,NA,NA,NA,NA,NA,NA,NA,NA,NA,NA,NA,NA,NA,NA,NA,NA,NA,NA,NA,NA,NA,NA,NA,NA,NA,NA,NA,3000,3000,4,4,22,1
"451","D01",4,"std3E2","3uL","QtyorID","Standard",4,0.0236,"29.96","3.00e+002",0.994,-3.352,"qpcr953","MONIS6","AssID08","Colper","plt02","qpcrrundate202200810",300,"Colper","std3E2",29.96,"std3E2",NA,NA,NA,NA,NA,NA,NA,NA,NA,NA,NA,NA,NA,NA,NA,NA,NA,NA,NA,NA,NA,NA,NA,NA,NA,NA,NA,NA,NA,NA,NA,NA,NA,300,300,3,4,21,1
"452","D02",4,"std3E2","3uL","QtyorID","Standard",4,0.0236,"29.66","3.00e+002",0.994,-3.352,"qpcr953","MONIS6","AssID08","Colper","plt02","qpcrrundate202200810",300,"Colper","std3E2",29.66,"std3E2",NA,NA,NA,NA,NA,NA,NA,NA,NA,NA,NA,NA,NA,NA,NA,NA,NA,NA,NA,NA,NA,NA,NA,NA,NA,NA,NA,NA,NA,NA,NA,NA,NA,300,300,3,4,21,1
"453","D03",4,"std3E2","3uL","QtyorID","Standard",4,0.0236,"29.98","3.00e+002",0.994,-3.352,"qpcr953","MONIS6","AssID08","Colper","plt02","qpcrrundate202200810",300,"Colper","std3E2",29.98,"std3E2",NA,NA,NA,NA,NA,NA,NA,NA,NA,NA,NA,NA,NA,NA,NA,NA,NA,NA,NA,NA,NA,NA,NA,NA,NA,NA,NA,NA,NA,NA,NA,NA,NA,300,300,3,4,21,1
"454","E01",5,"std3E1","3uL","QtyorID","Standard",5,0.0236,"33.33","3.00e+001",0.994,-3.352,"qpcr953","MONIS6","AssID08","Colper","plt02","qpcrrundate202200810",30,"Colper","std3E1",33.33,"std3E1",NA,NA,NA,NA,NA,NA,NA,NA,NA,NA,NA,NA,NA,NA,NA,NA,NA,NA,NA,NA,NA,NA,NA,NA,NA,NA,NA,NA,NA,NA,NA,NA,NA,30,30,2,4,20,1
"455","E02",5,"std3E1","3uL","QtyorID","Standard",5,0.0236,"33.40","3.00e+001",0.994,-3.352,"qpcr953","MONIS6","AssID08","Colper","plt02","qpcrrundate202200810",30,"Colper","std3E1",33.4,"std3E1",NA,NA,NA,NA,NA,NA,NA,NA,NA,NA,NA,NA,NA,NA,NA,NA,NA,NA,NA,NA,NA,NA,NA,NA,NA,NA,NA,NA,NA,NA,NA,NA,NA,30,30,2,4,20,1
"456","E03",5,"std3E1","3uL","QtyorID","Standard",5,0.0236,"33.22","3.00e+001",0.994,-3.352,"qpcr953","MONIS6","AssID08","Colper","plt02","qpcrrundate202200810",30,"Colper","std3E1",33.22,"std3E1",NA,NA,NA,NA,NA,NA,NA,NA,NA,NA,NA,NA,NA,NA,NA,NA,NA,NA,NA,NA,NA,NA,NA,NA,NA,NA,NA,NA,NA,NA,NA,NA,NA,30,30,2,4,20,1
"457","F01",6,"std3E0","3uL","QtyorID","Standard",6,0.0236,"37.09","3.00e+000",0.994,-3.352,"qpcr953","MONIS6","AssID08","Colper","plt02","qpcrrundate202200810",3,"Colper","std3E0",37.09,"std3E0",NA,NA,NA,NA,NA,NA,NA,NA,NA,NA,NA,NA,NA,NA,NA,NA,NA,NA,NA,NA,NA,NA,NA,NA,NA,NA,NA,NA,NA,NA,NA,NA,NA,3,3,1,4,19,1
"458","F02",6,"std3E0","3uL","QtyorID","Standard",6,0.0236,"35.43","3.00e+000",0.994,-3.352,"qpcr953","MONIS6","AssID08","Colper","plt02","qpcrrundate202200810",3,"Colper","std3E0",35.43,"std3E0",NA,NA,NA,NA,NA,NA,NA,NA,NA,NA,NA,NA,NA,NA,NA,NA,NA,NA,NA,NA,NA,NA,NA,NA,NA,NA,NA,NA,NA,NA,NA,NA,NA,3,3,1,4,19,1
"459","F03",6,"std3E0","3uL","QtyorID","Standard",6,0.0236,"36.80","3.00e+000",0.994,-3.352,"qpcr953","MONIS6","AssID08","Colper","plt02","qpcrrundate202200810",3,"Colper","std3E0",36.8,"std3E0",NA,NA,NA,NA,NA,NA,NA,NA,NA,NA,NA,NA,NA,NA,NA,NA,NA,NA,NA,NA,NA,NA,NA,NA,NA,NA,NA,NA,NA,NA,NA,NA,NA,3,3,1,4,19,1
"460","G01",7,"std3E-1","3uL","QtyorID","Standard",7,0.0236,"NoCt","NoCt",0.994,-3.352,"qpcr953","MONIS6","AssID08","Colper","plt02","qpcrrundate202200810",0,"Colper","std3E-1",0,"std3E1",NA,NA,NA,NA,NA,NA,NA,NA,NA,NA,NA,NA,NA,NA,NA,NA,NA,NA,NA,NA,NA,NA,NA,NA,NA,NA,NA,NA,NA,NA,NA,NA,NA,0.3,0.3,2,4,20,0
"461","G02",7,"std3E-1","3uL","QtyorID","Standard",7,0.0236,"NoCt","NoCt",0.994,-3.352,"qpcr953","MONIS6","AssID08","Colper","plt02","qpcrrundate202200810",0,"Colper","std3E-1",0,"std3E1",NA,NA,NA,NA,NA,NA,NA,NA,NA,NA,NA,NA,NA,NA,NA,NA,NA,NA,NA,NA,NA,NA,NA,NA,NA,NA,NA,NA,NA,NA,NA,NA,NA,0.3,0.3,2,4,20,0
"462","G03",7,"std3E-1","3uL","QtyorID","Standard",7,0.0236,"NoCt","NoCt",0.994,-3.352,"qpcr953","MONIS6","AssID08","Colper","plt02","qpcrrundate202200810",0,"Colper","std3E-1",0,"std3E1",NA,NA,NA,NA,NA,NA,NA,NA,NA,NA,NA,NA,NA,NA,NA,NA,NA,NA,NA,NA,NA,NA,NA,NA,NA,NA,NA,NA,NA,NA,NA,NA,NA,0.3,0.3,2,4,20,0
"463","A01",1,"std3E5","3uL","QtyorID","Standard",1,0.0551,"20.61","3.00e+005",0.997,-3.348,"qpcr954","MONIS6","AssID25","Calsap","plt01","qpcrrundate20220817",3e+05,"Calsap","std3E5",20.61,"std3E5",NA,NA,NA,NA,NA,NA,NA,NA,NA,NA,NA,NA,NA,NA,NA,NA,NA,NA,NA,NA,NA,NA,NA,NA,NA,NA,NA,NA,NA,NA,NA,NA,NA,3e+05,3e+05,6,2,12,1
"464","A02",1,"std3E5","3uL","QtyorID","Standard",1,0.0551,"20.43","3.00e+005",0.997,-3.348,"qpcr954","MONIS6","AssID25","Calsap","plt01","qpcrrundate20220817",3e+05,"Calsap","std3E5",20.43,"std3E5",NA,NA,NA,NA,NA,NA,NA,NA,NA,NA,NA,NA,NA,NA,NA,NA,NA,NA,NA,NA,NA,NA,NA,NA,NA,NA,NA,NA,NA,NA,NA,NA,NA,3e+05,3e+05,6,2,12,1
"465","A03",1,"std3E5","3uL","QtyorID","Standard",1,0.0551,"20.29","3.00e+005",0.997,-3.348,"qpcr954","MONIS6","AssID25","Calsap","plt01","qpcrrundate20220817",3e+05,"Calsap","std3E5",20.29,"std3E5",NA,NA,NA,NA,NA,NA,NA,NA,NA,NA,NA,NA,NA,NA,NA,NA,NA,NA,NA,NA,NA,NA,NA,NA,NA,NA,NA,NA,NA,NA,NA,NA,NA,3e+05,3e+05,6,2,12,1
"466","B01",2,"std3E4","3uL","QtyorID","Standard",2,0.0551,"23.94","3.00e+004",0.997,-3.348,"qpcr954","MONIS6","AssID25","Calsap","plt01","qpcrrundate20220817",30000,"Calsap","std3E4",23.94,"std3E4",NA,NA,NA,NA,NA,NA,NA,NA,NA,NA,NA,NA,NA,NA,NA,NA,NA,NA,NA,NA,NA,NA,NA,NA,NA,NA,NA,NA,NA,NA,NA,NA,NA,30000,30000,5,2,11,1
"467","B02",2,"std3E4","3uL","QtyorID","Standard",2,0.0551,"23.87","3.00e+004",0.997,-3.348,"qpcr954","MONIS6","AssID25","Calsap","plt01","qpcrrundate20220817",30000,"Calsap","std3E4",23.87,"std3E4",NA,NA,NA,NA,NA,NA,NA,NA,NA,NA,NA,NA,NA,NA,NA,NA,NA,NA,NA,NA,NA,NA,NA,NA,NA,NA,NA,NA,NA,NA,NA,NA,NA,30000,30000,5,2,11,1
"468","B03",2,"std3E4","3uL","QtyorID","Standard",2,0.0551,"23.98","3.00e+004",0.997,-3.348,"qpcr954","MONIS6","AssID25","Calsap","plt01","qpcrrundate20220817",30000,"Calsap","std3E4",23.98,"std3E4",NA,NA,NA,NA,NA,NA,NA,NA,NA,NA,NA,NA,NA,NA,NA,NA,NA,NA,NA,NA,NA,NA,NA,NA,NA,NA,NA,NA,NA,NA,NA,NA,NA,30000,30000,5,2,11,1
"469","C01",3,"std3E3","3uL","QtyorID","Standard",3,0.0551,"27.22","3.00e+003",0.997,-3.348,"qpcr954","MONIS6","AssID25","Calsap","plt01","qpcrrundate20220817",3000,"Calsap","std3E3",27.22,"std3E3",NA,NA,NA,NA,NA,NA,NA,NA,NA,NA,NA,NA,NA,NA,NA,NA,NA,NA,NA,NA,NA,NA,NA,NA,NA,NA,NA,NA,NA,NA,NA,NA,NA,3000,3000,4,2,10,1
"470","C02",3,"std3E3","3uL","QtyorID","Standard",3,0.0551,"27.13","3.00e+003",0.997,-3.348,"qpcr954","MONIS6","AssID25","Calsap","plt01","qpcrrundate20220817",3000,"Calsap","std3E3",27.13,"std3E3",NA,NA,NA,NA,NA,NA,NA,NA,NA,NA,NA,NA,NA,NA,NA,NA,NA,NA,NA,NA,NA,NA,NA,NA,NA,NA,NA,NA,NA,NA,NA,NA,NA,3000,3000,4,2,10,1
"471","C03",3,"std3E3","3uL","QtyorID","Standard",3,0.0551,"26.98","3.00e+003",0.997,-3.348,"qpcr954","MONIS6","AssID25","Calsap","plt01","qpcrrundate20220817",3000,"Calsap","std3E3",26.98,"std3E3",NA,NA,NA,NA,NA,NA,NA,NA,NA,NA,NA,NA,NA,NA,NA,NA,NA,NA,NA,NA,NA,NA,NA,NA,NA,NA,NA,NA,NA,NA,NA,NA,NA,3000,3000,4,2,10,1
"472","D01",4,"std3E2","3uL","QtyorID","Standard",4,0.0551,"30.50","3.00e+002",0.997,-3.348,"qpcr954","MONIS6","AssID25","Calsap","plt01","qpcrrundate20220817",300,"Calsap","std3E2",30.5,"std3E2",NA,NA,NA,NA,NA,NA,NA,NA,NA,NA,NA,NA,NA,NA,NA,NA,NA,NA,NA,NA,NA,NA,NA,NA,NA,NA,NA,NA,NA,NA,NA,NA,NA,300,300,3,2,9,1
"473","D02",4,"std3E2","3uL","QtyorID","Standard",4,0.0551,"30.50","3.00e+002",0.997,-3.348,"qpcr954","MONIS6","AssID25","Calsap","plt01","qpcrrundate20220817",300,"Calsap","std3E2",30.5,"std3E2",NA,NA,NA,NA,NA,NA,NA,NA,NA,NA,NA,NA,NA,NA,NA,NA,NA,NA,NA,NA,NA,NA,NA,NA,NA,NA,NA,NA,NA,NA,NA,NA,NA,300,300,3,2,9,1
"474","D03",4,"std3E2","3uL","QtyorID","Standard",4,0.0551,"30.65","3.00e+002",0.997,-3.348,"qpcr954","MONIS6","AssID25","Calsap","plt01","qpcrrundate20220817",300,"Calsap","std3E2",30.65,"std3E2",NA,NA,NA,NA,NA,NA,NA,NA,NA,NA,NA,NA,NA,NA,NA,NA,NA,NA,NA,NA,NA,NA,NA,NA,NA,NA,NA,NA,NA,NA,NA,NA,NA,300,300,3,2,9,1
"475","E01",5,"std3E1","3uL","QtyorID","Standard",5,0.0551,"34.19","3.00e+001",0.997,-3.348,"qpcr954","MONIS6","AssID25","Calsap","plt01","qpcrrundate20220817",30,"Calsap","std3E1",34.19,"std3E1",NA,NA,NA,NA,NA,NA,NA,NA,NA,NA,NA,NA,NA,NA,NA,NA,NA,NA,NA,NA,NA,NA,NA,NA,NA,NA,NA,NA,NA,NA,NA,NA,NA,30,30,2,2,8,1
"476","E02",5,"std3E1","3uL","QtyorID","Standard",5,0.0551,"33.63","3.00e+001",0.997,-3.348,"qpcr954","MONIS6","AssID25","Calsap","plt01","qpcrrundate20220817",30,"Calsap","std3E1",33.63,"std3E1",NA,NA,NA,NA,NA,NA,NA,NA,NA,NA,NA,NA,NA,NA,NA,NA,NA,NA,NA,NA,NA,NA,NA,NA,NA,NA,NA,NA,NA,NA,NA,NA,NA,30,30,2,2,8,1
"477","E03",5,"std3E1","3uL","QtyorID","Standard",5,0.0551,"33.85","3.00e+001",0.997,-3.348,"qpcr954","MONIS6","AssID25","Calsap","plt01","qpcrrundate20220817",30,"Calsap","std3E1",33.85,"std3E1",NA,NA,NA,NA,NA,NA,NA,NA,NA,NA,NA,NA,NA,NA,NA,NA,NA,NA,NA,NA,NA,NA,NA,NA,NA,NA,NA,NA,NA,NA,NA,NA,NA,30,30,2,2,8,1
"478","F01",6,"std3E0","3uL","QtyorID","Standard",6,0.0551,"36.27","3.00e+000",0.997,-3.348,"qpcr954","MONIS6","AssID25","Calsap","plt01","qpcrrundate20220817",3,"Calsap","std3E0",36.27,"std3E0",NA,NA,NA,NA,NA,NA,NA,NA,NA,NA,NA,NA,NA,NA,NA,NA,NA,NA,NA,NA,NA,NA,NA,NA,NA,NA,NA,NA,NA,NA,NA,NA,NA,3,3,1,2,7,1
"479","F02",6,"std3E0","3uL","QtyorID","Standard",6,0.0551,"37.96","3.00e+000",0.997,-3.348,"qpcr954","MONIS6","AssID25","Calsap","plt01","qpcrrundate20220817",3,"Calsap","std3E0",37.96,"std3E0",NA,NA,NA,NA,NA,NA,NA,NA,NA,NA,NA,NA,NA,NA,NA,NA,NA,NA,NA,NA,NA,NA,NA,NA,NA,NA,NA,NA,NA,NA,NA,NA,NA,3,3,1,2,7,1
"480","F03",6,"std3E0","3uL","QtyorID","Standard",6,0.0551,"37.43","3.00e+000",0.997,-3.348,"qpcr954","MONIS6","AssID25","Calsap","plt01","qpcrrundate20220817",3,"Calsap","std3E0",37.43,"std3E0",NA,NA,NA,NA,NA,NA,NA,NA,NA,NA,NA,NA,NA,NA,NA,NA,NA,NA,NA,NA,NA,NA,NA,NA,NA,NA,NA,NA,NA,NA,NA,NA,NA,3,3,1,2,7,1
"481","G01",7,"std3E-1","3uL","QtyorID","Standard",7,0.0551,"NoCt","NoCt",0.997,-3.348,"qpcr954","MONIS6","AssID25","Calsap","plt01","qpcrrundate20220817",0,"Calsap","std3E-1",0,"std3E1",NA,NA,NA,NA,NA,NA,NA,NA,NA,NA,NA,NA,NA,NA,NA,NA,NA,NA,NA,NA,NA,NA,NA,NA,NA,NA,NA,NA,NA,NA,NA,NA,NA,0.3,0.3,2,2,8,0
"482","G02",7,"std3E-1","3uL","QtyorID","Standard",7,0.0551,"NoCt","NoCt",0.997,-3.348,"qpcr954","MONIS6","AssID25","Calsap","plt01","qpcrrundate20220817",0,"Calsap","std3E-1",0,"std3E1",NA,NA,NA,NA,NA,NA,NA,NA,NA,NA,NA,NA,NA,NA,NA,NA,NA,NA,NA,NA,NA,NA,NA,NA,NA,NA,NA,NA,NA,NA,NA,NA,NA,0.3,0.3,2,2,8,0
"483","G03",7,"std3E-1","3uL","QtyorID","Standard",7,0.0551,"NoCt","NoCt",0.997,-3.348,"qpcr954","MONIS6","AssID25","Calsap","plt01","qpcrrundate20220817",0,"Calsap","std3E-1",0,"std3E1",NA,NA,NA,NA,NA,NA,NA,NA,NA,NA,NA,NA,NA,NA,NA,NA,NA,NA,NA,NA,NA,NA,NA,NA,NA,NA,NA,NA,NA,NA,NA,NA,NA,0.3,0.3,2,2,8,0
"484","A01",1,"std3E5","3uL","QtyorID","Standard",1,0.0517,"20.38","3.00e+005",0.963,-3.456,"qpcr955","MONIS6","AssID25","Calsap","plt02","qpcrrundate20220817",3e+05,"Calsap","std3E5",20.38,"std3E5",NA,NA,NA,NA,NA,NA,NA,NA,NA,NA,NA,NA,NA,NA,NA,NA,NA,NA,NA,NA,NA,NA,NA,NA,NA,NA,NA,NA,NA,NA,NA,NA,NA,3e+05,3e+05,6,2,12,1
"485","A02",1,"std3E5","3uL","QtyorID","Standard",1,0.0517,"20.81","3.00e+005",0.963,-3.456,"qpcr955","MONIS6","AssID25","Calsap","plt02","qpcrrundate20220817",3e+05,"Calsap","std3E5",20.81,"std3E5",NA,NA,NA,NA,NA,NA,NA,NA,NA,NA,NA,NA,NA,NA,NA,NA,NA,NA,NA,NA,NA,NA,NA,NA,NA,NA,NA,NA,NA,NA,NA,NA,NA,3e+05,3e+05,6,2,12,1
"486","A03",1,"std3E5","3uL","QtyorID","Standard",1,0.0517,"20.59","3.00e+005",0.963,-3.456,"qpcr955","MONIS6","AssID25","Calsap","plt02","qpcrrundate20220817",3e+05,"Calsap","std3E5",20.59,"std3E5",NA,NA,NA,NA,NA,NA,NA,NA,NA,NA,NA,NA,NA,NA,NA,NA,NA,NA,NA,NA,NA,NA,NA,NA,NA,NA,NA,NA,NA,NA,NA,NA,NA,3e+05,3e+05,6,2,12,1
"487","B01",2,"std3E4","3uL","QtyorID","Standard",2,0.0517,"23.57","3.00e+004",0.963,-3.456,"qpcr955","MONIS6","AssID25","Calsap","plt02","qpcrrundate20220817",30000,"Calsap","std3E4",23.57,"std3E4",NA,NA,NA,NA,NA,NA,NA,NA,NA,NA,NA,NA,NA,NA,NA,NA,NA,NA,NA,NA,NA,NA,NA,NA,NA,NA,NA,NA,NA,NA,NA,NA,NA,30000,30000,5,2,11,1
"488","B02",2,"std3E4","3uL","QtyorID","Standard",2,0.0517,"23.66","3.00e+004",0.963,-3.456,"qpcr955","MONIS6","AssID25","Calsap","plt02","qpcrrundate20220817",30000,"Calsap","std3E4",23.66,"std3E4",NA,NA,NA,NA,NA,NA,NA,NA,NA,NA,NA,NA,NA,NA,NA,NA,NA,NA,NA,NA,NA,NA,NA,NA,NA,NA,NA,NA,NA,NA,NA,NA,NA,30000,30000,5,2,11,1
"489","B03",2,"std3E4","3uL","QtyorID","Standard",2,0.0517,"23.70","3.00e+004",0.963,-3.456,"qpcr955","MONIS6","AssID25","Calsap","plt02","qpcrrundate20220817",30000,"Calsap","std3E4",23.7,"std3E4",NA,NA,NA,NA,NA,NA,NA,NA,NA,NA,NA,NA,NA,NA,NA,NA,NA,NA,NA,NA,NA,NA,NA,NA,NA,NA,NA,NA,NA,NA,NA,NA,NA,30000,30000,5,2,11,1
"490","C01",3,"std3E3","3uL","QtyorID","Standard",3,0.0517,"26.80","3.00e+003",0.963,-3.456,"qpcr955","MONIS6","AssID25","Calsap","plt02","qpcrrundate20220817",3000,"Calsap","std3E3",26.8,"std3E3",NA,NA,NA,NA,NA,NA,NA,NA,NA,NA,NA,NA,NA,NA,NA,NA,NA,NA,NA,NA,NA,NA,NA,NA,NA,NA,NA,NA,NA,NA,NA,NA,NA,3000,3000,4,2,10,1
"491","C02",3,"std3E3","3uL","QtyorID","Standard",3,0.0517,"26.81","3.00e+003",0.963,-3.456,"qpcr955","MONIS6","AssID25","Calsap","plt02","qpcrrundate20220817",3000,"Calsap","std3E3",26.81,"std3E3",NA,NA,NA,NA,NA,NA,NA,NA,NA,NA,NA,NA,NA,NA,NA,NA,NA,NA,NA,NA,NA,NA,NA,NA,NA,NA,NA,NA,NA,NA,NA,NA,NA,3000,3000,4,2,10,1
"492","C03",3,"std3E3","3uL","QtyorID","Standard",3,0.0517,"27.03","3.00e+003",0.963,-3.456,"qpcr955","MONIS6","AssID25","Calsap","plt02","qpcrrundate20220817",3000,"Calsap","std3E3",27.03,"std3E3",NA,NA,NA,NA,NA,NA,NA,NA,NA,NA,NA,NA,NA,NA,NA,NA,NA,NA,NA,NA,NA,NA,NA,NA,NA,NA,NA,NA,NA,NA,NA,NA,NA,3000,3000,4,2,10,1
"493","D01",4,"std3E2","3uL","QtyorID","Standard",4,0.0517,"30.62","3.00e+002",0.963,-3.456,"qpcr955","MONIS6","AssID25","Calsap","plt02","qpcrrundate20220817",300,"Calsap","std3E2",30.62,"std3E2",NA,NA,NA,NA,NA,NA,NA,NA,NA,NA,NA,NA,NA,NA,NA,NA,NA,NA,NA,NA,NA,NA,NA,NA,NA,NA,NA,NA,NA,NA,NA,NA,NA,300,300,3,2,9,1
"494","D02",4,"std3E2","3uL","QtyorID","Standard",4,0.0517,"30.48","3.00e+002",0.963,-3.456,"qpcr955","MONIS6","AssID25","Calsap","plt02","qpcrrundate20220817",300,"Calsap","std3E2",30.48,"std3E2",NA,NA,NA,NA,NA,NA,NA,NA,NA,NA,NA,NA,NA,NA,NA,NA,NA,NA,NA,NA,NA,NA,NA,NA,NA,NA,NA,NA,NA,NA,NA,NA,NA,300,300,3,2,9,1
"495","D03",4,"std3E2","3uL","QtyorID","Standard",4,0.0517,"30.69","3.00e+002",0.963,-3.456,"qpcr955","MONIS6","AssID25","Calsap","plt02","qpcrrundate20220817",300,"Calsap","std3E2",30.69,"std3E2",NA,NA,NA,NA,NA,NA,NA,NA,NA,NA,NA,NA,NA,NA,NA,NA,NA,NA,NA,NA,NA,NA,NA,NA,NA,NA,NA,NA,NA,NA,NA,NA,NA,300,300,3,2,9,1
"496","E01",5,"std3E1","3uL","QtyorID","Standard",5,0.0517,"34.41","3.00e+001",0.963,-3.456,"qpcr955","MONIS6","AssID25","Calsap","plt02","qpcrrundate20220817",30,"Calsap","std3E1",34.41,"std3E1",NA,NA,NA,NA,NA,NA,NA,NA,NA,NA,NA,NA,NA,NA,NA,NA,NA,NA,NA,NA,NA,NA,NA,NA,NA,NA,NA,NA,NA,NA,NA,NA,NA,30,30,2,2,8,1
"497","E02",5,"std3E1","3uL","QtyorID","Standard",5,0.0517,"33.52","3.00e+001",0.963,-3.456,"qpcr955","MONIS6","AssID25","Calsap","plt02","qpcrrundate20220817",30,"Calsap","std3E1",33.52,"std3E1",NA,NA,NA,NA,NA,NA,NA,NA,NA,NA,NA,NA,NA,NA,NA,NA,NA,NA,NA,NA,NA,NA,NA,NA,NA,NA,NA,NA,NA,NA,NA,NA,NA,30,30,2,2,8,1
"498","E03",5,"std3E1","3uL","QtyorID","Standard",5,0.0517,"33.82","3.00e+001",0.963,-3.456,"qpcr955","MONIS6","AssID25","Calsap","plt02","qpcrrundate20220817",30,"Calsap","std3E1",33.82,"std3E1",NA,NA,NA,NA,NA,NA,NA,NA,NA,NA,NA,NA,NA,NA,NA,NA,NA,NA,NA,NA,NA,NA,NA,NA,NA,NA,NA,NA,NA,NA,NA,NA,NA,30,30,2,2,8,1
"499","F01",6,"std3E0","3uL","QtyorID","Standard",6,0.0517,"42.14","3.00e+000",0.963,-3.456,"qpcr955","MONIS6","AssID25","Calsap","plt02","qpcrrundate20220817",3,"Calsap","std3E0",42.14,"std3E0",NA,NA,NA,NA,NA,NA,NA,NA,NA,NA,NA,NA,NA,NA,NA,NA,NA,NA,NA,NA,NA,NA,NA,NA,NA,NA,NA,NA,NA,NA,NA,NA,NA,3,3,1,2,7,1
"500","F02",6,"std3E0","3uL","QtyorID","Standard",6,0.0517,"37.14","3.00e+000",0.963,-3.456,"qpcr955","MONIS6","AssID25","Calsap","plt02","qpcrrundate20220817",3,"Calsap","std3E0",37.14,"std3E0",NA,NA,NA,NA,NA,NA,NA,NA,NA,NA,NA,NA,NA,NA,NA,NA,NA,NA,NA,NA,NA,NA,NA,NA,NA,NA,NA,NA,NA,NA,NA,NA,NA,3,3,1,2,7,1
"501","F03",6,"std3E0","3uL","QtyorID","Standard",6,0.0517,"38.11","3.00e+000",0.963,-3.456,"qpcr955","MONIS6","AssID25","Calsap","plt02","qpcrrundate20220817",3,"Calsap","std3E0",38.11,"std3E0",NA,NA,NA,NA,NA,NA,NA,NA,NA,NA,NA,NA,NA,NA,NA,NA,NA,NA,NA,NA,NA,NA,NA,NA,NA,NA,NA,NA,NA,NA,NA,NA,NA,3,3,1,2,7,1
"502","G01",7,"std3E-1","3uL","QtyorID","Standard",7,0.0517,"38.37","3.00e-001",0.963,-3.456,"qpcr955","MONIS6","AssID25","Calsap","plt02","qpcrrundate20220817",0.3,"Calsap","std3E-1",38.37,"std3E1",NA,NA,NA,NA,NA,NA,NA,NA,NA,NA,NA,NA,NA,NA,NA,NA,NA,NA,NA,NA,NA,NA,NA,NA,NA,NA,NA,NA,NA,NA,NA,NA,NA,0.3,0.3,2,2,8,1
"503","G02",7,"std3E-1","3uL","QtyorID","Standard",7,0.0517,"NoCt","NoCt",0.963,-3.456,"qpcr955","MONIS6","AssID25","Calsap","plt02","qpcrrundate20220817",0,"Calsap","std3E-1",0,"std3E1",NA,NA,NA,NA,NA,NA,NA,NA,NA,NA,NA,NA,NA,NA,NA,NA,NA,NA,NA,NA,NA,NA,NA,NA,NA,NA,NA,NA,NA,NA,NA,NA,NA,0.3,0.3,2,2,8,0
"504","G03",7,"std3E-1","3uL","QtyorID","Standard",7,0.0517,"NoCt","NoCt",0.963,-3.456,"qpcr955","MONIS6","AssID25","Calsap","plt02","qpcrrundate20220817",0,"Calsap","std3E-1",0,"std3E1",NA,NA,NA,NA,NA,NA,NA,NA,NA,NA,NA,NA,NA,NA,NA,NA,NA,NA,NA,NA,NA,NA,NA,NA,NA,NA,NA,NA,NA,NA,NA,NA,NA,0.3,0.3,2,2,8,0
"505","A01",1,"std3E5","3uL","QtyorID","Standard",1,0.0494,"23.50","3.00e+005",0.988,-3.041,"qpcr956","MONIS6","AssID26","Hemsan","plt01","qpcrrundate20220818",3e+05,"Hemsan","std3E5",23.5,"std3E5",NA,NA,NA,NA,NA,NA,NA,NA,NA,NA,NA,NA,NA,NA,NA,NA,NA,NA,NA,NA,NA,NA,NA,NA,NA,NA,NA,NA,NA,NA,NA,NA,NA,3e+05,3e+05,6,8,48,1
"506","A02",1,"std3E5","3uL","QtyorID","Standard",1,0.0494,"24.03","3.00e+005",0.988,-3.041,"qpcr956","MONIS6","AssID26","Hemsan","plt01","qpcrrundate20220818",3e+05,"Hemsan","std3E5",24.03,"std3E5",NA,NA,NA,NA,NA,NA,NA,NA,NA,NA,NA,NA,NA,NA,NA,NA,NA,NA,NA,NA,NA,NA,NA,NA,NA,NA,NA,NA,NA,NA,NA,NA,NA,3e+05,3e+05,6,8,48,1
"507","A03",1,"std3E5","3uL","QtyorID","Standard",1,0.0494,"24.61","3.00e+005",0.988,-3.041,"qpcr956","MONIS6","AssID26","Hemsan","plt01","qpcrrundate20220818",3e+05,"Hemsan","std3E5",24.61,"std3E5",NA,NA,NA,NA,NA,NA,NA,NA,NA,NA,NA,NA,NA,NA,NA,NA,NA,NA,NA,NA,NA,NA,NA,NA,NA,NA,NA,NA,NA,NA,NA,NA,NA,3e+05,3e+05,6,8,48,1
"508","B01",2,"std3E4","3uL","QtyorID","Standard",2,0.0494,"27.69","3.00e+004",0.988,-3.041,"qpcr956","MONIS6","AssID26","Hemsan","plt01","qpcrrundate20220818",30000,"Hemsan","std3E4",27.69,"std3E4",NA,NA,NA,NA,NA,NA,NA,NA,NA,NA,NA,NA,NA,NA,NA,NA,NA,NA,NA,NA,NA,NA,NA,NA,NA,NA,NA,NA,NA,NA,NA,NA,NA,30000,30000,5,8,47,1
"509","B02",2,"std3E4","3uL","QtyorID","Standard",2,0.0494,"27.40","3.00e+004",0.988,-3.041,"qpcr956","MONIS6","AssID26","Hemsan","plt01","qpcrrundate20220818",30000,"Hemsan","std3E4",27.4,"std3E4",NA,NA,NA,NA,NA,NA,NA,NA,NA,NA,NA,NA,NA,NA,NA,NA,NA,NA,NA,NA,NA,NA,NA,NA,NA,NA,NA,NA,NA,NA,NA,NA,NA,30000,30000,5,8,47,1
"510","B03",2,"std3E4","3uL","QtyorID","Standard",2,0.0494,"26.66","3.00e+004",0.988,-3.041,"qpcr956","MONIS6","AssID26","Hemsan","plt01","qpcrrundate20220818",30000,"Hemsan","std3E4",26.66,"std3E4",NA,NA,NA,NA,NA,NA,NA,NA,NA,NA,NA,NA,NA,NA,NA,NA,NA,NA,NA,NA,NA,NA,NA,NA,NA,NA,NA,NA,NA,NA,NA,NA,NA,30000,30000,5,8,47,1
"511","C01",3,"std3E3","3uL","QtyorID","Standard",3,0.0494,"30.35","3.00e+003",0.988,-3.041,"qpcr956","MONIS6","AssID26","Hemsan","plt01","qpcrrundate20220818",3000,"Hemsan","std3E3",30.35,"std3E3",NA,NA,NA,NA,NA,NA,NA,NA,NA,NA,NA,NA,NA,NA,NA,NA,NA,NA,NA,NA,NA,NA,NA,NA,NA,NA,NA,NA,NA,NA,NA,NA,NA,3000,3000,4,8,46,1
"512","C02",3,"std3E3","3uL","QtyorID","Standard",3,0.0494,"31.09","3.00e+003",0.988,-3.041,"qpcr956","MONIS6","AssID26","Hemsan","plt01","qpcrrundate20220818",3000,"Hemsan","std3E3",31.09,"std3E3",NA,NA,NA,NA,NA,NA,NA,NA,NA,NA,NA,NA,NA,NA,NA,NA,NA,NA,NA,NA,NA,NA,NA,NA,NA,NA,NA,NA,NA,NA,NA,NA,NA,3000,3000,4,8,46,1
"513","C03",3,"std3E3","3uL","QtyorID","Standard",3,0.0494,"31.03","3.00e+003",0.988,-3.041,"qpcr956","MONIS6","AssID26","Hemsan","plt01","qpcrrundate20220818",3000,"Hemsan","std3E3",31.03,"std3E3",NA,NA,NA,NA,NA,NA,NA,NA,NA,NA,NA,NA,NA,NA,NA,NA,NA,NA,NA,NA,NA,NA,NA,NA,NA,NA,NA,NA,NA,NA,NA,NA,NA,3000,3000,4,8,46,1
"514","D01",4,"std3E2","3uL","QtyorID","Standard",4,0.0494,"34.36","3.00e+002",0.988,-3.041,"qpcr956","MONIS6","AssID26","Hemsan","plt01","qpcrrundate20220818",300,"Hemsan","std3E2",34.36,"std3E2",NA,NA,NA,NA,NA,NA,NA,NA,NA,NA,NA,NA,NA,NA,NA,NA,NA,NA,NA,NA,NA,NA,NA,NA,NA,NA,NA,NA,NA,NA,NA,NA,NA,300,300,3,8,45,1
"515","D02",4,"std3E2","3uL","QtyorID","Standard",4,0.0494,"33.78","3.00e+002",0.988,-3.041,"qpcr956","MONIS6","AssID26","Hemsan","plt01","qpcrrundate20220818",300,"Hemsan","std3E2",33.78,"std3E2",NA,NA,NA,NA,NA,NA,NA,NA,NA,NA,NA,NA,NA,NA,NA,NA,NA,NA,NA,NA,NA,NA,NA,NA,NA,NA,NA,NA,NA,NA,NA,NA,NA,300,300,3,8,45,1
"516","D03",4,"std3E2","3uL","QtyorID","Standard",4,0.0494,"33.92","3.00e+002",0.988,-3.041,"qpcr956","MONIS6","AssID26","Hemsan","plt01","qpcrrundate20220818",300,"Hemsan","std3E2",33.92,"std3E2",NA,NA,NA,NA,NA,NA,NA,NA,NA,NA,NA,NA,NA,NA,NA,NA,NA,NA,NA,NA,NA,NA,NA,NA,NA,NA,NA,NA,NA,NA,NA,NA,NA,300,300,3,8,45,1
"517","E01",5,"std3E1","3uL","QtyorID","Standard",5,0.0494,"36.56","3.00e+001",0.988,-3.041,"qpcr956","MONIS6","AssID26","Hemsan","plt01","qpcrrundate20220818",30,"Hemsan","std3E1",36.56,"std3E1",NA,NA,NA,NA,NA,NA,NA,NA,NA,NA,NA,NA,NA,NA,NA,NA,NA,NA,NA,NA,NA,NA,NA,NA,NA,NA,NA,NA,NA,NA,NA,NA,NA,30,30,2,8,44,1
"518","E02",5,"std3E1","3uL","QtyorID","Standard",5,0.0494,"36.95","3.00e+001",0.988,-3.041,"qpcr956","MONIS6","AssID26","Hemsan","plt01","qpcrrundate20220818",30,"Hemsan","std3E1",36.95,"std3E1",NA,NA,NA,NA,NA,NA,NA,NA,NA,NA,NA,NA,NA,NA,NA,NA,NA,NA,NA,NA,NA,NA,NA,NA,NA,NA,NA,NA,NA,NA,NA,NA,NA,30,30,2,8,44,1
"519","E03",5,"std3E1","3uL","QtyorID","Standard",5,0.0494,"36.70","3.00e+001",0.988,-3.041,"qpcr956","MONIS6","AssID26","Hemsan","plt01","qpcrrundate20220818",30,"Hemsan","std3E1",36.7,"std3E1",NA,NA,NA,NA,NA,NA,NA,NA,NA,NA,NA,NA,NA,NA,NA,NA,NA,NA,NA,NA,NA,NA,NA,NA,NA,NA,NA,NA,NA,NA,NA,NA,NA,30,30,2,8,44,1
"520","F01",6,"std3E0","3uL","QtyorID","Standard",6,0.0494,"38.44","3.00e+000",0.988,-3.041,"qpcr956","MONIS6","AssID26","Hemsan","plt01","qpcrrundate20220818",3,"Hemsan","std3E0",38.44,"std3E0",NA,NA,NA,NA,NA,NA,NA,NA,NA,NA,NA,NA,NA,NA,NA,NA,NA,NA,NA,NA,NA,NA,NA,NA,NA,NA,NA,NA,NA,NA,NA,NA,NA,3,3,1,8,43,1
"521","F02",6,"std3E0","3uL","QtyorID","Standard",6,0.0494,"NoCt","NoCt",0.988,-3.041,"qpcr956","MONIS6","AssID26","Hemsan","plt01","qpcrrundate20220818",0,"Hemsan","std3E0",0,"std3E0",NA,NA,NA,NA,NA,NA,NA,NA,NA,NA,NA,NA,NA,NA,NA,NA,NA,NA,NA,NA,NA,NA,NA,NA,NA,NA,NA,NA,NA,NA,NA,NA,NA,3,3,1,8,43,0
"522","F03",6,"std3E0","3uL","QtyorID","Standard",6,0.0494,"38.98","3.00e+000",0.988,-3.041,"qpcr956","MONIS6","AssID26","Hemsan","plt01","qpcrrundate20220818",3,"Hemsan","std3E0",38.98,"std3E0",NA,NA,NA,NA,NA,NA,NA,NA,NA,NA,NA,NA,NA,NA,NA,NA,NA,NA,NA,NA,NA,NA,NA,NA,NA,NA,NA,NA,NA,NA,NA,NA,NA,3,3,1,8,43,1
"523","G01",7,"std3E-1","3uL","QtyorID","Standard",7,0.0494,"NoCt","NoCt",0.988,-3.041,"qpcr956","MONIS6","AssID26","Hemsan","plt01","qpcrrundate20220818",0,"Hemsan","std3E-1",0,"std3E1",NA,NA,NA,NA,NA,NA,NA,NA,NA,NA,NA,NA,NA,NA,NA,NA,NA,NA,NA,NA,NA,NA,NA,NA,NA,NA,NA,NA,NA,NA,NA,NA,NA,0.3,0.3,2,8,44,0
"524","G02",7,"std3E-1","3uL","QtyorID","Standard",7,0.0494,"NoCt","NoCt",0.988,-3.041,"qpcr956","MONIS6","AssID26","Hemsan","plt01","qpcrrundate20220818",0,"Hemsan","std3E-1",0,"std3E1",NA,NA,NA,NA,NA,NA,NA,NA,NA,NA,NA,NA,NA,NA,NA,NA,NA,NA,NA,NA,NA,NA,NA,NA,NA,NA,NA,NA,NA,NA,NA,NA,NA,0.3,0.3,2,8,44,0
"525","G03",7,"std3E-1","3uL","QtyorID","Standard",7,0.0494,"NoCt","NoCt",0.988,-3.041,"qpcr956","MONIS6","AssID26","Hemsan","plt01","qpcrrundate20220818",0,"Hemsan","std3E-1",0,"std3E1",NA,NA,NA,NA,NA,NA,NA,NA,NA,NA,NA,NA,NA,NA,NA,NA,NA,NA,NA,NA,NA,NA,NA,NA,NA,NA,NA,NA,NA,NA,NA,NA,NA,0.3,0.3,2,8,44,0
"526","A01",1,"std3E5","3uL","QtyorID","Standard",1,0.0515,"23.58","3.00e+005",0.97,-2.948,"qpcr957","MONIS6","AssID26","Hemsan","plt02","qpcrrundate20220818",3e+05,"Hemsan","std3E5",23.58,"std3E5",NA,NA,NA,NA,NA,NA,NA,NA,NA,NA,NA,NA,NA,NA,NA,NA,NA,NA,NA,NA,NA,NA,NA,NA,NA,NA,NA,NA,NA,NA,NA,NA,NA,3e+05,3e+05,6,8,48,1
"527","A02",1,"std3E5","3uL","QtyorID","Standard",1,0.0515,"23.63","3.00e+005",0.97,-2.948,"qpcr957","MONIS6","AssID26","Hemsan","plt02","qpcrrundate20220818",3e+05,"Hemsan","std3E5",23.63,"std3E5",NA,NA,NA,NA,NA,NA,NA,NA,NA,NA,NA,NA,NA,NA,NA,NA,NA,NA,NA,NA,NA,NA,NA,NA,NA,NA,NA,NA,NA,NA,NA,NA,NA,3e+05,3e+05,6,8,48,1
"528","A03",1,"std3E5","3uL","QtyorID","Standard",1,0.0515,"23.62","3.00e+005",0.97,-2.948,"qpcr957","MONIS6","AssID26","Hemsan","plt02","qpcrrundate20220818",3e+05,"Hemsan","std3E5",23.62,"std3E5",NA,NA,NA,NA,NA,NA,NA,NA,NA,NA,NA,NA,NA,NA,NA,NA,NA,NA,NA,NA,NA,NA,NA,NA,NA,NA,NA,NA,NA,NA,NA,NA,NA,3e+05,3e+05,6,8,48,1
"529","B01",2,"std3E4","3uL","QtyorID","Standard",2,0.0515,"27.88","3.00e+004",0.97,-2.948,"qpcr957","MONIS6","AssID26","Hemsan","plt02","qpcrrundate20220818",30000,"Hemsan","std3E4",27.88,"std3E4",NA,NA,NA,NA,NA,NA,NA,NA,NA,NA,NA,NA,NA,NA,NA,NA,NA,NA,NA,NA,NA,NA,NA,NA,NA,NA,NA,NA,NA,NA,NA,NA,NA,30000,30000,5,8,47,1
"530","B02",2,"std3E4","3uL","QtyorID","Standard",2,0.0515,"27.68","3.00e+004",0.97,-2.948,"qpcr957","MONIS6","AssID26","Hemsan","plt02","qpcrrundate20220818",30000,"Hemsan","std3E4",27.68,"std3E4",NA,NA,NA,NA,NA,NA,NA,NA,NA,NA,NA,NA,NA,NA,NA,NA,NA,NA,NA,NA,NA,NA,NA,NA,NA,NA,NA,NA,NA,NA,NA,NA,NA,30000,30000,5,8,47,1
"531","B03",2,"std3E4","3uL","QtyorID","Standard",2,0.0515,"27.36","3.00e+004",0.97,-2.948,"qpcr957","MONIS6","AssID26","Hemsan","plt02","qpcrrundate20220818",30000,"Hemsan","std3E4",27.36,"std3E4",NA,NA,NA,NA,NA,NA,NA,NA,NA,NA,NA,NA,NA,NA,NA,NA,NA,NA,NA,NA,NA,NA,NA,NA,NA,NA,NA,NA,NA,NA,NA,NA,NA,30000,30000,5,8,47,1
"532","C01",3,"std3E3","3uL","QtyorID","Standard",3,0.0515,"30.75","3.00e+003",0.97,-2.948,"qpcr957","MONIS6","AssID26","Hemsan","plt02","qpcrrundate20220818",3000,"Hemsan","std3E3",30.75,"std3E3",NA,NA,NA,NA,NA,NA,NA,NA,NA,NA,NA,NA,NA,NA,NA,NA,NA,NA,NA,NA,NA,NA,NA,NA,NA,NA,NA,NA,NA,NA,NA,NA,NA,3000,3000,4,8,46,1
"533","C02",3,"std3E3","3uL","QtyorID","Standard",3,0.0515,"30.96","3.00e+003",0.97,-2.948,"qpcr957","MONIS6","AssID26","Hemsan","plt02","qpcrrundate20220818",3000,"Hemsan","std3E3",30.96,"std3E3",NA,NA,NA,NA,NA,NA,NA,NA,NA,NA,NA,NA,NA,NA,NA,NA,NA,NA,NA,NA,NA,NA,NA,NA,NA,NA,NA,NA,NA,NA,NA,NA,NA,3000,3000,4,8,46,1
"534","C03",3,"std3E3","3uL","QtyorID","Standard",3,0.0515,"30.81","3.00e+003",0.97,-2.948,"qpcr957","MONIS6","AssID26","Hemsan","plt02","qpcrrundate20220818",3000,"Hemsan","std3E3",30.81,"std3E3",NA,NA,NA,NA,NA,NA,NA,NA,NA,NA,NA,NA,NA,NA,NA,NA,NA,NA,NA,NA,NA,NA,NA,NA,NA,NA,NA,NA,NA,NA,NA,NA,NA,3000,3000,4,8,46,1
"535","D01",4,"std3E2","3uL","QtyorID","Standard",4,0.0515,"34.32","3.00e+002",0.97,-2.948,"qpcr957","MONIS6","AssID26","Hemsan","plt02","qpcrrundate20220818",300,"Hemsan","std3E2",34.32,"std3E2",NA,NA,NA,NA,NA,NA,NA,NA,NA,NA,NA,NA,NA,NA,NA,NA,NA,NA,NA,NA,NA,NA,NA,NA,NA,NA,NA,NA,NA,NA,NA,NA,NA,300,300,3,8,45,1
"536","D02",4,"std3E2","3uL","QtyorID","Standard",4,0.0515,"34.58","3.00e+002",0.97,-2.948,"qpcr957","MONIS6","AssID26","Hemsan","plt02","qpcrrundate20220818",300,"Hemsan","std3E2",34.58,"std3E2",NA,NA,NA,NA,NA,NA,NA,NA,NA,NA,NA,NA,NA,NA,NA,NA,NA,NA,NA,NA,NA,NA,NA,NA,NA,NA,NA,NA,NA,NA,NA,NA,NA,300,300,3,8,45,1
"537","D03",4,"std3E2","3uL","QtyorID","Standard",4,0.0515,"34.26","3.00e+002",0.97,-2.948,"qpcr957","MONIS6","AssID26","Hemsan","plt02","qpcrrundate20220818",300,"Hemsan","std3E2",34.26,"std3E2",NA,NA,NA,NA,NA,NA,NA,NA,NA,NA,NA,NA,NA,NA,NA,NA,NA,NA,NA,NA,NA,NA,NA,NA,NA,NA,NA,NA,NA,NA,NA,NA,NA,300,300,3,8,45,1
"538","E01",5,"std3E1","3uL","QtyorID","Standard",5,0.0515,"36.93","3.00e+001",0.97,-2.948,"qpcr957","MONIS6","AssID26","Hemsan","plt02","qpcrrundate20220818",30,"Hemsan","std3E1",36.93,"std3E1",NA,NA,NA,NA,NA,NA,NA,NA,NA,NA,NA,NA,NA,NA,NA,NA,NA,NA,NA,NA,NA,NA,NA,NA,NA,NA,NA,NA,NA,NA,NA,NA,NA,30,30,2,8,44,1
"539","E02",5,"std3E1","3uL","QtyorID","Standard",5,0.0515,"36.25","3.00e+001",0.97,-2.948,"qpcr957","MONIS6","AssID26","Hemsan","plt02","qpcrrundate20220818",30,"Hemsan","std3E1",36.25,"std3E1",NA,NA,NA,NA,NA,NA,NA,NA,NA,NA,NA,NA,NA,NA,NA,NA,NA,NA,NA,NA,NA,NA,NA,NA,NA,NA,NA,NA,NA,NA,NA,NA,NA,30,30,2,8,44,1
"540","E03",5,"std3E1","3uL","QtyorID","Standard",5,0.0515,"36.50","3.00e+001",0.97,-2.948,"qpcr957","MONIS6","AssID26","Hemsan","plt02","qpcrrundate20220818",30,"Hemsan","std3E1",36.5,"std3E1",NA,NA,NA,NA,NA,NA,NA,NA,NA,NA,NA,NA,NA,NA,NA,NA,NA,NA,NA,NA,NA,NA,NA,NA,NA,NA,NA,NA,NA,NA,NA,NA,NA,30,30,2,8,44,1
"541","F01",6,"std3E0","3uL","QtyorID","Standard",6,0.0515,"40.70","3.00e+000",0.97,-2.948,"qpcr957","MONIS6","AssID26","Hemsan","plt02","qpcrrundate20220818",3,"Hemsan","std3E0",40.7,"std3E0",NA,NA,NA,NA,NA,NA,NA,NA,NA,NA,NA,NA,NA,NA,NA,NA,NA,NA,NA,NA,NA,NA,NA,NA,NA,NA,NA,NA,NA,NA,NA,NA,NA,3,3,1,8,43,1
"542","F02",6,"std3E0","3uL","QtyorID","Standard",6,0.0515,"39.56","3.00e+000",0.97,-2.948,"qpcr957","MONIS6","AssID26","Hemsan","plt02","qpcrrundate20220818",3,"Hemsan","std3E0",39.56,"std3E0",NA,NA,NA,NA,NA,NA,NA,NA,NA,NA,NA,NA,NA,NA,NA,NA,NA,NA,NA,NA,NA,NA,NA,NA,NA,NA,NA,NA,NA,NA,NA,NA,NA,3,3,1,8,43,1
"543","F03",6,"std3E0","3uL","QtyorID","Standard",6,0.0515,"37.89","3.00e+000",0.97,-2.948,"qpcr957","MONIS6","AssID26","Hemsan","plt02","qpcrrundate20220818",3,"Hemsan","std3E0",37.89,"std3E0",NA,NA,NA,NA,NA,NA,NA,NA,NA,NA,NA,NA,NA,NA,NA,NA,NA,NA,NA,NA,NA,NA,NA,NA,NA,NA,NA,NA,NA,NA,NA,NA,NA,3,3,1,8,43,1
"544","G01",7,"std3E-1","3uL","QtyorID","Standard",7,0.0515,"NoCt","NoCt",0.97,-2.948,"qpcr957","MONIS6","AssID26","Hemsan","plt02","qpcrrundate20220818",0,"Hemsan","std3E-1",0,"std3E1",NA,NA,NA,NA,NA,NA,NA,NA,NA,NA,NA,NA,NA,NA,NA,NA,NA,NA,NA,NA,NA,NA,NA,NA,NA,NA,NA,NA,NA,NA,NA,NA,NA,0.3,0.3,2,8,44,0
"545","G02",7,"std3E-1","3uL","QtyorID","Standard",7,0.0515,"NoCt","NoCt",0.97,-2.948,"qpcr957","MONIS6","AssID26","Hemsan","plt02","qpcrrundate20220818",0,"Hemsan","std3E-1",0,"std3E1",NA,NA,NA,NA,NA,NA,NA,NA,NA,NA,NA,NA,NA,NA,NA,NA,NA,NA,NA,NA,NA,NA,NA,NA,NA,NA,NA,NA,NA,NA,NA,NA,NA,0.3,0.3,2,8,44,0
"546","G03",7,"std3E-1","3uL","QtyorID","Standard",7,0.0515,"39.67","3.00e-001",0.97,-2.948,"qpcr957","MONIS6","AssID26","Hemsan","plt02","qpcrrundate20220818",0.3,"Hemsan","std3E-1",39.67,"std3E1",NA,NA,NA,NA,NA,NA,NA,NA,NA,NA,NA,NA,NA,NA,NA,NA,NA,NA,NA,NA,NA,NA,NA,NA,NA,NA,NA,NA,NA,NA,NA,NA,NA,0.3,0.3,2,8,44,1
"547","A01",1,"std3E5","3uL","QtyorID","Standard",1,0.1123,"22.38","3.00e+005",0.995,-3.264,"qpcr958","MONIS6","AssID27","Hemtak","plt01","qpcrrundate20220825",3e+05,"Hemtak","std3E5",22.38,"std3E5",NA,NA,NA,NA,NA,NA,NA,NA,NA,NA,NA,NA,NA,NA,NA,NA,NA,NA,NA,NA,NA,NA,NA,NA,NA,NA,NA,NA,NA,NA,NA,NA,NA,3e+05,3e+05,6,9,54,1
"548","A02",1,"std3E5","3uL","QtyorID","Standard",1,0.1123,"22.62","3.00e+005",0.995,-3.264,"qpcr958","MONIS6","AssID27","Hemtak","plt01","qpcrrundate20220825",3e+05,"Hemtak","std3E5",22.62,"std3E5",NA,NA,NA,NA,NA,NA,NA,NA,NA,NA,NA,NA,NA,NA,NA,NA,NA,NA,NA,NA,NA,NA,NA,NA,NA,NA,NA,NA,NA,NA,NA,NA,NA,3e+05,3e+05,6,9,54,1
"549","A03",1,"std3E5","3uL","QtyorID","Standard",1,0.1123,"22.34","3.00e+005",0.995,-3.264,"qpcr958","MONIS6","AssID27","Hemtak","plt01","qpcrrundate20220825",3e+05,"Hemtak","std3E5",22.34,"std3E5",NA,NA,NA,NA,NA,NA,NA,NA,NA,NA,NA,NA,NA,NA,NA,NA,NA,NA,NA,NA,NA,NA,NA,NA,NA,NA,NA,NA,NA,NA,NA,NA,NA,3e+05,3e+05,6,9,54,1
"550","B01",2,"std3E4","3uL","QtyorID","Standard",2,0.1123,"26.01","3.00e+004",0.995,-3.264,"qpcr958","MONIS6","AssID27","Hemtak","plt01","qpcrrundate20220825",30000,"Hemtak","std3E4",26.01,"std3E4",NA,NA,NA,NA,NA,NA,NA,NA,NA,NA,NA,NA,NA,NA,NA,NA,NA,NA,NA,NA,NA,NA,NA,NA,NA,NA,NA,NA,NA,NA,NA,NA,NA,30000,30000,5,9,53,1
"551","B02",2,"std3E4","3uL","QtyorID","Standard",2,0.1123,"25.88","3.00e+004",0.995,-3.264,"qpcr958","MONIS6","AssID27","Hemtak","plt01","qpcrrundate20220825",30000,"Hemtak","std3E4",25.88,"std3E4",NA,NA,NA,NA,NA,NA,NA,NA,NA,NA,NA,NA,NA,NA,NA,NA,NA,NA,NA,NA,NA,NA,NA,NA,NA,NA,NA,NA,NA,NA,NA,NA,NA,30000,30000,5,9,53,1
"552","B03",2,"std3E4","3uL","QtyorID","Standard",2,0.1123,"25.81","3.00e+004",0.995,-3.264,"qpcr958","MONIS6","AssID27","Hemtak","plt01","qpcrrundate20220825",30000,"Hemtak","std3E4",25.81,"std3E4",NA,NA,NA,NA,NA,NA,NA,NA,NA,NA,NA,NA,NA,NA,NA,NA,NA,NA,NA,NA,NA,NA,NA,NA,NA,NA,NA,NA,NA,NA,NA,NA,NA,30000,30000,5,9,53,1
"553","C01",3,"std3E3","3uL","QtyorID","Standard",3,0.1123,"29.28","3.00e+003",0.995,-3.264,"qpcr958","MONIS6","AssID27","Hemtak","plt01","qpcrrundate20220825",3000,"Hemtak","std3E3",29.28,"std3E3",NA,NA,NA,NA,NA,NA,NA,NA,NA,NA,NA,NA,NA,NA,NA,NA,NA,NA,NA,NA,NA,NA,NA,NA,NA,NA,NA,NA,NA,NA,NA,NA,NA,3000,3000,4,9,52,1
"554","C02",3,"std3E3","3uL","QtyorID","Standard",3,0.1123,"29.26","3.00e+003",0.995,-3.264,"qpcr958","MONIS6","AssID27","Hemtak","plt01","qpcrrundate20220825",3000,"Hemtak","std3E3",29.26,"std3E3",NA,NA,NA,NA,NA,NA,NA,NA,NA,NA,NA,NA,NA,NA,NA,NA,NA,NA,NA,NA,NA,NA,NA,NA,NA,NA,NA,NA,NA,NA,NA,NA,NA,3000,3000,4,9,52,1
"555","C03",3,"std3E3","3uL","QtyorID","Standard",3,0.1123,"29.29","3.00e+003",0.995,-3.264,"qpcr958","MONIS6","AssID27","Hemtak","plt01","qpcrrundate20220825",3000,"Hemtak","std3E3",29.29,"std3E3",NA,NA,NA,NA,NA,NA,NA,NA,NA,NA,NA,NA,NA,NA,NA,NA,NA,NA,NA,NA,NA,NA,NA,NA,NA,NA,NA,NA,NA,NA,NA,NA,NA,3000,3000,4,9,52,1
"556","D01",4,"std3E2","3uL","QtyorID","Standard",4,0.1123,"32.81","3.00e+002",0.995,-3.264,"qpcr958","MONIS6","AssID27","Hemtak","plt01","qpcrrundate20220825",300,"Hemtak","std3E2",32.81,"std3E2",NA,NA,NA,NA,NA,NA,NA,NA,NA,NA,NA,NA,NA,NA,NA,NA,NA,NA,NA,NA,NA,NA,NA,NA,NA,NA,NA,NA,NA,NA,NA,NA,NA,300,300,3,9,51,1
"557","D02",4,"std3E2","3uL","QtyorID","Standard",4,0.1123,"32.57","3.00e+002",0.995,-3.264,"qpcr958","MONIS6","AssID27","Hemtak","plt01","qpcrrundate20220825",300,"Hemtak","std3E2",32.57,"std3E2",NA,NA,NA,NA,NA,NA,NA,NA,NA,NA,NA,NA,NA,NA,NA,NA,NA,NA,NA,NA,NA,NA,NA,NA,NA,NA,NA,NA,NA,NA,NA,NA,NA,300,300,3,9,51,1
"558","D03",4,"std3E2","3uL","QtyorID","Standard",4,0.1123,"32.79","3.00e+002",0.995,-3.264,"qpcr958","MONIS6","AssID27","Hemtak","plt01","qpcrrundate20220825",300,"Hemtak","std3E2",32.79,"std3E2",NA,NA,NA,NA,NA,NA,NA,NA,NA,NA,NA,NA,NA,NA,NA,NA,NA,NA,NA,NA,NA,NA,NA,NA,NA,NA,NA,NA,NA,NA,NA,NA,NA,300,300,3,9,51,1
"559","E01",5,"std3E1","3uL","QtyorID","Standard",5,0.1123,"35.96","3.00e+001",0.995,-3.264,"qpcr958","MONIS6","AssID27","Hemtak","plt01","qpcrrundate20220825",30,"Hemtak","std3E1",35.96,"std3E1",NA,NA,NA,NA,NA,NA,NA,NA,NA,NA,NA,NA,NA,NA,NA,NA,NA,NA,NA,NA,NA,NA,NA,NA,NA,NA,NA,NA,NA,NA,NA,NA,NA,30,30,2,9,50,1
"560","E02",5,"std3E1","3uL","QtyorID","Standard",5,0.1123,"35.35","3.00e+001",0.995,-3.264,"qpcr958","MONIS6","AssID27","Hemtak","plt01","qpcrrundate20220825",30,"Hemtak","std3E1",35.35,"std3E1",NA,NA,NA,NA,NA,NA,NA,NA,NA,NA,NA,NA,NA,NA,NA,NA,NA,NA,NA,NA,NA,NA,NA,NA,NA,NA,NA,NA,NA,NA,NA,NA,NA,30,30,2,9,50,1
"561","E03",5,"std3E1","3uL","QtyorID","Standard",5,0.1123,"36.25","3.00e+001",0.995,-3.264,"qpcr958","MONIS6","AssID27","Hemtak","plt01","qpcrrundate20220825",30,"Hemtak","std3E1",36.25,"std3E1",NA,NA,NA,NA,NA,NA,NA,NA,NA,NA,NA,NA,NA,NA,NA,NA,NA,NA,NA,NA,NA,NA,NA,NA,NA,NA,NA,NA,NA,NA,NA,NA,NA,30,30,2,9,50,1
"562","F01",6,"std3E0","3uL","QtyorID","Standard",6,0.1123,"38.82","3.00e+000",0.995,-3.264,"qpcr958","MONIS6","AssID27","Hemtak","plt01","qpcrrundate20220825",3,"Hemtak","std3E0",38.82,"std3E0",NA,NA,NA,NA,NA,NA,NA,NA,NA,NA,NA,NA,NA,NA,NA,NA,NA,NA,NA,NA,NA,NA,NA,NA,NA,NA,NA,NA,NA,NA,NA,NA,NA,3,3,1,9,49,1
"563","F02",6,"std3E0","3uL","QtyorID","Standard",6,0.1123,"39.45","3.00e+000",0.995,-3.264,"qpcr958","MONIS6","AssID27","Hemtak","plt01","qpcrrundate20220825",3,"Hemtak","std3E0",39.45,"std3E0",NA,NA,NA,NA,NA,NA,NA,NA,NA,NA,NA,NA,NA,NA,NA,NA,NA,NA,NA,NA,NA,NA,NA,NA,NA,NA,NA,NA,NA,NA,NA,NA,NA,3,3,1,9,49,1
"564","F03",6,"std3E0","3uL","QtyorID","Standard",6,0.1123,"39.54","3.00e+000",0.995,-3.264,"qpcr958","MONIS6","AssID27","Hemtak","plt01","qpcrrundate20220825",3,"Hemtak","std3E0",39.54,"std3E0",NA,NA,NA,NA,NA,NA,NA,NA,NA,NA,NA,NA,NA,NA,NA,NA,NA,NA,NA,NA,NA,NA,NA,NA,NA,NA,NA,NA,NA,NA,NA,NA,NA,3,3,1,9,49,1
"565","G01",7,"std3E-1","3uL","QtyorID","Standard",7,0.1123,"40.90","3.00e-001",0.995,-3.264,"qpcr958","MONIS6","AssID27","Hemtak","plt01","qpcrrundate20220825",0.3,"Hemtak","std3E-1",40.9,"std3E1",NA,NA,NA,NA,NA,NA,NA,NA,NA,NA,NA,NA,NA,NA,NA,NA,NA,NA,NA,NA,NA,NA,NA,NA,NA,NA,NA,NA,NA,NA,NA,NA,NA,0.3,0.3,2,9,50,1
"566","G02",7,"std3E-1","3uL","QtyorID","Standard",7,0.1123,"NoCt","NoCt",0.995,-3.264,"qpcr958","MONIS6","AssID27","Hemtak","plt01","qpcrrundate20220825",0,"Hemtak","std3E-1",0,"std3E1",NA,NA,NA,NA,NA,NA,NA,NA,NA,NA,NA,NA,NA,NA,NA,NA,NA,NA,NA,NA,NA,NA,NA,NA,NA,NA,NA,NA,NA,NA,NA,NA,NA,0.3,0.3,2,9,50,0
"567","G03",7,"std3E-1","3uL","QtyorID","Standard",7,0.1123,"NoCt","NoCt",0.995,-3.264,"qpcr958","MONIS6","AssID27","Hemtak","plt01","qpcrrundate20220825",0,"Hemtak","std3E-1",0,"std3E1",NA,NA,NA,NA,NA,NA,NA,NA,NA,NA,NA,NA,NA,NA,NA,NA,NA,NA,NA,NA,NA,NA,NA,NA,NA,NA,NA,NA,NA,NA,NA,NA,NA,0.3,0.3,2,9,50,0
"568","A01",1,"std3E5","3uL","QtyorID","Standard",1,0.1236,"22.45","3.00e+005",0.978,-3.159,"qpcr959","MONIS6","AssID27","Hemtak","plt02","qpcrrundate20220825",3e+05,"Hemtak","std3E5",22.45,"std3E5",NA,NA,NA,NA,NA,NA,NA,NA,NA,NA,NA,NA,NA,NA,NA,NA,NA,NA,NA,NA,NA,NA,NA,NA,NA,NA,NA,NA,NA,NA,NA,NA,NA,3e+05,3e+05,6,9,54,1
"569","A02",1,"std3E5","3uL","QtyorID","Standard",1,0.1236,"22.67","3.00e+005",0.978,-3.159,"qpcr959","MONIS6","AssID27","Hemtak","plt02","qpcrrundate20220825",3e+05,"Hemtak","std3E5",22.67,"std3E5",NA,NA,NA,NA,NA,NA,NA,NA,NA,NA,NA,NA,NA,NA,NA,NA,NA,NA,NA,NA,NA,NA,NA,NA,NA,NA,NA,NA,NA,NA,NA,NA,NA,3e+05,3e+05,6,9,54,1
"570","A03",1,"std3E5","3uL","QtyorID","Standard",1,0.1236,"22.59","3.00e+005",0.978,-3.159,"qpcr959","MONIS6","AssID27","Hemtak","plt02","qpcrrundate20220825",3e+05,"Hemtak","std3E5",22.59,"std3E5",NA,NA,NA,NA,NA,NA,NA,NA,NA,NA,NA,NA,NA,NA,NA,NA,NA,NA,NA,NA,NA,NA,NA,NA,NA,NA,NA,NA,NA,NA,NA,NA,NA,3e+05,3e+05,6,9,54,1
"571","B01",2,"std3E4","3uL","QtyorID","Standard",2,0.1236,"26.02","3.00e+004",0.978,-3.159,"qpcr959","MONIS6","AssID27","Hemtak","plt02","qpcrrundate20220825",30000,"Hemtak","std3E4",26.02,"std3E4",NA,NA,NA,NA,NA,NA,NA,NA,NA,NA,NA,NA,NA,NA,NA,NA,NA,NA,NA,NA,NA,NA,NA,NA,NA,NA,NA,NA,NA,NA,NA,NA,NA,30000,30000,5,9,53,1
"572","B02",2,"std3E4","3uL","QtyorID","Standard",2,0.1236,"26.08","3.00e+004",0.978,-3.159,"qpcr959","MONIS6","AssID27","Hemtak","plt02","qpcrrundate20220825",30000,"Hemtak","std3E4",26.08,"std3E4",NA,NA,NA,NA,NA,NA,NA,NA,NA,NA,NA,NA,NA,NA,NA,NA,NA,NA,NA,NA,NA,NA,NA,NA,NA,NA,NA,NA,NA,NA,NA,NA,NA,30000,30000,5,9,53,1
"573","B03",2,"std3E4","3uL","QtyorID","Standard",2,0.1236,"25.94","3.00e+004",0.978,-3.159,"qpcr959","MONIS6","AssID27","Hemtak","plt02","qpcrrundate20220825",30000,"Hemtak","std3E4",25.94,"std3E4",NA,NA,NA,NA,NA,NA,NA,NA,NA,NA,NA,NA,NA,NA,NA,NA,NA,NA,NA,NA,NA,NA,NA,NA,NA,NA,NA,NA,NA,NA,NA,NA,NA,30000,30000,5,9,53,1
"574","C01",3,"std3E3","3uL","QtyorID","Standard",3,0.1236,"29.25","3.00e+003",0.978,-3.159,"qpcr959","MONIS6","AssID27","Hemtak","plt02","qpcrrundate20220825",3000,"Hemtak","std3E3",29.25,"std3E3",NA,NA,NA,NA,NA,NA,NA,NA,NA,NA,NA,NA,NA,NA,NA,NA,NA,NA,NA,NA,NA,NA,NA,NA,NA,NA,NA,NA,NA,NA,NA,NA,NA,3000,3000,4,9,52,1
"575","C02",3,"std3E3","3uL","QtyorID","Standard",3,0.1236,"29.29","3.00e+003",0.978,-3.159,"qpcr959","MONIS6","AssID27","Hemtak","plt02","qpcrrundate20220825",3000,"Hemtak","std3E3",29.29,"std3E3",NA,NA,NA,NA,NA,NA,NA,NA,NA,NA,NA,NA,NA,NA,NA,NA,NA,NA,NA,NA,NA,NA,NA,NA,NA,NA,NA,NA,NA,NA,NA,NA,NA,3000,3000,4,9,52,1
"576","C03",3,"std3E3","3uL","QtyorID","Standard",3,0.1236,"29.40","3.00e+003",0.978,-3.159,"qpcr959","MONIS6","AssID27","Hemtak","plt02","qpcrrundate20220825",3000,"Hemtak","std3E3",29.4,"std3E3",NA,NA,NA,NA,NA,NA,NA,NA,NA,NA,NA,NA,NA,NA,NA,NA,NA,NA,NA,NA,NA,NA,NA,NA,NA,NA,NA,NA,NA,NA,NA,NA,NA,3000,3000,4,9,52,1
"577","D01",4,"std3E2","3uL","QtyorID","Standard",4,0.1236,"32.93","3.00e+002",0.978,-3.159,"qpcr959","MONIS6","AssID27","Hemtak","plt02","qpcrrundate20220825",300,"Hemtak","std3E2",32.93,"std3E2",NA,NA,NA,NA,NA,NA,NA,NA,NA,NA,NA,NA,NA,NA,NA,NA,NA,NA,NA,NA,NA,NA,NA,NA,NA,NA,NA,NA,NA,NA,NA,NA,NA,300,300,3,9,51,1
"578","D02",4,"std3E2","3uL","QtyorID","Standard",4,0.1236,"32.90","3.00e+002",0.978,-3.159,"qpcr959","MONIS6","AssID27","Hemtak","plt02","qpcrrundate20220825",300,"Hemtak","std3E2",32.9,"std3E2",NA,NA,NA,NA,NA,NA,NA,NA,NA,NA,NA,NA,NA,NA,NA,NA,NA,NA,NA,NA,NA,NA,NA,NA,NA,NA,NA,NA,NA,NA,NA,NA,NA,300,300,3,9,51,1
"579","D03",4,"std3E2","3uL","QtyorID","Standard",4,0.1236,"32.82","3.00e+002",0.978,-3.159,"qpcr959","MONIS6","AssID27","Hemtak","plt02","qpcrrundate20220825",300,"Hemtak","std3E2",32.82,"std3E2",NA,NA,NA,NA,NA,NA,NA,NA,NA,NA,NA,NA,NA,NA,NA,NA,NA,NA,NA,NA,NA,NA,NA,NA,NA,NA,NA,NA,NA,NA,NA,NA,NA,300,300,3,9,51,1
"580","E01",5,"std3E1","3uL","QtyorID","Standard",5,0.1236,"36.51","3.00e+001",0.978,-3.159,"qpcr959","MONIS6","AssID27","Hemtak","plt02","qpcrrundate20220825",30,"Hemtak","std3E1",36.51,"std3E1",NA,NA,NA,NA,NA,NA,NA,NA,NA,NA,NA,NA,NA,NA,NA,NA,NA,NA,NA,NA,NA,NA,NA,NA,NA,NA,NA,NA,NA,NA,NA,NA,NA,30,30,2,9,50,1
"581","E02",5,"std3E1","3uL","QtyorID","Standard",5,0.1236,"36.45","3.00e+001",0.978,-3.159,"qpcr959","MONIS6","AssID27","Hemtak","plt02","qpcrrundate20220825",30,"Hemtak","std3E1",36.45,"std3E1",NA,NA,NA,NA,NA,NA,NA,NA,NA,NA,NA,NA,NA,NA,NA,NA,NA,NA,NA,NA,NA,NA,NA,NA,NA,NA,NA,NA,NA,NA,NA,NA,NA,30,30,2,9,50,1
"582","E03",5,"std3E1","3uL","QtyorID","Standard",5,0.1236,"35.99","3.00e+001",0.978,-3.159,"qpcr959","MONIS6","AssID27","Hemtak","plt02","qpcrrundate20220825",30,"Hemtak","std3E1",35.99,"std3E1",NA,NA,NA,NA,NA,NA,NA,NA,NA,NA,NA,NA,NA,NA,NA,NA,NA,NA,NA,NA,NA,NA,NA,NA,NA,NA,NA,NA,NA,NA,NA,NA,NA,30,30,2,9,50,1
"583","F01",6,"std3E0","3uL","QtyorID","Standard",6,0.1236,"NoCt","NoCt",0.978,-3.159,"qpcr959","MONIS6","AssID27","Hemtak","plt02","qpcrrundate20220825",0,"Hemtak","std3E0",0,"std3E0",NA,NA,NA,NA,NA,NA,NA,NA,NA,NA,NA,NA,NA,NA,NA,NA,NA,NA,NA,NA,NA,NA,NA,NA,NA,NA,NA,NA,NA,NA,NA,NA,NA,3,3,1,9,49,0
"584","F02",6,"std3E0","3uL","QtyorID","Standard",6,0.1236,"39.07","3.00e+000",0.978,-3.159,"qpcr959","MONIS6","AssID27","Hemtak","plt02","qpcrrundate20220825",3,"Hemtak","std3E0",39.07,"std3E0",NA,NA,NA,NA,NA,NA,NA,NA,NA,NA,NA,NA,NA,NA,NA,NA,NA,NA,NA,NA,NA,NA,NA,NA,NA,NA,NA,NA,NA,NA,NA,NA,NA,3,3,1,9,49,1
"585","F03",6,"std3E0","3uL","QtyorID","Standard",6,0.1236,"41.00","3.00e+000",0.978,-3.159,"qpcr959","MONIS6","AssID27","Hemtak","plt02","qpcrrundate20220825",3,"Hemtak","std3E0",41,"std3E0",NA,NA,NA,NA,NA,NA,NA,NA,NA,NA,NA,NA,NA,NA,NA,NA,NA,NA,NA,NA,NA,NA,NA,NA,NA,NA,NA,NA,NA,NA,NA,NA,NA,3,3,1,9,49,1
"586","G01",7,"std3E-1","3uL","QtyorID","Standard",7,0.1236,"NoCt","NoCt",0.978,-3.159,"qpcr959","MONIS6","AssID27","Hemtak","plt02","qpcrrundate20220825",0,"Hemtak","std3E-1",0,"std3E1",NA,NA,NA,NA,NA,NA,NA,NA,NA,NA,NA,NA,NA,NA,NA,NA,NA,NA,NA,NA,NA,NA,NA,NA,NA,NA,NA,NA,NA,NA,NA,NA,NA,0.3,0.3,2,9,50,0
"587","G02",7,"std3E-1","3uL","QtyorID","Standard",7,0.1236,"40.33","3.00e-001",0.978,-3.159,"qpcr959","MONIS6","AssID27","Hemtak","plt02","qpcrrundate20220825",0.3,"Hemtak","std3E-1",40.33,"std3E1",NA,NA,NA,NA,NA,NA,NA,NA,NA,NA,NA,NA,NA,NA,NA,NA,NA,NA,NA,NA,NA,NA,NA,NA,NA,NA,NA,NA,NA,NA,NA,NA,NA,0.3,0.3,2,9,50,1
"588","G03",7,"std3E-1","3uL","QtyorID","Standard",7,0.1236,"39.64","3.00e-001",0.978,-3.159,"qpcr959","MONIS6","AssID27","Hemtak","plt02","qpcrrundate20220825",0.3,"Hemtak","std3E-1",39.64,"std3E1",NA,NA,NA,NA,NA,NA,NA,NA,NA,NA,NA,NA,NA,NA,NA,NA,NA,NA,NA,NA,NA,NA,NA,NA,NA,NA,NA,NA,NA,NA,NA,NA,NA,0.3,0.3,2,9,50,1
"589","A01",1,"std3E5","3uL","QtyorID","Standard",1,0.0221,"20.02","3.00e+005",0.995,-3.487,"qpcr963","MONIS6","AssID10","Oncmyk","plt01","qpcrrundate20220921",3e+05,"Oncmyk","std3E5",20.02,"std3E5",NA,NA,NA,NA,NA,NA,NA,NA,NA,NA,NA,NA,NA,NA,NA,NA,NA,NA,NA,NA,NA,NA,NA,NA,NA,NA,NA,NA,NA,NA,NA,NA,NA,3e+05,3e+05,6,14,83,1
"590","A02",1,"std3E5","3uL","QtyorID","Standard",1,0.0221,"20.08","3.00e+005",0.995,-3.487,"qpcr963","MONIS6","AssID10","Oncmyk","plt01","qpcrrundate20220921",3e+05,"Oncmyk","std3E5",20.08,"std3E5",NA,NA,NA,NA,NA,NA,NA,NA,NA,NA,NA,NA,NA,NA,NA,NA,NA,NA,NA,NA,NA,NA,NA,NA,NA,NA,NA,NA,NA,NA,NA,NA,NA,3e+05,3e+05,6,14,83,1
"591","A03",1,"std3E5","3uL","QtyorID","Standard",1,0.0221,"20.54","3.00e+005",0.995,-3.487,"qpcr963","MONIS6","AssID10","Oncmyk","plt01","qpcrrundate20220921",3e+05,"Oncmyk","std3E5",20.54,"std3E5",NA,NA,NA,NA,NA,NA,NA,NA,NA,NA,NA,NA,NA,NA,NA,NA,NA,NA,NA,NA,NA,NA,NA,NA,NA,NA,NA,NA,NA,NA,NA,NA,NA,3e+05,3e+05,6,14,83,1
"592","B01",2,"std3E4","3uL","QtyorID","Standard",2,0.0221,"24.12","3.00e+004",0.995,-3.487,"qpcr963","MONIS6","AssID10","Oncmyk","plt01","qpcrrundate20220921",30000,"Oncmyk","std3E4",24.12,"std3E4",NA,NA,NA,NA,NA,NA,NA,NA,NA,NA,NA,NA,NA,NA,NA,NA,NA,NA,NA,NA,NA,NA,NA,NA,NA,NA,NA,NA,NA,NA,NA,NA,NA,30000,30000,5,14,82,1
"593","B02",2,"std3E4","3uL","QtyorID","Standard",2,0.0221,"24.18","3.00e+004",0.995,-3.487,"qpcr963","MONIS6","AssID10","Oncmyk","plt01","qpcrrundate20220921",30000,"Oncmyk","std3E4",24.18,"std3E4",NA,NA,NA,NA,NA,NA,NA,NA,NA,NA,NA,NA,NA,NA,NA,NA,NA,NA,NA,NA,NA,NA,NA,NA,NA,NA,NA,NA,NA,NA,NA,NA,NA,30000,30000,5,14,82,1
"594","B03",2,"std3E4","3uL","QtyorID","Standard",2,0.0221,"24.39","3.00e+004",0.995,-3.487,"qpcr963","MONIS6","AssID10","Oncmyk","plt01","qpcrrundate20220921",30000,"Oncmyk","std3E4",24.39,"std3E4",NA,NA,NA,NA,NA,NA,NA,NA,NA,NA,NA,NA,NA,NA,NA,NA,NA,NA,NA,NA,NA,NA,NA,NA,NA,NA,NA,NA,NA,NA,NA,NA,NA,30000,30000,5,14,82,1
"595","C01",3,"std3E3","3uL","QtyorID","Standard",3,0.0221,"27.22","3.00e+003",0.995,-3.487,"qpcr963","MONIS6","AssID10","Oncmyk","plt01","qpcrrundate20220921",3000,"Oncmyk","std3E3",27.22,"std3E3",NA,NA,NA,NA,NA,NA,NA,NA,NA,NA,NA,NA,NA,NA,NA,NA,NA,NA,NA,NA,NA,NA,NA,NA,NA,NA,NA,NA,NA,NA,NA,NA,NA,3000,3000,4,14,81,1
"596","C02",3,"std3E3","3uL","QtyorID","Standard",3,0.0221,"27.54","3.00e+003",0.995,-3.487,"qpcr963","MONIS6","AssID10","Oncmyk","plt01","qpcrrundate20220921",3000,"Oncmyk","std3E3",27.54,"std3E3",NA,NA,NA,NA,NA,NA,NA,NA,NA,NA,NA,NA,NA,NA,NA,NA,NA,NA,NA,NA,NA,NA,NA,NA,NA,NA,NA,NA,NA,NA,NA,NA,NA,3000,3000,4,14,81,1
"597","C03",3,"std3E3","3uL","QtyorID","Standard",3,0.0221,"27.53","3.00e+003",0.995,-3.487,"qpcr963","MONIS6","AssID10","Oncmyk","plt01","qpcrrundate20220921",3000,"Oncmyk","std3E3",27.53,"std3E3",NA,NA,NA,NA,NA,NA,NA,NA,NA,NA,NA,NA,NA,NA,NA,NA,NA,NA,NA,NA,NA,NA,NA,NA,NA,NA,NA,NA,NA,NA,NA,NA,NA,3000,3000,4,14,81,1
"598","D01",4,"std3E2","3uL","QtyorID","Standard",4,0.0221,"31.04","3.00e+002",0.995,-3.487,"qpcr963","MONIS6","AssID10","Oncmyk","plt01","qpcrrundate20220921",300,"Oncmyk","std3E2",31.04,"std3E2",NA,NA,NA,NA,NA,NA,NA,NA,NA,NA,NA,NA,NA,NA,NA,NA,NA,NA,NA,NA,NA,NA,NA,NA,NA,NA,NA,NA,NA,NA,NA,NA,NA,300,300,3,14,80,1
"599","D02",4,"std3E2","3uL","QtyorID","Standard",4,0.0221,"30.80","3.00e+002",0.995,-3.487,"qpcr963","MONIS6","AssID10","Oncmyk","plt01","qpcrrundate20220921",300,"Oncmyk","std3E2",30.8,"std3E2",NA,NA,NA,NA,NA,NA,NA,NA,NA,NA,NA,NA,NA,NA,NA,NA,NA,NA,NA,NA,NA,NA,NA,NA,NA,NA,NA,NA,NA,NA,NA,NA,NA,300,300,3,14,80,1
"600","D03",4,"std3E2","3uL","QtyorID","Standard",4,0.0221,"30.84","3.00e+002",0.995,-3.487,"qpcr963","MONIS6","AssID10","Oncmyk","plt01","qpcrrundate20220921",300,"Oncmyk","std3E2",30.84,"std3E2",NA,NA,NA,NA,NA,NA,NA,NA,NA,NA,NA,NA,NA,NA,NA,NA,NA,NA,NA,NA,NA,NA,NA,NA,NA,NA,NA,NA,NA,NA,NA,NA,NA,300,300,3,14,80,1
"601","E01",5,"std3E1","3uL","QtyorID","Standard",5,0.0221,"35.16","3.00e+001",0.995,-3.487,"qpcr963","MONIS6","AssID10","Oncmyk","plt01","qpcrrundate20220921",30,"Oncmyk","std3E1",35.16,"std3E1",NA,NA,NA,NA,NA,NA,NA,NA,NA,NA,NA,NA,NA,NA,NA,NA,NA,NA,NA,NA,NA,NA,NA,NA,NA,NA,NA,NA,NA,NA,NA,NA,NA,30,30,2,14,79,1
"602","E02",5,"std3E1","3uL","QtyorID","Standard",5,0.0221,"34.92","3.00e+001",0.995,-3.487,"qpcr963","MONIS6","AssID10","Oncmyk","plt01","qpcrrundate20220921",30,"Oncmyk","std3E1",34.92,"std3E1",NA,NA,NA,NA,NA,NA,NA,NA,NA,NA,NA,NA,NA,NA,NA,NA,NA,NA,NA,NA,NA,NA,NA,NA,NA,NA,NA,NA,NA,NA,NA,NA,NA,30,30,2,14,79,1
"603","E03",5,"std3E1","3uL","QtyorID","Standard",5,0.0221,"34.24","3.00e+001",0.995,-3.487,"qpcr963","MONIS6","AssID10","Oncmyk","plt01","qpcrrundate20220921",30,"Oncmyk","std3E1",34.24,"std3E1",NA,NA,NA,NA,NA,NA,NA,NA,NA,NA,NA,NA,NA,NA,NA,NA,NA,NA,NA,NA,NA,NA,NA,NA,NA,NA,NA,NA,NA,NA,NA,NA,NA,30,30,2,14,79,1
"604","F01",6,"std3E0","3uL","QtyorID","Standard",6,0.0221,"NoCt","NoCt",0.995,-3.487,"qpcr963","MONIS6","AssID10","Oncmyk","plt01","qpcrrundate20220921",0,"Oncmyk","std3E0",0,"std3E0",NA,NA,NA,NA,NA,NA,NA,NA,NA,NA,NA,NA,NA,NA,NA,NA,NA,NA,NA,NA,NA,NA,NA,NA,NA,NA,NA,NA,NA,NA,NA,NA,NA,3,3,1,14,78,0
"605","F02",6,"std3E0","3uL","QtyorID","Standard",6,0.0221,"NoCt","NoCt",0.995,-3.487,"qpcr963","MONIS6","AssID10","Oncmyk","plt01","qpcrrundate20220921",0,"Oncmyk","std3E0",0,"std3E0",NA,NA,NA,NA,NA,NA,NA,NA,NA,NA,NA,NA,NA,NA,NA,NA,NA,NA,NA,NA,NA,NA,NA,NA,NA,NA,NA,NA,NA,NA,NA,NA,NA,3,3,1,14,78,0
"606","F03",6,"std3E0","3uL","QtyorID","Standard",6,0.0221,"37.00","3.00e+000",0.995,-3.487,"qpcr963","MONIS6","AssID10","Oncmyk","plt01","qpcrrundate20220921",3,"Oncmyk","std3E0",37,"std3E0",NA,NA,NA,NA,NA,NA,NA,NA,NA,NA,NA,NA,NA,NA,NA,NA,NA,NA,NA,NA,NA,NA,NA,NA,NA,NA,NA,NA,NA,NA,NA,NA,NA,3,3,1,14,78,1
"607","G01",7,"std3E-1","3uL","QtyorID","Standard",7,0.0221,"NoCt","NoCt",0.995,-3.487,"qpcr963","MONIS6","AssID10","Oncmyk","plt01","qpcrrundate20220921",0,"Oncmyk","std3E-1",0,"std3E1",NA,NA,NA,NA,NA,NA,NA,NA,NA,NA,NA,NA,NA,NA,NA,NA,NA,NA,NA,NA,NA,NA,NA,NA,NA,NA,NA,NA,NA,NA,NA,NA,NA,0.3,0.3,2,14,79,0
"608","G02",7,"std3E-1","3uL","QtyorID","Standard",7,0.0221,"NoCt","NoCt",0.995,-3.487,"qpcr963","MONIS6","AssID10","Oncmyk","plt01","qpcrrundate20220921",0,"Oncmyk","std3E-1",0,"std3E1",NA,NA,NA,NA,NA,NA,NA,NA,NA,NA,NA,NA,NA,NA,NA,NA,NA,NA,NA,NA,NA,NA,NA,NA,NA,NA,NA,NA,NA,NA,NA,NA,NA,0.3,0.3,2,14,79,0
"609","G03",7,"std3E-1","3uL","QtyorID","Standard",7,0.0221,"NoCt","NoCt",0.995,-3.487,"qpcr963","MONIS6","AssID10","Oncmyk","plt01","qpcrrundate20220921",0,"Oncmyk","std3E-1",0,"std3E1",NA,NA,NA,NA,NA,NA,NA,NA,NA,NA,NA,NA,NA,NA,NA,NA,NA,NA,NA,NA,NA,NA,NA,NA,NA,NA,NA,NA,NA,NA,NA,NA,NA,0.3,0.3,2,14,79,0
"610","A01",1,"std3E5","3uL","QtyorID","Standard",1,0.131,"23.70","3.00e+005",0.994,-3.541,"qpcr964","MONIS6","AssID10","Oncmyk","plt02","qpcrrundate20220922",3e+05,"Oncmyk","std3E5",23.7,"std3E5",NA,NA,NA,NA,NA,NA,NA,NA,NA,NA,NA,NA,NA,NA,NA,NA,NA,NA,NA,NA,NA,NA,NA,NA,NA,NA,NA,NA,NA,NA,NA,NA,NA,3e+05,3e+05,6,14,83,1
"611","A02",1,"std3E5","3uL","QtyorID","Standard",1,0.131,"24.31","3.00e+005",0.994,-3.541,"qpcr964","MONIS6","AssID10","Oncmyk","plt02","qpcrrundate20220922",3e+05,"Oncmyk","std3E5",24.31,"std3E5",NA,NA,NA,NA,NA,NA,NA,NA,NA,NA,NA,NA,NA,NA,NA,NA,NA,NA,NA,NA,NA,NA,NA,NA,NA,NA,NA,NA,NA,NA,NA,NA,NA,3e+05,3e+05,6,14,83,1
"612","A03",1,"std3E5","3uL","QtyorID","Standard",1,0.131,"24.38","3.00e+005",0.994,-3.541,"qpcr964","MONIS6","AssID10","Oncmyk","plt02","qpcrrundate20220922",3e+05,"Oncmyk","std3E5",24.38,"std3E5",NA,NA,NA,NA,NA,NA,NA,NA,NA,NA,NA,NA,NA,NA,NA,NA,NA,NA,NA,NA,NA,NA,NA,NA,NA,NA,NA,NA,NA,NA,NA,NA,NA,3e+05,3e+05,6,14,83,1
"613","B01",2,"std3E4","3uL","QtyorID","Standard",2,0.131,"27.90","3.00e+004",0.994,-3.541,"qpcr964","MONIS6","AssID10","Oncmyk","plt02","qpcrrundate20220922",30000,"Oncmyk","std3E4",27.9,"std3E4",NA,NA,NA,NA,NA,NA,NA,NA,NA,NA,NA,NA,NA,NA,NA,NA,NA,NA,NA,NA,NA,NA,NA,NA,NA,NA,NA,NA,NA,NA,NA,NA,NA,30000,30000,5,14,82,1
"614","B02",2,"std3E4","3uL","QtyorID","Standard",2,0.131,"27.98","3.00e+004",0.994,-3.541,"qpcr964","MONIS6","AssID10","Oncmyk","plt02","qpcrrundate20220922",30000,"Oncmyk","std3E4",27.98,"std3E4",NA,NA,NA,NA,NA,NA,NA,NA,NA,NA,NA,NA,NA,NA,NA,NA,NA,NA,NA,NA,NA,NA,NA,NA,NA,NA,NA,NA,NA,NA,NA,NA,NA,30000,30000,5,14,82,1
"615","B03",2,"std3E4","3uL","QtyorID","Standard",2,0.131,"27.92","3.00e+004",0.994,-3.541,"qpcr964","MONIS6","AssID10","Oncmyk","plt02","qpcrrundate20220922",30000,"Oncmyk","std3E4",27.92,"std3E4",NA,NA,NA,NA,NA,NA,NA,NA,NA,NA,NA,NA,NA,NA,NA,NA,NA,NA,NA,NA,NA,NA,NA,NA,NA,NA,NA,NA,NA,NA,NA,NA,NA,30000,30000,5,14,82,1
"616","C01",3,"std3E3","3uL","QtyorID","Standard",3,0.131,"31.19","3.00e+003",0.994,-3.541,"qpcr964","MONIS6","AssID10","Oncmyk","plt02","qpcrrundate20220922",3000,"Oncmyk","std3E3",31.19,"std3E3",NA,NA,NA,NA,NA,NA,NA,NA,NA,NA,NA,NA,NA,NA,NA,NA,NA,NA,NA,NA,NA,NA,NA,NA,NA,NA,NA,NA,NA,NA,NA,NA,NA,3000,3000,4,14,81,1
"617","C02",3,"std3E3","3uL","QtyorID","Standard",3,0.131,"31.38","3.00e+003",0.994,-3.541,"qpcr964","MONIS6","AssID10","Oncmyk","plt02","qpcrrundate20220922",3000,"Oncmyk","std3E3",31.38,"std3E3",NA,NA,NA,NA,NA,NA,NA,NA,NA,NA,NA,NA,NA,NA,NA,NA,NA,NA,NA,NA,NA,NA,NA,NA,NA,NA,NA,NA,NA,NA,NA,NA,NA,3000,3000,4,14,81,1
"618","C03",3,"std3E3","3uL","QtyorID","Standard",3,0.131,"31.28","3.00e+003",0.994,-3.541,"qpcr964","MONIS6","AssID10","Oncmyk","plt02","qpcrrundate20220922",3000,"Oncmyk","std3E3",31.28,"std3E3",NA,NA,NA,NA,NA,NA,NA,NA,NA,NA,NA,NA,NA,NA,NA,NA,NA,NA,NA,NA,NA,NA,NA,NA,NA,NA,NA,NA,NA,NA,NA,NA,NA,3000,3000,4,14,81,1
"619","D01",4,"std3E2","3uL","QtyorID","Standard",4,0.131,"34.83","3.00e+002",0.994,-3.541,"qpcr964","MONIS6","AssID10","Oncmyk","plt02","qpcrrundate20220922",300,"Oncmyk","std3E2",34.83,"std3E2",NA,NA,NA,NA,NA,NA,NA,NA,NA,NA,NA,NA,NA,NA,NA,NA,NA,NA,NA,NA,NA,NA,NA,NA,NA,NA,NA,NA,NA,NA,NA,NA,NA,300,300,3,14,80,1
"620","D02",4,"std3E2","3uL","QtyorID","Standard",4,0.131,"35.65","3.00e+002",0.994,-3.541,"qpcr964","MONIS6","AssID10","Oncmyk","plt02","qpcrrundate20220922",300,"Oncmyk","std3E2",35.65,"std3E2",NA,NA,NA,NA,NA,NA,NA,NA,NA,NA,NA,NA,NA,NA,NA,NA,NA,NA,NA,NA,NA,NA,NA,NA,NA,NA,NA,NA,NA,NA,NA,NA,NA,300,300,3,14,80,1
"621","D03",4,"std3E2","3uL","QtyorID","Standard",4,0.131,"35.34","3.00e+002",0.994,-3.541,"qpcr964","MONIS6","AssID10","Oncmyk","plt02","qpcrrundate20220922",300,"Oncmyk","std3E2",35.34,"std3E2",NA,NA,NA,NA,NA,NA,NA,NA,NA,NA,NA,NA,NA,NA,NA,NA,NA,NA,NA,NA,NA,NA,NA,NA,NA,NA,NA,NA,NA,NA,NA,NA,NA,300,300,3,14,80,1
"622","E01",5,"std3E1","3uL","QtyorID","Standard",5,0.131,"38.83","3.00e+001",0.994,-3.541,"qpcr964","MONIS6","AssID10","Oncmyk","plt02","qpcrrundate20220922",30,"Oncmyk","std3E1",38.83,"std3E1",NA,NA,NA,NA,NA,NA,NA,NA,NA,NA,NA,NA,NA,NA,NA,NA,NA,NA,NA,NA,NA,NA,NA,NA,NA,NA,NA,NA,NA,NA,NA,NA,NA,30,30,2,14,79,1
"623","E02",5,"std3E1","3uL","QtyorID","Standard",5,0.131,"37.76","3.00e+001",0.994,-3.541,"qpcr964","MONIS6","AssID10","Oncmyk","plt02","qpcrrundate20220922",30,"Oncmyk","std3E1",37.76,"std3E1",NA,NA,NA,NA,NA,NA,NA,NA,NA,NA,NA,NA,NA,NA,NA,NA,NA,NA,NA,NA,NA,NA,NA,NA,NA,NA,NA,NA,NA,NA,NA,NA,NA,30,30,2,14,79,1
"624","E03",5,"std3E1","3uL","QtyorID","Standard",5,0.131,"37.90","3.00e+001",0.994,-3.541,"qpcr964","MONIS6","AssID10","Oncmyk","plt02","qpcrrundate20220922",30,"Oncmyk","std3E1",37.9,"std3E1",NA,NA,NA,NA,NA,NA,NA,NA,NA,NA,NA,NA,NA,NA,NA,NA,NA,NA,NA,NA,NA,NA,NA,NA,NA,NA,NA,NA,NA,NA,NA,NA,NA,30,30,2,14,79,1
"625","F01",6,"std3E0","3uL","QtyorID","Standard",6,0.131,"NoCt","NoCt",0.994,-3.541,"qpcr964","MONIS6","AssID10","Oncmyk","plt02","qpcrrundate20220922",0,"Oncmyk","std3E0",0,"std3E0",NA,NA,NA,NA,NA,NA,NA,NA,NA,NA,NA,NA,NA,NA,NA,NA,NA,NA,NA,NA,NA,NA,NA,NA,NA,NA,NA,NA,NA,NA,NA,NA,NA,3,3,1,14,78,0
"626","F02",6,"std3E0","3uL","QtyorID","Standard",6,0.131,"NoCt","NoCt",0.994,-3.541,"qpcr964","MONIS6","AssID10","Oncmyk","plt02","qpcrrundate20220922",0,"Oncmyk","std3E0",0,"std3E0",NA,NA,NA,NA,NA,NA,NA,NA,NA,NA,NA,NA,NA,NA,NA,NA,NA,NA,NA,NA,NA,NA,NA,NA,NA,NA,NA,NA,NA,NA,NA,NA,NA,3,3,1,14,78,0
"627","F03",6,"std3E0","3uL","QtyorID","Standard",6,0.131,"NoCt","NoCt",0.994,-3.541,"qpcr964","MONIS6","AssID10","Oncmyk","plt02","qpcrrundate20220922",0,"Oncmyk","std3E0",0,"std3E0",NA,NA,NA,NA,NA,NA,NA,NA,NA,NA,NA,NA,NA,NA,NA,NA,NA,NA,NA,NA,NA,NA,NA,NA,NA,NA,NA,NA,NA,NA,NA,NA,NA,3,3,1,14,78,0
"628","G01",7,"std3E-1","3uL","QtyorID","Standard",7,0.131,"NoCt","NoCt",0.994,-3.541,"qpcr964","MONIS6","AssID10","Oncmyk","plt02","qpcrrundate20220922",0,"Oncmyk","std3E-1",0,"std3E1",NA,NA,NA,NA,NA,NA,NA,NA,NA,NA,NA,NA,NA,NA,NA,NA,NA,NA,NA,NA,NA,NA,NA,NA,NA,NA,NA,NA,NA,NA,NA,NA,NA,0.3,0.3,2,14,79,0
"629","G02",7,"std3E-1","3uL","QtyorID","Standard",7,0.131,"NoCt","NoCt",0.994,-3.541,"qpcr964","MONIS6","AssID10","Oncmyk","plt02","qpcrrundate20220922",0,"Oncmyk","std3E-1",0,"std3E1",NA,NA,NA,NA,NA,NA,NA,NA,NA,NA,NA,NA,NA,NA,NA,NA,NA,NA,NA,NA,NA,NA,NA,NA,NA,NA,NA,NA,NA,NA,NA,NA,NA,0.3,0.3,2,14,79,0
"630","G03",7,"std3E-1","3uL","QtyorID","Standard",7,0.131,"NoCt","NoCt",0.994,-3.541,"qpcr964","MONIS6","AssID10","Oncmyk","plt02","qpcrrundate20220922",0,"Oncmyk","std3E-1",0,"std3E1",NA,NA,NA,NA,NA,NA,NA,NA,NA,NA,NA,NA,NA,NA,NA,NA,NA,NA,NA,NA,NA,NA,NA,NA,NA,NA,NA,NA,NA,NA,NA,NA,NA,0.3,0.3,2,14,79,0
"631","A01",1,"std3E5","3uL","QtyorID","Standard",1,0.0697,"25.72","3.00e+005",0.996,-3.294,"qpcr965","MONIS6","AssID04","Caraur","plt01","qpcrrundate20221123",3e+05,"Caraur","std3E5",25.72,"std3E5",NA,NA,NA,NA,NA,NA,NA,NA,NA,NA,NA,NA,NA,NA,NA,NA,NA,NA,NA,NA,NA,NA,NA,NA,NA,NA,NA,NA,NA,NA,NA,NA,NA,3e+05,3e+05,6,3,18,1
"632","A02",1,"std3E5","3uL","QtyorID","Standard",1,0.0697,"25.92","3.00e+005",0.996,-3.294,"qpcr965","MONIS6","AssID04","Caraur","plt01","qpcrrundate20221123",3e+05,"Caraur","std3E5",25.92,"std3E5",NA,NA,NA,NA,NA,NA,NA,NA,NA,NA,NA,NA,NA,NA,NA,NA,NA,NA,NA,NA,NA,NA,NA,NA,NA,NA,NA,NA,NA,NA,NA,NA,NA,3e+05,3e+05,6,3,18,1
"633","A03",1,"std3E5","3uL","QtyorID","Standard",1,0.0697,"25.90","3.00e+005",0.996,-3.294,"qpcr965","MONIS6","AssID04","Caraur","plt01","qpcrrundate20221123",3e+05,"Caraur","std3E5",25.9,"std3E5",NA,NA,NA,NA,NA,NA,NA,NA,NA,NA,NA,NA,NA,NA,NA,NA,NA,NA,NA,NA,NA,NA,NA,NA,NA,NA,NA,NA,NA,NA,NA,NA,NA,3e+05,3e+05,6,3,18,1
"634","B01",2,"std3E4","3uL","QtyorID","Standard",2,0.0697,"29.35","3.00e+004",0.996,-3.294,"qpcr965","MONIS6","AssID04","Caraur","plt01","qpcrrundate20221123",30000,"Caraur","std3E4",29.35,"std3E4",NA,NA,NA,NA,NA,NA,NA,NA,NA,NA,NA,NA,NA,NA,NA,NA,NA,NA,NA,NA,NA,NA,NA,NA,NA,NA,NA,NA,NA,NA,NA,NA,NA,30000,30000,5,3,17,1
"635","B02",2,"std3E4","3uL","QtyorID","Standard",2,0.0697,"29.15","3.00e+004",0.996,-3.294,"qpcr965","MONIS6","AssID04","Caraur","plt01","qpcrrundate20221123",30000,"Caraur","std3E4",29.15,"std3E4",NA,NA,NA,NA,NA,NA,NA,NA,NA,NA,NA,NA,NA,NA,NA,NA,NA,NA,NA,NA,NA,NA,NA,NA,NA,NA,NA,NA,NA,NA,NA,NA,NA,30000,30000,5,3,17,1
"636","B03",2,"std3E4","3uL","QtyorID","Standard",2,0.0697,"29.35","3.00e+004",0.996,-3.294,"qpcr965","MONIS6","AssID04","Caraur","plt01","qpcrrundate20221123",30000,"Caraur","std3E4",29.35,"std3E4",NA,NA,NA,NA,NA,NA,NA,NA,NA,NA,NA,NA,NA,NA,NA,NA,NA,NA,NA,NA,NA,NA,NA,NA,NA,NA,NA,NA,NA,NA,NA,NA,NA,30000,30000,5,3,17,1
"637","C01",3,"std3E3","3uL","QtyorID","Standard",3,0.0697,"33.00","3.00e+003",0.996,-3.294,"qpcr965","MONIS6","AssID04","Caraur","plt01","qpcrrundate20221123",3000,"Caraur","std3E3",33,"std3E3",NA,NA,NA,NA,NA,NA,NA,NA,NA,NA,NA,NA,NA,NA,NA,NA,NA,NA,NA,NA,NA,NA,NA,NA,NA,NA,NA,NA,NA,NA,NA,NA,NA,3000,3000,4,3,16,1
"638","C02",3,"std3E3","3uL","QtyorID","Standard",3,0.0697,"32.68","3.00e+003",0.996,-3.294,"qpcr965","MONIS6","AssID04","Caraur","plt01","qpcrrundate20221123",3000,"Caraur","std3E3",32.68,"std3E3",NA,NA,NA,NA,NA,NA,NA,NA,NA,NA,NA,NA,NA,NA,NA,NA,NA,NA,NA,NA,NA,NA,NA,NA,NA,NA,NA,NA,NA,NA,NA,NA,NA,3000,3000,4,3,16,1
"639","C03",3,"std3E3","3uL","QtyorID","Standard",3,0.0697,"32.75","3.00e+003",0.996,-3.294,"qpcr965","MONIS6","AssID04","Caraur","plt01","qpcrrundate20221123",3000,"Caraur","std3E3",32.75,"std3E3",NA,NA,NA,NA,NA,NA,NA,NA,NA,NA,NA,NA,NA,NA,NA,NA,NA,NA,NA,NA,NA,NA,NA,NA,NA,NA,NA,NA,NA,NA,NA,NA,NA,3000,3000,4,3,16,1
"640","D01",4,"std3E2","3uL","QtyorID","Standard",4,0.0697,"36.15","3.00e+002",0.996,-3.294,"qpcr965","MONIS6","AssID04","Caraur","plt01","qpcrrundate20221123",300,"Caraur","std3E2",36.15,"std3E2",NA,NA,NA,NA,NA,NA,NA,NA,NA,NA,NA,NA,NA,NA,NA,NA,NA,NA,NA,NA,NA,NA,NA,NA,NA,NA,NA,NA,NA,NA,NA,NA,NA,300,300,3,3,15,1
"641","D02",4,"std3E2","3uL","QtyorID","Standard",4,0.0697,"35.96","3.00e+002",0.996,-3.294,"qpcr965","MONIS6","AssID04","Caraur","plt01","qpcrrundate20221123",300,"Caraur","std3E2",35.96,"std3E2",NA,NA,NA,NA,NA,NA,NA,NA,NA,NA,NA,NA,NA,NA,NA,NA,NA,NA,NA,NA,NA,NA,NA,NA,NA,NA,NA,NA,NA,NA,NA,NA,NA,300,300,3,3,15,1
"642","D03",4,"std3E2","3uL","QtyorID","Standard",4,0.0697,"35.92","3.00e+002",0.996,-3.294,"qpcr965","MONIS6","AssID04","Caraur","plt01","qpcrrundate20221123",300,"Caraur","std3E2",35.92,"std3E2",NA,NA,NA,NA,NA,NA,NA,NA,NA,NA,NA,NA,NA,NA,NA,NA,NA,NA,NA,NA,NA,NA,NA,NA,NA,NA,NA,NA,NA,NA,NA,NA,NA,300,300,3,3,15,1
"643","E01",5,"std3E1","3uL","QtyorID","Standard",5,0.0697,"38.30","3.00e+001",0.996,-3.294,"qpcr965","MONIS6","AssID04","Caraur","plt01","qpcrrundate20221123",30,"Caraur","std3E1",38.3,"std3E1",NA,NA,NA,NA,NA,NA,NA,NA,NA,NA,NA,NA,NA,NA,NA,NA,NA,NA,NA,NA,NA,NA,NA,NA,NA,NA,NA,NA,NA,NA,NA,NA,NA,30,30,2,3,14,1
"644","E02",5,"std3E1","3uL","QtyorID","Standard",5,0.0697,"39.39","3.00e+001",0.996,-3.294,"qpcr965","MONIS6","AssID04","Caraur","plt01","qpcrrundate20221123",30,"Caraur","std3E1",39.39,"std3E1",NA,NA,NA,NA,NA,NA,NA,NA,NA,NA,NA,NA,NA,NA,NA,NA,NA,NA,NA,NA,NA,NA,NA,NA,NA,NA,NA,NA,NA,NA,NA,NA,NA,30,30,2,3,14,1
"645","E03",5,"std3E1","3uL","QtyorID","Standard",5,0.0697,"NoCt","NoCt",0.996,-3.294,"qpcr965","MONIS6","AssID04","Caraur","plt01","qpcrrundate20221123",0,"Caraur","std3E1",0,"std3E1",NA,NA,NA,NA,NA,NA,NA,NA,NA,NA,NA,NA,NA,NA,NA,NA,NA,NA,NA,NA,NA,NA,NA,NA,NA,NA,NA,NA,NA,NA,NA,NA,NA,30,30,2,3,14,0
"646","F01",6,"std3E0","3uL","QtyorID","Standard",6,0.0697,"NoCt","NoCt",0.996,-3.294,"qpcr965","MONIS6","AssID04","Caraur","plt01","qpcrrundate20221123",0,"Caraur","std3E0",0,"std3E0",NA,NA,NA,NA,NA,NA,NA,NA,NA,NA,NA,NA,NA,NA,NA,NA,NA,NA,NA,NA,NA,NA,NA,NA,NA,NA,NA,NA,NA,NA,NA,NA,NA,3,3,1,3,13,0
"647","F02",6,"std3E0","3uL","QtyorID","Standard",6,0.0697,"NoCt","NoCt",0.996,-3.294,"qpcr965","MONIS6","AssID04","Caraur","plt01","qpcrrundate20221123",0,"Caraur","std3E0",0,"std3E0",NA,NA,NA,NA,NA,NA,NA,NA,NA,NA,NA,NA,NA,NA,NA,NA,NA,NA,NA,NA,NA,NA,NA,NA,NA,NA,NA,NA,NA,NA,NA,NA,NA,3,3,1,3,13,0
"648","F03",6,"std3E0","3uL","QtyorID","Standard",6,0.0697,"NoCt","NoCt",0.996,-3.294,"qpcr965","MONIS6","AssID04","Caraur","plt01","qpcrrundate20221123",0,"Caraur","std3E0",0,"std3E0",NA,NA,NA,NA,NA,NA,NA,NA,NA,NA,NA,NA,NA,NA,NA,NA,NA,NA,NA,NA,NA,NA,NA,NA,NA,NA,NA,NA,NA,NA,NA,NA,NA,3,3,1,3,13,0
"649","G01",7,"std3E-1","3uL","QtyorID","Standard",7,0.0697,"NoCt","NoCt",0.996,-3.294,"qpcr965","MONIS6","AssID04","Caraur","plt01","qpcrrundate20221123",0,"Caraur","std3E-1",0,"std3E1",NA,NA,NA,NA,NA,NA,NA,NA,NA,NA,NA,NA,NA,NA,NA,NA,NA,NA,NA,NA,NA,NA,NA,NA,NA,NA,NA,NA,NA,NA,NA,NA,NA,0.3,0.3,2,3,14,0
"650","G02",7,"std3E-1","3uL","QtyorID","Standard",7,0.0697,"NoCt","NoCt",0.996,-3.294,"qpcr965","MONIS6","AssID04","Caraur","plt01","qpcrrundate20221123",0,"Caraur","std3E-1",0,"std3E1",NA,NA,NA,NA,NA,NA,NA,NA,NA,NA,NA,NA,NA,NA,NA,NA,NA,NA,NA,NA,NA,NA,NA,NA,NA,NA,NA,NA,NA,NA,NA,NA,NA,0.3,0.3,2,3,14,0
"651","G03",7,"std3E-1","3uL","QtyorID","Standard",7,0.0697,"NoCt","NoCt",0.996,-3.294,"qpcr965","MONIS6","AssID04","Caraur","plt01","qpcrrundate20221123",0,"Caraur","std3E-1",0,"std3E1",NA,NA,NA,NA,NA,NA,NA,NA,NA,NA,NA,NA,NA,NA,NA,NA,NA,NA,NA,NA,NA,NA,NA,NA,NA,NA,NA,NA,NA,NA,NA,NA,NA,0.3,0.3,2,3,14,0
"652","A01",1,"std3E5","3uL","QtyorID","Standard",1,0.0447,"25.36","3.00e+005",0.986,-3.231,"qpcr966","MONIS6","AssID04","Caraur","plt02","qpcrrundate20221123",3e+05,"Caraur","std3E5",25.36,"std3E5",NA,NA,NA,NA,NA,NA,NA,NA,NA,NA,NA,NA,NA,NA,NA,NA,NA,NA,NA,NA,NA,NA,NA,NA,NA,NA,NA,NA,NA,NA,NA,NA,NA,3e+05,3e+05,6,3,18,1
"653","A02",1,"std3E5","3uL","QtyorID","Standard",1,0.0447,"25.27","3.00e+005",0.986,-3.231,"qpcr966","MONIS6","AssID04","Caraur","plt02","qpcrrundate20221123",3e+05,"Caraur","std3E5",25.27,"std3E5",NA,NA,NA,NA,NA,NA,NA,NA,NA,NA,NA,NA,NA,NA,NA,NA,NA,NA,NA,NA,NA,NA,NA,NA,NA,NA,NA,NA,NA,NA,NA,NA,NA,3e+05,3e+05,6,3,18,1
"654","A03",1,"std3E5","3uL","QtyorID","Standard",1,0.0447,"25.21","3.00e+005",0.986,-3.231,"qpcr966","MONIS6","AssID04","Caraur","plt02","qpcrrundate20221123",3e+05,"Caraur","std3E5",25.21,"std3E5",NA,NA,NA,NA,NA,NA,NA,NA,NA,NA,NA,NA,NA,NA,NA,NA,NA,NA,NA,NA,NA,NA,NA,NA,NA,NA,NA,NA,NA,NA,NA,NA,NA,3e+05,3e+05,6,3,18,1
"655","B01",2,"std3E4","3uL","QtyorID","Standard",2,0.0447,"28.58","3.00e+004",0.986,-3.231,"qpcr966","MONIS6","AssID04","Caraur","plt02","qpcrrundate20221123",30000,"Caraur","std3E4",28.58,"std3E4",NA,NA,NA,NA,NA,NA,NA,NA,NA,NA,NA,NA,NA,NA,NA,NA,NA,NA,NA,NA,NA,NA,NA,NA,NA,NA,NA,NA,NA,NA,NA,NA,NA,30000,30000,5,3,17,1
"656","B02",2,"std3E4","3uL","QtyorID","Standard",2,0.0447,"29.21","3.00e+004",0.986,-3.231,"qpcr966","MONIS6","AssID04","Caraur","plt02","qpcrrundate20221123",30000,"Caraur","std3E4",29.21,"std3E4",NA,NA,NA,NA,NA,NA,NA,NA,NA,NA,NA,NA,NA,NA,NA,NA,NA,NA,NA,NA,NA,NA,NA,NA,NA,NA,NA,NA,NA,NA,NA,NA,NA,30000,30000,5,3,17,1
"657","B03",2,"std3E4","3uL","QtyorID","Standard",2,0.0447,"28.78","3.00e+004",0.986,-3.231,"qpcr966","MONIS6","AssID04","Caraur","plt02","qpcrrundate20221123",30000,"Caraur","std3E4",28.78,"std3E4",NA,NA,NA,NA,NA,NA,NA,NA,NA,NA,NA,NA,NA,NA,NA,NA,NA,NA,NA,NA,NA,NA,NA,NA,NA,NA,NA,NA,NA,NA,NA,NA,NA,30000,30000,5,3,17,1
"658","C01",3,"std3E3","3uL","QtyorID","Standard",3,0.0447,"33.08","3.00e+003",0.986,-3.231,"qpcr966","MONIS6","AssID04","Caraur","plt02","qpcrrundate20221123",3000,"Caraur","std3E3",33.08,"std3E3",NA,NA,NA,NA,NA,NA,NA,NA,NA,NA,NA,NA,NA,NA,NA,NA,NA,NA,NA,NA,NA,NA,NA,NA,NA,NA,NA,NA,NA,NA,NA,NA,NA,3000,3000,4,3,16,1
"659","C02",3,"std3E3","3uL","QtyorID","Standard",3,0.0447,"32.02","3.00e+003",0.986,-3.231,"qpcr966","MONIS6","AssID04","Caraur","plt02","qpcrrundate20221123",3000,"Caraur","std3E3",32.02,"std3E3",NA,NA,NA,NA,NA,NA,NA,NA,NA,NA,NA,NA,NA,NA,NA,NA,NA,NA,NA,NA,NA,NA,NA,NA,NA,NA,NA,NA,NA,NA,NA,NA,NA,3000,3000,4,3,16,1
"660","C03",3,"std3E3","3uL","QtyorID","Standard",3,0.0447,"32.26","3.00e+003",0.986,-3.231,"qpcr966","MONIS6","AssID04","Caraur","plt02","qpcrrundate20221123",3000,"Caraur","std3E3",32.26,"std3E3",NA,NA,NA,NA,NA,NA,NA,NA,NA,NA,NA,NA,NA,NA,NA,NA,NA,NA,NA,NA,NA,NA,NA,NA,NA,NA,NA,NA,NA,NA,NA,NA,NA,3000,3000,4,3,16,1
"661","D01",4,"std3E2","3uL","QtyorID","Standard",4,0.0447,"34.86","3.00e+002",0.986,-3.231,"qpcr966","MONIS6","AssID04","Caraur","plt02","qpcrrundate20221123",300,"Caraur","std3E2",34.86,"std3E2",NA,NA,NA,NA,NA,NA,NA,NA,NA,NA,NA,NA,NA,NA,NA,NA,NA,NA,NA,NA,NA,NA,NA,NA,NA,NA,NA,NA,NA,NA,NA,NA,NA,300,300,3,3,15,1
"662","D02",4,"std3E2","3uL","QtyorID","Standard",4,0.0447,"35.73","3.00e+002",0.986,-3.231,"qpcr966","MONIS6","AssID04","Caraur","plt02","qpcrrundate20221123",300,"Caraur","std3E2",35.73,"std3E2",NA,NA,NA,NA,NA,NA,NA,NA,NA,NA,NA,NA,NA,NA,NA,NA,NA,NA,NA,NA,NA,NA,NA,NA,NA,NA,NA,NA,NA,NA,NA,NA,NA,300,300,3,3,15,1
"663","D03",4,"std3E2","3uL","QtyorID","Standard",4,0.0447,"35.14","3.00e+002",0.986,-3.231,"qpcr966","MONIS6","AssID04","Caraur","plt02","qpcrrundate20221123",300,"Caraur","std3E2",35.14,"std3E2",NA,NA,NA,NA,NA,NA,NA,NA,NA,NA,NA,NA,NA,NA,NA,NA,NA,NA,NA,NA,NA,NA,NA,NA,NA,NA,NA,NA,NA,NA,NA,NA,NA,300,300,3,3,15,1
"664","E01",5,"std3E1","3uL","QtyorID","Standard",5,0.0447,"37.06","3.00e+001",0.986,-3.231,"qpcr966","MONIS6","AssID04","Caraur","plt02","qpcrrundate20221123",30,"Caraur","std3E1",37.06,"std3E1",NA,NA,NA,NA,NA,NA,NA,NA,NA,NA,NA,NA,NA,NA,NA,NA,NA,NA,NA,NA,NA,NA,NA,NA,NA,NA,NA,NA,NA,NA,NA,NA,NA,30,30,2,3,14,1
"665","E02",5,"std3E1","3uL","QtyorID","Standard",5,0.0447,"38.68","3.00e+001",0.986,-3.231,"qpcr966","MONIS6","AssID04","Caraur","plt02","qpcrrundate20221123",30,"Caraur","std3E1",38.68,"std3E1",NA,NA,NA,NA,NA,NA,NA,NA,NA,NA,NA,NA,NA,NA,NA,NA,NA,NA,NA,NA,NA,NA,NA,NA,NA,NA,NA,NA,NA,NA,NA,NA,NA,30,30,2,3,14,1
"666","E03",5,"std3E1","3uL","QtyorID","Standard",5,0.0447,"39.00","3.00e+001",0.986,-3.231,"qpcr966","MONIS6","AssID04","Caraur","plt02","qpcrrundate20221123",30,"Caraur","std3E1",39,"std3E1",NA,NA,NA,NA,NA,NA,NA,NA,NA,NA,NA,NA,NA,NA,NA,NA,NA,NA,NA,NA,NA,NA,NA,NA,NA,NA,NA,NA,NA,NA,NA,NA,NA,30,30,2,3,14,1
"667","F01",6,"std3E0","3uL","QtyorID","Standard",6,0.0447,"NoCt","NoCt",0.986,-3.231,"qpcr966","MONIS6","AssID04","Caraur","plt02","qpcrrundate20221123",0,"Caraur","std3E0",0,"std3E0",NA,NA,NA,NA,NA,NA,NA,NA,NA,NA,NA,NA,NA,NA,NA,NA,NA,NA,NA,NA,NA,NA,NA,NA,NA,NA,NA,NA,NA,NA,NA,NA,NA,3,3,1,3,13,0
"668","F02",6,"std3E0","3uL","QtyorID","Standard",6,0.0447,"NoCt","NoCt",0.986,-3.231,"qpcr966","MONIS6","AssID04","Caraur","plt02","qpcrrundate20221123",0,"Caraur","std3E0",0,"std3E0",NA,NA,NA,NA,NA,NA,NA,NA,NA,NA,NA,NA,NA,NA,NA,NA,NA,NA,NA,NA,NA,NA,NA,NA,NA,NA,NA,NA,NA,NA,NA,NA,NA,3,3,1,3,13,0
"669","F03",6,"std3E0","3uL","QtyorID","Standard",6,0.0447,"NoCt","NoCt",0.986,-3.231,"qpcr966","MONIS6","AssID04","Caraur","plt02","qpcrrundate20221123",0,"Caraur","std3E0",0,"std3E0",NA,NA,NA,NA,NA,NA,NA,NA,NA,NA,NA,NA,NA,NA,NA,NA,NA,NA,NA,NA,NA,NA,NA,NA,NA,NA,NA,NA,NA,NA,NA,NA,NA,3,3,1,3,13,0
"670","G01",7,"std3E-1","3uL","QtyorID","Standard",7,0.0447,"NoCt","NoCt",0.986,-3.231,"qpcr966","MONIS6","AssID04","Caraur","plt02","qpcrrundate20221123",0,"Caraur","std3E-1",0,"std3E1",NA,NA,NA,NA,NA,NA,NA,NA,NA,NA,NA,NA,NA,NA,NA,NA,NA,NA,NA,NA,NA,NA,NA,NA,NA,NA,NA,NA,NA,NA,NA,NA,NA,0.3,0.3,2,3,14,0
"671","G02",7,"std3E-1","3uL","QtyorID","Standard",7,0.0447,"NoCt","NoCt",0.986,-3.231,"qpcr966","MONIS6","AssID04","Caraur","plt02","qpcrrundate20221123",0,"Caraur","std3E-1",0,"std3E1",NA,NA,NA,NA,NA,NA,NA,NA,NA,NA,NA,NA,NA,NA,NA,NA,NA,NA,NA,NA,NA,NA,NA,NA,NA,NA,NA,NA,NA,NA,NA,NA,NA,0.3,0.3,2,3,14,0
"672","G03",7,"std3E-1","3uL","QtyorID","Standard",7,0.0447,"NoCt","NoCt",0.986,-3.231,"qpcr966","MONIS6","AssID04","Caraur","plt02","qpcrrundate20221123",0,"Caraur","std3E-1",0,"std3E1",NA,NA,NA,NA,NA,NA,NA,NA,NA,NA,NA,NA,NA,NA,NA,NA,NA,NA,NA,NA,NA,NA,NA,NA,NA,NA,NA,NA,NA,NA,NA,NA,NA,0.3,0.3,2,3,14,0
"673","A01",1,"std3E5","3uL","QtyorID","Standard",1,0.0849,"22.83","3.00e+005",0.996,-3.438,"qpcr967","MONIS6","AssID24","Homame","plt01","qpcrrundate20221124",3e+05,"Homame","std3E5",22.83,"std3E5",NA,NA,NA,NA,NA,NA,NA,NA,NA,NA,NA,NA,NA,NA,NA,NA,NA,NA,NA,NA,NA,NA,NA,NA,NA,NA,NA,NA,NA,NA,NA,NA,NA,3e+05,3e+05,6,10,60,1
"674","A02",1,"std3E5","3uL","QtyorID","Standard",1,0.0849,"22.72","3.00e+005",0.996,-3.438,"qpcr967","MONIS6","AssID24","Homame","plt01","qpcrrundate20221124",3e+05,"Homame","std3E5",22.72,"std3E5",NA,NA,NA,NA,NA,NA,NA,NA,NA,NA,NA,NA,NA,NA,NA,NA,NA,NA,NA,NA,NA,NA,NA,NA,NA,NA,NA,NA,NA,NA,NA,NA,NA,3e+05,3e+05,6,10,60,1
"675","A03",1,"std3E5","3uL","QtyorID","Standard",1,0.0849,"23.03","3.00e+005",0.996,-3.438,"qpcr967","MONIS6","AssID24","Homame","plt01","qpcrrundate20221124",3e+05,"Homame","std3E5",23.03,"std3E5",NA,NA,NA,NA,NA,NA,NA,NA,NA,NA,NA,NA,NA,NA,NA,NA,NA,NA,NA,NA,NA,NA,NA,NA,NA,NA,NA,NA,NA,NA,NA,NA,NA,3e+05,3e+05,6,10,60,1
"676","B01",2,"std3E4","3uL","QtyorID","Standard",2,0.0849,"26.20","3.00e+004",0.996,-3.438,"qpcr967","MONIS6","AssID24","Homame","plt01","qpcrrundate20221124",30000,"Homame","std3E4",26.2,"std3E4",NA,NA,NA,NA,NA,NA,NA,NA,NA,NA,NA,NA,NA,NA,NA,NA,NA,NA,NA,NA,NA,NA,NA,NA,NA,NA,NA,NA,NA,NA,NA,NA,NA,30000,30000,5,10,59,1
"677","B02",2,"std3E4","3uL","QtyorID","Standard",2,0.0849,"26.59","3.00e+004",0.996,-3.438,"qpcr967","MONIS6","AssID24","Homame","plt01","qpcrrundate20221124",30000,"Homame","std3E4",26.59,"std3E4",NA,NA,NA,NA,NA,NA,NA,NA,NA,NA,NA,NA,NA,NA,NA,NA,NA,NA,NA,NA,NA,NA,NA,NA,NA,NA,NA,NA,NA,NA,NA,NA,NA,30000,30000,5,10,59,1
"678","B03",2,"std3E4","3uL","QtyorID","Standard",2,0.0849,"26.25","3.00e+004",0.996,-3.438,"qpcr967","MONIS6","AssID24","Homame","plt01","qpcrrundate20221124",30000,"Homame","std3E4",26.25,"std3E4",NA,NA,NA,NA,NA,NA,NA,NA,NA,NA,NA,NA,NA,NA,NA,NA,NA,NA,NA,NA,NA,NA,NA,NA,NA,NA,NA,NA,NA,NA,NA,NA,NA,30000,30000,5,10,59,1
"679","C01",3,"std3E3","3uL","QtyorID","Standard",3,0.0849,"29.81","3.00e+003",0.996,-3.438,"qpcr967","MONIS6","AssID24","Homame","plt01","qpcrrundate20221124",3000,"Homame","std3E3",29.81,"std3E3",NA,NA,NA,NA,NA,NA,NA,NA,NA,NA,NA,NA,NA,NA,NA,NA,NA,NA,NA,NA,NA,NA,NA,NA,NA,NA,NA,NA,NA,NA,NA,NA,NA,3000,3000,4,10,58,1
"680","C02",3,"std3E3","3uL","QtyorID","Standard",3,0.0849,"29.92","3.00e+003",0.996,-3.438,"qpcr967","MONIS6","AssID24","Homame","plt01","qpcrrundate20221124",3000,"Homame","std3E3",29.92,"std3E3",NA,NA,NA,NA,NA,NA,NA,NA,NA,NA,NA,NA,NA,NA,NA,NA,NA,NA,NA,NA,NA,NA,NA,NA,NA,NA,NA,NA,NA,NA,NA,NA,NA,3000,3000,4,10,58,1
"681","C03",3,"std3E3","3uL","QtyorID","Standard",3,0.0849,"30.34","3.00e+003",0.996,-3.438,"qpcr967","MONIS6","AssID24","Homame","plt01","qpcrrundate20221124",3000,"Homame","std3E3",30.34,"std3E3",NA,NA,NA,NA,NA,NA,NA,NA,NA,NA,NA,NA,NA,NA,NA,NA,NA,NA,NA,NA,NA,NA,NA,NA,NA,NA,NA,NA,NA,NA,NA,NA,NA,3000,3000,4,10,58,1
"682","D01",4,"std3E2","3uL","QtyorID","Standard",4,0.0849,"NoCt","NoCt",0.996,-3.438,"qpcr967","MONIS6","AssID24","Homame","plt01","qpcrrundate20221124",0,"Homame","std3E2",0,"std3E2",NA,NA,NA,NA,NA,NA,NA,NA,NA,NA,NA,NA,NA,NA,NA,NA,NA,NA,NA,NA,NA,NA,NA,NA,NA,NA,NA,NA,NA,NA,NA,NA,NA,300,300,3,10,57,0
"683","D02",4,"std3E2","3uL","QtyorID","Standard",4,0.0849,"33.14","3.00e+002",0.996,-3.438,"qpcr967","MONIS6","AssID24","Homame","plt01","qpcrrundate20221124",300,"Homame","std3E2",33.14,"std3E2",NA,NA,NA,NA,NA,NA,NA,NA,NA,NA,NA,NA,NA,NA,NA,NA,NA,NA,NA,NA,NA,NA,NA,NA,NA,NA,NA,NA,NA,NA,NA,NA,NA,300,300,3,10,57,1
"684","D03",4,"std3E2","3uL","QtyorID","Standard",4,0.0849,"32.91","3.00e+002",0.996,-3.438,"qpcr967","MONIS6","AssID24","Homame","plt01","qpcrrundate20221124",300,"Homame","std3E2",32.91,"std3E2",NA,NA,NA,NA,NA,NA,NA,NA,NA,NA,NA,NA,NA,NA,NA,NA,NA,NA,NA,NA,NA,NA,NA,NA,NA,NA,NA,NA,NA,NA,NA,NA,NA,300,300,3,10,57,1
"685","E01",5,"std3E1","3uL","QtyorID","Standard",5,0.0849,"NoCt","NoCt",0.996,-3.438,"qpcr967","MONIS6","AssID24","Homame","plt01","qpcrrundate20221124",0,"Homame","std3E1",0,"std3E1",NA,NA,NA,NA,NA,NA,NA,NA,NA,NA,NA,NA,NA,NA,NA,NA,NA,NA,NA,NA,NA,NA,NA,NA,NA,NA,NA,NA,NA,NA,NA,NA,NA,30,30,2,10,56,0
"686","E02",5,"std3E1","3uL","QtyorID","Standard",5,0.0849,"NoCt","NoCt",0.996,-3.438,"qpcr967","MONIS6","AssID24","Homame","plt01","qpcrrundate20221124",0,"Homame","std3E1",0,"std3E1",NA,NA,NA,NA,NA,NA,NA,NA,NA,NA,NA,NA,NA,NA,NA,NA,NA,NA,NA,NA,NA,NA,NA,NA,NA,NA,NA,NA,NA,NA,NA,NA,NA,30,30,2,10,56,0
"687","E03",5,"std3E1","3uL","QtyorID","Standard",5,0.0849,"NoCt","NoCt",0.996,-3.438,"qpcr967","MONIS6","AssID24","Homame","plt01","qpcrrundate20221124",0,"Homame","std3E1",0,"std3E1",NA,NA,NA,NA,NA,NA,NA,NA,NA,NA,NA,NA,NA,NA,NA,NA,NA,NA,NA,NA,NA,NA,NA,NA,NA,NA,NA,NA,NA,NA,NA,NA,NA,30,30,2,10,56,0
"688","F01",6,"std3E0","3uL","QtyorID","Standard",6,0.0849,"NoCt","NoCt",0.996,-3.438,"qpcr967","MONIS6","AssID24","Homame","plt01","qpcrrundate20221124",0,"Homame","std3E0",0,"std3E0",NA,NA,NA,NA,NA,NA,NA,NA,NA,NA,NA,NA,NA,NA,NA,NA,NA,NA,NA,NA,NA,NA,NA,NA,NA,NA,NA,NA,NA,NA,NA,NA,NA,3,3,1,10,55,0
"689","F02",6,"std3E0","3uL","QtyorID","Standard",6,0.0849,"NoCt","NoCt",0.996,-3.438,"qpcr967","MONIS6","AssID24","Homame","plt01","qpcrrundate20221124",0,"Homame","std3E0",0,"std3E0",NA,NA,NA,NA,NA,NA,NA,NA,NA,NA,NA,NA,NA,NA,NA,NA,NA,NA,NA,NA,NA,NA,NA,NA,NA,NA,NA,NA,NA,NA,NA,NA,NA,3,3,1,10,55,0
"690","F03",6,"std3E0","3uL","QtyorID","Standard",6,0.0849,"NoCt","NoCt",0.996,-3.438,"qpcr967","MONIS6","AssID24","Homame","plt01","qpcrrundate20221124",0,"Homame","std3E0",0,"std3E0",NA,NA,NA,NA,NA,NA,NA,NA,NA,NA,NA,NA,NA,NA,NA,NA,NA,NA,NA,NA,NA,NA,NA,NA,NA,NA,NA,NA,NA,NA,NA,NA,NA,3,3,1,10,55,0
"691","G01",7,"std3E-1","3uL","QtyorID","Standard",7,0.0849,"NoCt","NoCt",0.996,-3.438,"qpcr967","MONIS6","AssID24","Homame","plt01","qpcrrundate20221124",0,"Homame","std3E-1",0,"std3E1",NA,NA,NA,NA,NA,NA,NA,NA,NA,NA,NA,NA,NA,NA,NA,NA,NA,NA,NA,NA,NA,NA,NA,NA,NA,NA,NA,NA,NA,NA,NA,NA,NA,0.3,0.3,2,10,56,0
"692","G02",7,"std3E-1","3uL","QtyorID","Standard",7,0.0849,"NoCt","NoCt",0.996,-3.438,"qpcr967","MONIS6","AssID24","Homame","plt01","qpcrrundate20221124",0,"Homame","std3E-1",0,"std3E1",NA,NA,NA,NA,NA,NA,NA,NA,NA,NA,NA,NA,NA,NA,NA,NA,NA,NA,NA,NA,NA,NA,NA,NA,NA,NA,NA,NA,NA,NA,NA,NA,NA,0.3,0.3,2,10,56,0
"693","G03",7,"std3E-1","3uL","QtyorID","Standard",7,0.0849,"NoCt","NoCt",0.996,-3.438,"qpcr967","MONIS6","AssID24","Homame","plt01","qpcrrundate20221124",0,"Homame","std3E-1",0,"std3E1",NA,NA,NA,NA,NA,NA,NA,NA,NA,NA,NA,NA,NA,NA,NA,NA,NA,NA,NA,NA,NA,NA,NA,NA,NA,NA,NA,NA,NA,NA,NA,NA,NA,0.3,0.3,2,10,56,0
"694","A01",1,"std3E5","3uL","QtyorID","Standard",1,0.0701,"22.61","3.00e+005",0.989,-3.327,"qpcr968","MONIS6","AssID24","Homame","plt02","qpcrrundate20221124",3e+05,"Homame","std3E5",22.61,"std3E5",NA,NA,NA,NA,NA,NA,NA,NA,NA,NA,NA,NA,NA,NA,NA,NA,NA,NA,NA,NA,NA,NA,NA,NA,NA,NA,NA,NA,NA,NA,NA,NA,NA,3e+05,3e+05,6,10,60,1
"695","A02",1,"std3E5","3uL","QtyorID","Standard",1,0.0701,"22.73","3.00e+005",0.989,-3.327,"qpcr968","MONIS6","AssID24","Homame","plt02","qpcrrundate20221124",3e+05,"Homame","std3E5",22.73,"std3E5",NA,NA,NA,NA,NA,NA,NA,NA,NA,NA,NA,NA,NA,NA,NA,NA,NA,NA,NA,NA,NA,NA,NA,NA,NA,NA,NA,NA,NA,NA,NA,NA,NA,3e+05,3e+05,6,10,60,1
"696","A03",1,"std3E5","3uL","QtyorID","Standard",1,0.0701,"22.74","3.00e+005",0.989,-3.327,"qpcr968","MONIS6","AssID24","Homame","plt02","qpcrrundate20221124",3e+05,"Homame","std3E5",22.74,"std3E5",NA,NA,NA,NA,NA,NA,NA,NA,NA,NA,NA,NA,NA,NA,NA,NA,NA,NA,NA,NA,NA,NA,NA,NA,NA,NA,NA,NA,NA,NA,NA,NA,NA,3e+05,3e+05,6,10,60,1
"697","B01",2,"std3E4","3uL","QtyorID","Standard",2,0.0701,"25.81","3.00e+004",0.989,-3.327,"qpcr968","MONIS6","AssID24","Homame","plt02","qpcrrundate20221124",30000,"Homame","std3E4",25.81,"std3E4",NA,NA,NA,NA,NA,NA,NA,NA,NA,NA,NA,NA,NA,NA,NA,NA,NA,NA,NA,NA,NA,NA,NA,NA,NA,NA,NA,NA,NA,NA,NA,NA,NA,30000,30000,5,10,59,1
"698","B02",2,"std3E4","3uL","QtyorID","Standard",2,0.0701,"25.94","3.00e+004",0.989,-3.327,"qpcr968","MONIS6","AssID24","Homame","plt02","qpcrrundate20221124",30000,"Homame","std3E4",25.94,"std3E4",NA,NA,NA,NA,NA,NA,NA,NA,NA,NA,NA,NA,NA,NA,NA,NA,NA,NA,NA,NA,NA,NA,NA,NA,NA,NA,NA,NA,NA,NA,NA,NA,NA,30000,30000,5,10,59,1
"699","B03",2,"std3E4","3uL","QtyorID","Standard",2,0.0701,"25.52","3.00e+004",0.989,-3.327,"qpcr968","MONIS6","AssID24","Homame","plt02","qpcrrundate20221124",30000,"Homame","std3E4",25.52,"std3E4",NA,NA,NA,NA,NA,NA,NA,NA,NA,NA,NA,NA,NA,NA,NA,NA,NA,NA,NA,NA,NA,NA,NA,NA,NA,NA,NA,NA,NA,NA,NA,NA,NA,30000,30000,5,10,59,1
"700","C01",3,"std3E3","3uL","QtyorID","Standard",3,0.0701,"29.59","3.00e+003",0.989,-3.327,"qpcr968","MONIS6","AssID24","Homame","plt02","qpcrrundate20221124",3000,"Homame","std3E3",29.59,"std3E3",NA,NA,NA,NA,NA,NA,NA,NA,NA,NA,NA,NA,NA,NA,NA,NA,NA,NA,NA,NA,NA,NA,NA,NA,NA,NA,NA,NA,NA,NA,NA,NA,NA,3000,3000,4,10,58,1
"701","C02",3,"std3E3","3uL","QtyorID","Standard",3,0.0701,"29.94","3.00e+003",0.989,-3.327,"qpcr968","MONIS6","AssID24","Homame","plt02","qpcrrundate20221124",3000,"Homame","std3E3",29.94,"std3E3",NA,NA,NA,NA,NA,NA,NA,NA,NA,NA,NA,NA,NA,NA,NA,NA,NA,NA,NA,NA,NA,NA,NA,NA,NA,NA,NA,NA,NA,NA,NA,NA,NA,3000,3000,4,10,58,1
"702","C03",3,"std3E3","3uL","QtyorID","Standard",3,0.0701,"30.28","3.00e+003",0.989,-3.327,"qpcr968","MONIS6","AssID24","Homame","plt02","qpcrrundate20221124",3000,"Homame","std3E3",30.28,"std3E3",NA,NA,NA,NA,NA,NA,NA,NA,NA,NA,NA,NA,NA,NA,NA,NA,NA,NA,NA,NA,NA,NA,NA,NA,NA,NA,NA,NA,NA,NA,NA,NA,NA,3000,3000,4,10,58,1
"703","D01",4,"std3E2","3uL","QtyorID","Standard",4,0.0701,"32.61","3.00e+002",0.989,-3.327,"qpcr968","MONIS6","AssID24","Homame","plt02","qpcrrundate20221124",300,"Homame","std3E2",32.61,"std3E2",NA,NA,NA,NA,NA,NA,NA,NA,NA,NA,NA,NA,NA,NA,NA,NA,NA,NA,NA,NA,NA,NA,NA,NA,NA,NA,NA,NA,NA,NA,NA,NA,NA,300,300,3,10,57,1
"704","D02",4,"std3E2","3uL","QtyorID","Standard",4,0.0701,"32.36","3.00e+002",0.989,-3.327,"qpcr968","MONIS6","AssID24","Homame","plt02","qpcrrundate20221124",300,"Homame","std3E2",32.36,"std3E2",NA,NA,NA,NA,NA,NA,NA,NA,NA,NA,NA,NA,NA,NA,NA,NA,NA,NA,NA,NA,NA,NA,NA,NA,NA,NA,NA,NA,NA,NA,NA,NA,NA,300,300,3,10,57,1
"705","D03",4,"std3E2","3uL","QtyorID","Standard",4,0.0701,"32.20","3.00e+002",0.989,-3.327,"qpcr968","MONIS6","AssID24","Homame","plt02","qpcrrundate20221124",300,"Homame","std3E2",32.2,"std3E2",NA,NA,NA,NA,NA,NA,NA,NA,NA,NA,NA,NA,NA,NA,NA,NA,NA,NA,NA,NA,NA,NA,NA,NA,NA,NA,NA,NA,NA,NA,NA,NA,NA,300,300,3,10,57,1
"706","E01",5,"std3E1","3uL","QtyorID","Standard",5,0.0701,"NoCt","NoCt",0.989,-3.327,"qpcr968","MONIS6","AssID24","Homame","plt02","qpcrrundate20221124",0,"Homame","std3E1",0,"std3E1",NA,NA,NA,NA,NA,NA,NA,NA,NA,NA,NA,NA,NA,NA,NA,NA,NA,NA,NA,NA,NA,NA,NA,NA,NA,NA,NA,NA,NA,NA,NA,NA,NA,30,30,2,10,56,0
"707","E02",5,"std3E1","3uL","QtyorID","Standard",5,0.0701,"NoCt","NoCt",0.989,-3.327,"qpcr968","MONIS6","AssID24","Homame","plt02","qpcrrundate20221124",0,"Homame","std3E1",0,"std3E1",NA,NA,NA,NA,NA,NA,NA,NA,NA,NA,NA,NA,NA,NA,NA,NA,NA,NA,NA,NA,NA,NA,NA,NA,NA,NA,NA,NA,NA,NA,NA,NA,NA,30,30,2,10,56,0
"708","E03",5,"std3E1","3uL","QtyorID","Standard",5,0.0701,"NoCt","NoCt",0.989,-3.327,"qpcr968","MONIS6","AssID24","Homame","plt02","qpcrrundate20221124",0,"Homame","std3E1",0,"std3E1",NA,NA,NA,NA,NA,NA,NA,NA,NA,NA,NA,NA,NA,NA,NA,NA,NA,NA,NA,NA,NA,NA,NA,NA,NA,NA,NA,NA,NA,NA,NA,NA,NA,30,30,2,10,56,0
"709","F01",6,"std3E0","3uL","QtyorID","Standard",6,0.0701,"NoCt","NoCt",0.989,-3.327,"qpcr968","MONIS6","AssID24","Homame","plt02","qpcrrundate20221124",0,"Homame","std3E0",0,"std3E0",NA,NA,NA,NA,NA,NA,NA,NA,NA,NA,NA,NA,NA,NA,NA,NA,NA,NA,NA,NA,NA,NA,NA,NA,NA,NA,NA,NA,NA,NA,NA,NA,NA,3,3,1,10,55,0
"710","F02",6,"std3E0","3uL","QtyorID","Standard",6,0.0701,"NoCt","NoCt",0.989,-3.327,"qpcr968","MONIS6","AssID24","Homame","plt02","qpcrrundate20221124",0,"Homame","std3E0",0,"std3E0",NA,NA,NA,NA,NA,NA,NA,NA,NA,NA,NA,NA,NA,NA,NA,NA,NA,NA,NA,NA,NA,NA,NA,NA,NA,NA,NA,NA,NA,NA,NA,NA,NA,3,3,1,10,55,0
"711","F03",6,"std3E0","3uL","QtyorID","Standard",6,0.0701,"NoCt","NoCt",0.989,-3.327,"qpcr968","MONIS6","AssID24","Homame","plt02","qpcrrundate20221124",0,"Homame","std3E0",0,"std3E0",NA,NA,NA,NA,NA,NA,NA,NA,NA,NA,NA,NA,NA,NA,NA,NA,NA,NA,NA,NA,NA,NA,NA,NA,NA,NA,NA,NA,NA,NA,NA,NA,NA,3,3,1,10,55,0
"712","G01",7,"std3E-1","3uL","QtyorID","Standard",7,0.0701,"NoCt","NoCt",0.989,-3.327,"qpcr968","MONIS6","AssID24","Homame","plt02","qpcrrundate20221124",0,"Homame","std3E-1",0,"std3E1",NA,NA,NA,NA,NA,NA,NA,NA,NA,NA,NA,NA,NA,NA,NA,NA,NA,NA,NA,NA,NA,NA,NA,NA,NA,NA,NA,NA,NA,NA,NA,NA,NA,0.3,0.3,2,10,56,0
"713","G02",7,"std3E-1","3uL","QtyorID","Standard",7,0.0701,"NoCt","NoCt",0.989,-3.327,"qpcr968","MONIS6","AssID24","Homame","plt02","qpcrrundate20221124",0,"Homame","std3E-1",0,"std3E1",NA,NA,NA,NA,NA,NA,NA,NA,NA,NA,NA,NA,NA,NA,NA,NA,NA,NA,NA,NA,NA,NA,NA,NA,NA,NA,NA,NA,NA,NA,NA,NA,NA,0.3,0.3,2,10,56,0
"714","G03",7,"std3E-1","3uL","QtyorID","Standard",7,0.0701,"NoCt","NoCt",0.989,-3.327,"qpcr968","MONIS6","AssID24","Homame","plt02","qpcrrundate20221124",0,"Homame","std3E-1",0,"std3E1",NA,NA,NA,NA,NA,NA,NA,NA,NA,NA,NA,NA,NA,NA,NA,NA,NA,NA,NA,NA,NA,NA,NA,NA,NA,NA,NA,NA,NA,NA,NA,NA,NA,0.3,0.3,2,10,56,0
