"smplNm","value","spcNm","spA.smplN","cl.f.evl","eval.c1","vlc","eDN.lv1","f2","dd.qlod","mcp_ddPCR_lod","eDN.lv1.l10","eval.c4","smplNm2","dec_lon","dec_lat","smpl.date","spcAbr","smpl.day","smpl.mnt","smpl.yea","qP.cc","dP.cc","latspc3","llatspc3","l10.dP.cc","l10.qP.cc"
"MST1022",0,"Bonham","Bonham.MST1022","white","no Cq","qPCR",0,0.617616142109215,0.0308808071054608,0.602823607623575,NA,"white","MST1022",10.3170055555556,56.1547333333333,"2021-05-17","Bonham",17,5,2021,0,0,"A)   Bonham","A",NA,NA
"MST1022",0,"Calsap","Calsap.MST1022","yellow","bLD","qPCR",0,0.63699006851343,0.0106165011418905,6.69409215450285,NA,"yellow","MST1022",10.3170055555556,56.1547333333333,"2021-05-17","Calsap",17,5,2021,0,0,"B)   Calsap","B",NA,NA
"MST1022",0,"Caraur","Caraur.MST1022","white","no Cq","qPCR",0,0.0225471728962503,0.0958446595718793,3.49066555500031,NA,"white","MST1022",10.3170055555556,56.1547333333333,"2021-05-17","Caraur",17,5,2021,0,0,"C)   Caraur","C",NA,NA
"MST1022",0,"Colper","Colper.MST1022","white","no Cq","qPCR",0,1.0579731951097,0.0176328865851616,1.05264455080033,NA,"white","MST1022",10.3170055555556,56.1547333333333,"2021-05-17","Colper",17,5,2021,0,0,"D)   Colper","D",NA,NA
"MST1022",0,"Corcas","Corcas.MST1022","white","no Cq","qPCR",0,1.26214731581735,0.0420715771939118,0.360338948667049,NA,"white","MST1022",10.3170055555556,56.1547333333333,"2021-05-17","Corcas",17,5,2021,0,0,"E)   Corcas","E",NA,NA
"MST1022",0,"Cragig","Cragig.MST1022","white","no Cq","qPCR",0,0.819268298830287,0.0123110535560807,5.31343579292295,NA,"white","MST1022",10.3170055555556,56.1547333333333,"2021-05-17","Cragig",17,5,2021,0,0,"F)   Cragig","F",NA,NA
"MST1022",0,"Erisin","Erisin.MST1022","white","no Cq","qPCR",0,0.364685853592156,0.0548009373867898,1.68553620576858,NA,"white","MST1022",10.3170055555556,56.1547333333333,"2021-05-17","Erisin",17,5,2021,0,0,"G)   Erisin","G",NA,NA
"MST1022",0,"Hemsan","Hemsan.MST1022","white","no Cq","qPCR",0,0.631671659618149,0.0105278609936358,0.322470888495446,NA,"white","MST1022",10.3170055555556,56.1547333333333,"2021-05-17","Hemsan",17,5,2021,0,0,"H)   Hemsan","H",NA,NA
"MST1022",0,"Hemtak","Hemtak.MST1022","white","no Cq","qPCR",0,0.563037107717149,0.0281518553858574,5.6800436973572,NA,"white","MST1022",10.3170055555556,56.1547333333333,"2021-05-17","Hemtak",17,5,2021,0,0,"I)   Hemtak","I",NA,NA
"MST1022",0,"Homame","Homame.MST1022","white","no Cq","qPCR",0,0.615627075262864,26.1693861679721,0.335798636078835,NA,"white","MST1022",10.3170055555556,56.1547333333333,"2021-05-17","Homame",17,5,2021,0,0,"J)   Homame","J",NA,NA
"MST1022",0,"Karmik","Karmik.MST1022","white","no Cq","qPCR",0,0.249514042078587,0.0499028084157174,0.409050658345222,NA,"white","MST1022",10.3170055555556,56.1547333333333,"2021-05-17","Karmik",17,5,2021,0,0,"K)   Karmik","K",NA,NA
"MST1022",1.65193197866588,"Mnelei","Mnelei.MST1022","black","aaLQ","qPCR",1.65193197866588,0.565945481842138,0.00943242469736896,1.45512744784355,0.423562380340233,"black","MST1022",10.3170055555556,56.1547333333333,"2021-05-17","Mnelei",17,5,2021,1.65193197866588,0,"L)   Mnelei","L",NA,0.423562380340233
"MST1022",0,"Myaare","Myaare.MST1022","white","no Cq","qPCR",0,1.00471092350427,0.0167451820584044,5.1446944475174,NA,"white","MST1022",10.3170055555556,56.1547333333333,"2021-05-17","Myaare",17,5,2021,0,0,"M)   Myaare","M",NA,NA
"MST1022",0,"Oncmyk","Oncmyk.MST1022","white","no Cq","qPCR",0,0.483938046437317,0.0806563410728862,1.06313988566398,NA,"white","MST1022",10.3170055555556,56.1547333333333,"2021-05-17","Oncmyk",17,5,2021,0,0,"N)   Oncmyk","N",NA,NA
"MST1022",0,"Promin","Promin.MST1022","white","no Cq","qPCR",0,0.558615680442301,0.01862052268141,0.560731440782545,NA,"white","MST1022",10.3170055555556,56.1547333333333,"2021-05-17","Promin",17,5,2021,0,0,"O)   Promin","O",NA,NA
"MST1022",2864.10158396109,"Psefar","Psefar.MST1022","black","aaLQ","qPCR",2864.10158396109,0.548095136203483,0.0274047568101742,7.0030003786087,3.45714002475773,"black","MST1022",10.3170055555556,56.1547333333333,"2021-05-17","Psefar",17,5,2021,2864.10158396109,0,"P)   Psefar","P",NA,3.45714002475773
"MST1022",0,"Psever","Psever.MST1022","yellow","bLD","qPCR",0,0.697051909649079,0.0232350636549693,0.447889193892479,NA,"yellow","MST1022",10.3170055555556,56.1547333333333,"2021-05-17","Psever",17,5,2021,0,0,"NA)   Psever",NA,NA,NA
"MST1022",0,"Bonham","Bonham.MST1022","white","no Cq","ddPCR",0,0.617616142109215,0.0308808071054608,0.602823607623575,NA,"white","MST1022",10.3170055555556,56.1547333333333,"2021-05-17","Bonham",17,5,2021,0,0,"A)   Bonham","A",NA,NA
"MST1022",0,"Calsap","Calsap.MST1022","yellow","no Cq","ddPCR",0,0.63699006851343,0.0106165011418905,6.69409215450285,NA,"white","MST1022",10.3170055555556,56.1547333333333,"2021-05-17","Calsap",17,5,2021,0,0,"B)   Calsap","B",NA,NA
"MST1022",0,"Caraur","Caraur.MST1022","white","no Cq","ddPCR",0,0.0225471728962503,0.0958446595718793,3.49066555500031,NA,"white","MST1022",10.3170055555556,56.1547333333333,"2021-05-17","Caraur",17,5,2021,0,0,"C)   Caraur","C",NA,NA
"MST1022",0,"Colper","Colper.MST1022","white","no Cq","ddPCR",0,1.0579731951097,0.0176328865851616,1.05264455080033,NA,"white","MST1022",10.3170055555556,56.1547333333333,"2021-05-17","Colper",17,5,2021,0,0,"D)   Colper","D",NA,NA
"MST1022",0,"Corcas","Corcas.MST1022","white","no Cq","ddPCR",0,1.26214731581735,0.0420715771939118,0.360338948667049,NA,"white","MST1022",10.3170055555556,56.1547333333333,"2021-05-17","Corcas",17,5,2021,0,0,"E)   Corcas","E",NA,NA
"MST1022",0,"Cragig","Cragig.MST1022","white","no Cq","ddPCR",0,0.819268298830287,0.0123110535560807,5.31343579292295,NA,"white","MST1022",10.3170055555556,56.1547333333333,"2021-05-17","Cragig",17,5,2021,0,0,"F)   Cragig","F",NA,NA
"MST1022",0.336547903716564,"Erisin","Erisin.MST1022","white","aaLQ","ddPCR",0.336547903716564,0.364685853592156,0.0548009373867898,1.68553620576858,0.125984529083528,"black","MST1022",10.3170055555556,56.1547333333333,"2021-05-17","Erisin",17,5,2021,0,0.336547903716564,"G)   Erisin","G",0.125984529083528,NA
"MST1022",0,"Hemsan","Hemsan.MST1022","white","no Cq","ddPCR",0,0.631671659618149,0.0105278609936358,0.322470888495446,NA,"white","MST1022",10.3170055555556,56.1547333333333,"2021-05-17","Hemsan",17,5,2021,0,0,"H)   Hemsan","H",NA,NA
"MST1022",0,"Hemtak","Hemtak.MST1022","white","no Cq","ddPCR",0,0.563037107717149,0.0281518553858574,5.6800436973572,NA,"white","MST1022",10.3170055555556,56.1547333333333,"2021-05-17","Hemtak",17,5,2021,0,0,"I)   Hemtak","I",NA,NA
"MST1022",0,"Homame","Homame.MST1022","white","no Cq","ddPCR",0,0.615627075262864,26.1693861679721,0.335798636078835,NA,"white","MST1022",10.3170055555556,56.1547333333333,"2021-05-17","Homame",17,5,2021,0,0,"J)   Homame","J",NA,NA
"MST1022",0,"Karmik","Karmik.MST1022","white","no Cq","ddPCR",0,0.249514042078587,0.0499028084157174,0.409050658345222,NA,"white","MST1022",10.3170055555556,56.1547333333333,"2021-05-17","Karmik",17,5,2021,0,0,"K)   Karmik","K",NA,NA
"MST1022",1.40787899494171,"Mnelei","Mnelei.MST1022","black","aaLQ","ddPCR",1.40787899494171,0.565945481842138,0.00943242469736896,1.45512744784355,0.381634658188137,"black","MST1022",10.3170055555556,56.1547333333333,"2021-05-17","Mnelei",17,5,2021,0,1.40787899494171,"L)   Mnelei","L",0.381634658188137,NA
"MST1022",0,"Myaare","Myaare.MST1022","white","no Cq","ddPCR",0,1.00471092350427,0.0167451820584044,5.1446944475174,NA,"white","MST1022",10.3170055555556,56.1547333333333,"2021-05-17","Myaare",17,5,2021,0,0,"M)   Myaare","M",NA,NA
"MST1022",0,"Oncmyk","Oncmyk.MST1022","white","no Cq","ddPCR",0,0.483938046437317,0.0806563410728862,1.06313988566398,NA,"white","MST1022",10.3170055555556,56.1547333333333,"2021-05-17","Oncmyk",17,5,2021,0,0,"N)   Oncmyk","N",NA,NA
"MST1022",0,"Promin","Promin.MST1022","white","no Cq","ddPCR",0,0.558615680442301,0.01862052268141,0.560731440782545,NA,"white","MST1022",10.3170055555556,56.1547333333333,"2021-05-17","Promin",17,5,2021,0,0,"O)   Promin","O",NA,NA
"MST1022",6141.6162109375,"Psefar","Psefar.MST1022","black","aaLQ","ddPCR",6141.6162109375,0.548095136203483,0.0274047568101742,7.0030003786087,3.78835338156099,"black","MST1022",10.3170055555556,56.1547333333333,"2021-05-17","Psefar",17,5,2021,0,6141.6162109375,"P)   Psefar","P",3.78835338156099,NA
"MST1022",0.292080398648978,"Psever","Psever.MST1022","yellow","aaLQ","ddPCR",0.292080398648978,0.697051909649079,0.0232350636549693,0.447889193892479,0.111289538119785,"black","MST1022",10.3170055555556,56.1547333333333,"2021-05-17","Psever",17,5,2021,0,0.292080398648978,"NA)   Psever",NA,0.111289538119785,NA
"MST1024",0,"Bonham","Bonham.MST1024","white","no Cq","qPCR",0,0.617616142109215,0.0308808071054608,0.602823607623575,NA,"white","MST1024",8.400225,56.6008333333333,"2021-04-15","Bonham",15,4,2021,0,0,"A)   Bonham","A",NA,NA
"MST1024",0,"Calsap","Calsap.MST1024","white","no Cq","qPCR",0,0.63699006851343,0.0106165011418905,6.69409215450285,NA,"white","MST1024",8.400225,56.6008333333333,"2021-04-15","Calsap",15,4,2021,0,0,"B)   Calsap","B",NA,NA
"MST1024",0,"Caraur","Caraur.MST1024","white","no Cq","qPCR",0,0.0225471728962503,0.0958446595718793,3.49066555500031,NA,"white","MST1024",8.400225,56.6008333333333,"2021-04-15","Caraur",15,4,2021,0,0,"C)   Caraur","C",NA,NA
"MST1024",0,"Colper","Colper.MST1024","white","no Cq","qPCR",0,1.0579731951097,0.0176328865851616,1.05264455080033,NA,"white","MST1024",8.400225,56.6008333333333,"2021-04-15","Colper",15,4,2021,0,0,"D)   Colper","D",NA,NA
"MST1024",0,"Corcas","Corcas.MST1024","white","no Cq","qPCR",0,1.26214731581735,0.0420715771939118,0.360338948667049,NA,"white","MST1024",8.400225,56.6008333333333,"2021-04-15","Corcas",15,4,2021,0,0,"E)   Corcas","E",NA,NA
"MST1024",0,"Cragig","Cragig.MST1024","white","no Cq","qPCR",0,0.819268298830287,0.0123110535560807,5.31343579292295,NA,"white","MST1024",8.400225,56.6008333333333,"2021-04-15","Cragig",15,4,2021,0,0,"F)   Cragig","F",NA,NA
"MST1024",0,"Erisin","Erisin.MST1024","white","no Cq","qPCR",0,0.364685853592156,0.0548009373867898,1.68553620576858,NA,"white","MST1024",8.400225,56.6008333333333,"2021-04-15","Erisin",15,4,2021,0,0,"G)   Erisin","G",NA,NA
"MST1024",0,"Hemsan","Hemsan.MST1024","white","no Cq","qPCR",0,0.631671659618149,0.0105278609936358,0.322470888495446,NA,"white","MST1024",8.400225,56.6008333333333,"2021-04-15","Hemsan",15,4,2021,0,0,"H)   Hemsan","H",NA,NA
"MST1024",0,"Hemtak","Hemtak.MST1024","white","no Cq","qPCR",0,0.563037107717149,0.0281518553858574,5.6800436973572,NA,"white","MST1024",8.400225,56.6008333333333,"2021-04-15","Hemtak",15,4,2021,0,0,"I)   Hemtak","I",NA,NA
"MST1024",0,"Homame","Homame.MST1024","white","no Cq","qPCR",0,0.615627075262864,26.1693861679721,0.335798636078835,NA,"white","MST1024",8.400225,56.6008333333333,"2021-04-15","Homame",15,4,2021,0,0,"J)   Homame","J",NA,NA
"MST1024",0,"Karmik","Karmik.MST1024","white","no Cq","qPCR",0,0.249514042078587,0.0499028084157174,0.409050658345222,NA,"white","MST1024",8.400225,56.6008333333333,"2021-04-15","Karmik",15,4,2021,0,0,"K)   Karmik","K",NA,NA
"MST1024",0,"Mnelei","Mnelei.MST1024","white","no Cq","qPCR",0,0.565945481842138,0.00943242469736896,1.45512744784355,NA,"white","MST1024",8.400225,56.6008333333333,"2021-04-15","Mnelei",15,4,2021,0,0,"L)   Mnelei","L",NA,NA
"MST1024",0,"Myaare","Myaare.MST1024","white","no Cq","qPCR",0,1.00471092350427,0.0167451820584044,5.1446944475174,NA,"white","MST1024",8.400225,56.6008333333333,"2021-04-15","Myaare",15,4,2021,0,0,"M)   Myaare","M",NA,NA
"MST1024",0,"Oncmyk","Oncmyk.MST1024","white","no Cq","qPCR",0,0.483938046437317,0.0806563410728862,1.06313988566398,NA,"white","MST1024",8.400225,56.6008333333333,"2021-04-15","Oncmyk",15,4,2021,0,0,"N)   Oncmyk","N",NA,NA
"MST1024",0,"Promin","Promin.MST1024","white","no Cq","qPCR",0,0.558615680442301,0.01862052268141,0.560731440782545,NA,"white","MST1024",8.400225,56.6008333333333,"2021-04-15","Promin",15,4,2021,0,0,"O)   Promin","O",NA,NA
"MST1024",1.49386374345238,"Psefar","Psefar.MST1024","black","aaLQ","qPCR",1.49386374345238,0.548095136203483,0.0274047568101742,7.0030003786087,0.396872721362532,"black","MST1024",8.400225,56.6008333333333,"2021-04-15","Psefar",15,4,2021,1.49386374345238,0,"P)   Psefar","P",NA,0.396872721362532
"MST1024",71.2077250812625,"Psever","Psever.MST1024","black","aaLQ","qPCR",71.2077250812625,0.697051909649079,0.0232350636549693,0.447889193892479,1.85858366267621,"black","MST1024",8.400225,56.6008333333333,"2021-04-15","Psever",15,4,2021,71.2077250812625,0,"NA)   Psever",NA,NA,1.85858366267621
"MST1024",0,"Bonham","Bonham.MST1024","white","no Cq","ddPCR",0,0.617616142109215,0.0308808071054608,0.602823607623575,NA,"white","MST1024",8.400225,56.6008333333333,"2021-04-15","Bonham",15,4,2021,0,0,"A)   Bonham","A",NA,NA
"MST1024",0,"Calsap","Calsap.MST1024","white","no Cq","ddPCR",0,0.63699006851343,0.0106165011418905,6.69409215450285,NA,"white","MST1024",8.400225,56.6008333333333,"2021-04-15","Calsap",15,4,2021,0,0,"B)   Calsap","B",NA,NA
"MST1024",0,"Caraur","Caraur.MST1024","white","no Cq","ddPCR",0,0.0225471728962503,0.0958446595718793,3.49066555500031,NA,"white","MST1024",8.400225,56.6008333333333,"2021-04-15","Caraur",15,4,2021,0,0,"C)   Caraur","C",NA,NA
"MST1024",0,"Colper","Colper.MST1024","white","no Cq","ddPCR",0,1.0579731951097,0.0176328865851616,1.05264455080033,NA,"white","MST1024",8.400225,56.6008333333333,"2021-04-15","Colper",15,4,2021,0,0,"D)   Colper","D",NA,NA
"MST1024",0,"Corcas","Corcas.MST1024","white","no Cq","ddPCR",0,1.26214731581735,0.0420715771939118,0.360338948667049,NA,"white","MST1024",8.400225,56.6008333333333,"2021-04-15","Corcas",15,4,2021,0,0,"E)   Corcas","E",NA,NA
"MST1024",0,"Cragig","Cragig.MST1024","white","no Cq","ddPCR",0,0.819268298830287,0.0123110535560807,5.31343579292295,NA,"white","MST1024",8.400225,56.6008333333333,"2021-04-15","Cragig",15,4,2021,0,0,"F)   Cragig","F",NA,NA
"MST1024",0.361712723970413,"Erisin","Erisin.MST1024","white","aaLQ","ddPCR",0.361712723970413,0.364685853592156,0.0548009373867898,1.68553620576858,0.134085495569525,"black","MST1024",8.400225,56.6008333333333,"2021-04-15","Erisin",15,4,2021,0,0.361712723970413,"G)   Erisin","G",0.134085495569525,NA
"MST1024",0,"Hemsan","Hemsan.MST1024","white","no Cq","ddPCR",0,0.631671659618149,0.0105278609936358,0.322470888495446,NA,"white","MST1024",8.400225,56.6008333333333,"2021-04-15","Hemsan",15,4,2021,0,0,"H)   Hemsan","H",NA,NA
"MST1024",0,"Hemtak","Hemtak.MST1024","white","no Cq","ddPCR",0,0.563037107717149,0.0281518553858574,5.6800436973572,NA,"white","MST1024",8.400225,56.6008333333333,"2021-04-15","Hemtak",15,4,2021,0,0,"I)   Hemtak","I",NA,NA
"MST1024",0,"Homame","Homame.MST1024","white","no Cq","ddPCR",0,0.615627075262864,26.1693861679721,0.335798636078835,NA,"white","MST1024",8.400225,56.6008333333333,"2021-04-15","Homame",15,4,2021,0,0,"J)   Homame","J",NA,NA
"MST1024",0,"Karmik","Karmik.MST1024","white","no Cq","ddPCR",0,0.249514042078587,0.0499028084157174,0.409050658345222,NA,"white","MST1024",8.400225,56.6008333333333,"2021-04-15","Karmik",15,4,2021,0,0,"K)   Karmik","K",NA,NA
"MST1024",0,"Mnelei","Mnelei.MST1024","white","no Cq","ddPCR",0,0.565945481842138,0.00943242469736896,1.45512744784355,NA,"white","MST1024",8.400225,56.6008333333333,"2021-04-15","Mnelei",15,4,2021,0,0,"L)   Mnelei","L",NA,NA
"MST1024",0,"Myaare","Myaare.MST1024","white","no Cq","ddPCR",0,1.00471092350427,0.0167451820584044,5.1446944475174,NA,"white","MST1024",8.400225,56.6008333333333,"2021-04-15","Myaare",15,4,2021,0,0,"M)   Myaare","M",NA,NA
"MST1024",0,"Oncmyk","Oncmyk.MST1024","white","no Cq","ddPCR",0,0.483938046437317,0.0806563410728862,1.06313988566398,NA,"white","MST1024",8.400225,56.6008333333333,"2021-04-15","Oncmyk",15,4,2021,0,0,"N)   Oncmyk","N",NA,NA
"MST1024",0,"Promin","Promin.MST1024","white","no Cq","ddPCR",0,0.558615680442301,0.01862052268141,0.560731440782545,NA,"white","MST1024",8.400225,56.6008333333333,"2021-04-15","Promin",15,4,2021,0,0,"O)   Promin","O",NA,NA
"MST1024",6.52507305145265,"Psefar","Psefar.MST1024","black","aaLQ","ddPCR",6.52507305145265,0.548095136203483,0.0274047568101742,7.0030003786087,0.876510720304258,"black","MST1024",8.400225,56.6008333333333,"2021-04-15","Psefar",15,4,2021,0,6.52507305145265,"P)   Psefar","P",0.876510720304258,NA
"MST1024",117.640447616577,"Psever","Psever.MST1024","black","aaLQ","ddPCR",117.640447616577,0.697051909649079,0.0232350636549693,0.447889193892479,2.07423277656586,"black","MST1024",8.400225,56.6008333333333,"2021-04-15","Psever",15,4,2021,0,117.640447616577,"NA)   Psever",NA,2.07423277656586,NA
"MST1027",0,"Bonham","Bonham.MST1027","white","no Cq","qPCR",0,0.617616142109215,0.0308808071054608,0.602823607623575,NA,"white","MST1027",10.3685111111111,55.0262,"2021-03-19","Bonham",19,3,2021,0,0,"A)   Bonham","A",NA,NA
"MST1027",0,"Calsap","Calsap.MST1027","white","no Cq","qPCR",0,0.63699006851343,0.0106165011418905,6.69409215450285,NA,"white","MST1027",10.3685111111111,55.0262,"2021-03-19","Calsap",19,3,2021,0,0,"B)   Calsap","B",NA,NA
"MST1027",0,"Caraur","Caraur.MST1027","white","no Cq","qPCR",0,0.0225471728962503,0.0958446595718793,3.49066555500031,NA,"white","MST1027",10.3685111111111,55.0262,"2021-03-19","Caraur",19,3,2021,0,0,"C)   Caraur","C",NA,NA
"MST1027",0,"Colper","Colper.MST1027","white","no Cq","qPCR",0,1.0579731951097,0.0176328865851616,1.05264455080033,NA,"white","MST1027",10.3685111111111,55.0262,"2021-03-19","Colper",19,3,2021,0,0,"D)   Colper","D",NA,NA
"MST1027",0,"Corcas","Corcas.MST1027","white","no Cq","qPCR",0,1.26214731581735,0.0420715771939118,0.360338948667049,NA,"white","MST1027",10.3685111111111,55.0262,"2021-03-19","Corcas",19,3,2021,0,0,"E)   Corcas","E",NA,NA
"MST1027",0,"Cragig","Cragig.MST1027","white","no Cq","qPCR",0,0.819268298830287,0.0123110535560807,5.31343579292295,NA,"white","MST1027",10.3685111111111,55.0262,"2021-03-19","Cragig",19,3,2021,0,0,"F)   Cragig","F",NA,NA
"MST1027",0,"Erisin","Erisin.MST1027","white","no Cq","qPCR",0,0.364685853592156,0.0548009373867898,1.68553620576858,NA,"white","MST1027",10.3685111111111,55.0262,"2021-03-19","Erisin",19,3,2021,0,0,"G)   Erisin","G",NA,NA
"MST1027",0.0589033822593924,"Hemsan","Hemsan.MST1027","yellow","bLD","qPCR",0.0589033822593924,0.631671659618149,0.0105278609936358,0.322470888495446,0.0248563354938408,"yellow","MST1027",10.3685111111111,55.0262,"2021-03-19","Hemsan",19,3,2021,0.0589033822593924,0,"H)   Hemsan","H",NA,0.0248563354938408
"MST1027",0,"Hemtak","Hemtak.MST1027","white","no Cq","qPCR",0,0.563037107717149,0.0281518553858574,5.6800436973572,NA,"white","MST1027",10.3685111111111,55.0262,"2021-03-19","Hemtak",19,3,2021,0,0,"I)   Hemtak","I",NA,NA
"MST1027",0,"Homame","Homame.MST1027","white","no Cq","qPCR",0,0.615627075262864,26.1693861679721,0.335798636078835,NA,"white","MST1027",10.3685111111111,55.0262,"2021-03-19","Homame",19,3,2021,0,0,"J)   Homame","J",NA,NA
"MST1027",0,"Karmik","Karmik.MST1027","white","no Cq","qPCR",0,0.249514042078587,0.0499028084157174,0.409050658345222,NA,"white","MST1027",10.3685111111111,55.0262,"2021-03-19","Karmik",19,3,2021,0,0,"K)   Karmik","K",NA,NA
"MST1027",0.270238967579621,"Mnelei","Mnelei.MST1027","yellow","bLD","qPCR",0.270238967579621,0.565945481842138,0.00943242469736896,1.45512744784355,0.103885431616106,"yellow","MST1027",10.3685111111111,55.0262,"2021-03-19","Mnelei",19,3,2021,0.270238967579621,0,"L)   Mnelei","L",NA,0.103885431616106
"MST1027",0.0636651821860537,"Myaare","Myaare.MST1027","orange","aLDbLQ","qPCR",0.0636651821860537,1.00471092350427,0.0167451820584044,5.1446944475174,0.0268049433608534,"orange","MST1027",10.3685111111111,55.0262,"2021-03-19","Myaare",19,3,2021,0.0636651821860537,0,"M)   Myaare","M",NA,0.0268049433608534
"MST1027",0,"Oncmyk","Oncmyk.MST1027","white","no Cq","qPCR",0,0.483938046437317,0.0806563410728862,1.06313988566398,NA,"white","MST1027",10.3685111111111,55.0262,"2021-03-19","Oncmyk",19,3,2021,0,0,"N)   Oncmyk","N",NA,NA
"MST1027",0,"Promin","Promin.MST1027","white","no Cq","qPCR",0,0.558615680442301,0.01862052268141,0.560731440782545,NA,"white","MST1027",10.3685111111111,55.0262,"2021-03-19","Promin",19,3,2021,0,0,"O)   Promin","O",NA,NA
"MST1027",1.63210551669482,"Psefar","Psefar.MST1027","black","aaLQ","qPCR",1.63210551669482,0.548095136203483,0.0274047568101742,7.0030003786087,0.420303295428151,"black","MST1027",10.3685111111111,55.0262,"2021-03-19","Psefar",19,3,2021,1.63210551669482,0,"P)   Psefar","P",NA,0.420303295428151
"MST1027",0,"Psever","Psever.MST1027","white","no Cq","qPCR",0,0.697051909649079,0.0232350636549693,0.447889193892479,NA,"white","MST1027",10.3685111111111,55.0262,"2021-03-19","Psever",19,3,2021,0,0,"NA)   Psever",NA,NA,NA
"MST1027",0,"Bonham","Bonham.MST1027","white","no Cq","ddPCR",0,0.617616142109215,0.0308808071054608,0.602823607623575,NA,"white","MST1027",10.3685111111111,55.0262,"2021-03-19","Bonham",19,3,2021,0,0,"A)   Bonham","A",NA,NA
"MST1027",0,"Calsap","Calsap.MST1027","white","no Cq","ddPCR",0,0.63699006851343,0.0106165011418905,6.69409215450285,NA,"white","MST1027",10.3685111111111,55.0262,"2021-03-19","Calsap",19,3,2021,0,0,"B)   Calsap","B",NA,NA
"MST1027",0,"Caraur","Caraur.MST1027","white","no Cq","ddPCR",0,0.0225471728962503,0.0958446595718793,3.49066555500031,NA,"white","MST1027",10.3685111111111,55.0262,"2021-03-19","Caraur",19,3,2021,0,0,"C)   Caraur","C",NA,NA
"MST1027",0,"Colper","Colper.MST1027","white","no Cq","ddPCR",0,1.0579731951097,0.0176328865851616,1.05264455080033,NA,"white","MST1027",10.3685111111111,55.0262,"2021-03-19","Colper",19,3,2021,0,0,"D)   Colper","D",NA,NA
"MST1027",0,"Corcas","Corcas.MST1027","white","no Cq","ddPCR",0,1.26214731581735,0.0420715771939118,0.360338948667049,NA,"white","MST1027",10.3685111111111,55.0262,"2021-03-19","Corcas",19,3,2021,0,0,"E)   Corcas","E",NA,NA
"MST1027",0,"Cragig","Cragig.MST1027","white","no Cq","ddPCR",0,0.819268298830287,0.0123110535560807,5.31343579292295,NA,"white","MST1027",10.3685111111111,55.0262,"2021-03-19","Cragig",19,3,2021,0,0,"F)   Cragig","F",NA,NA
"MST1027",1.76594197750092,"Erisin","Erisin.MST1027","white","aaLQ","ddPCR",1.76594197750092,0.364685853592156,0.0548009373867898,1.68553620576858,0.441843065464007,"black","MST1027",10.3685111111111,55.0262,"2021-03-19","Erisin",19,3,2021,0,1.76594197750092,"G)   Erisin","G",0.441843065464007,NA
"MST1027",0,"Hemsan","Hemsan.MST1027","yellow","no Cq","ddPCR",0,0.631671659618149,0.0105278609936358,0.322470888495446,NA,"white","MST1027",10.3685111111111,55.0262,"2021-03-19","Hemsan",19,3,2021,0,0,"H)   Hemsan","H",NA,NA
"MST1027",0,"Hemtak","Hemtak.MST1027","white","no Cq","ddPCR",0,0.563037107717149,0.0281518553858574,5.6800436973572,NA,"white","MST1027",10.3685111111111,55.0262,"2021-03-19","Hemtak",19,3,2021,0,0,"I)   Hemtak","I",NA,NA
"MST1027",0,"Homame","Homame.MST1027","white","no Cq","ddPCR",0,0.615627075262864,26.1693861679721,0.335798636078835,NA,"white","MST1027",10.3685111111111,55.0262,"2021-03-19","Homame",19,3,2021,0,0,"J)   Homame","J",NA,NA
"MST1027",0,"Karmik","Karmik.MST1027","white","no Cq","ddPCR",0,0.249514042078587,0.0499028084157174,0.409050658345222,NA,"white","MST1027",10.3685111111111,55.0262,"2021-03-19","Karmik",19,3,2021,0,0,"K)   Karmik","K",NA,NA
"MST1027",0.335396602749825,"Mnelei","Mnelei.MST1027","yellow","aaLQ","ddPCR",0.335396602749825,0.565945481842138,0.00943242469736896,1.45512744784355,0.125610267053311,"black","MST1027",10.3685111111111,55.0262,"2021-03-19","Mnelei",19,3,2021,0,0.335396602749825,"L)   Mnelei","L",0.125610267053311,NA
"MST1027",0.323820039629936,"Myaare","Myaare.MST1027","orange","aaLQ","ddPCR",0.323820039629936,1.00471092350427,0.0167451820584044,5.1446944475174,0.121828951034424,"black","MST1027",10.3685111111111,55.0262,"2021-03-19","Myaare",19,3,2021,0,0.323820039629936,"M)   Myaare","M",0.121828951034424,NA
"MST1027",0,"Oncmyk","Oncmyk.MST1027","white","no Cq","ddPCR",0,0.483938046437317,0.0806563410728862,1.06313988566398,NA,"white","MST1027",10.3685111111111,55.0262,"2021-03-19","Oncmyk",19,3,2021,0,0,"N)   Oncmyk","N",NA,NA
"MST1027",0,"Promin","Promin.MST1027","white","no Cq","ddPCR",0,0.558615680442301,0.01862052268141,0.560731440782545,NA,"white","MST1027",10.3685111111111,55.0262,"2021-03-19","Promin",19,3,2021,0,0,"O)   Promin","O",NA,NA
"MST1027",8.3534586429596,"Psefar","Psefar.MST1027","black","aaLQ","ddPCR",8.3534586429596,0.548095136203483,0.0274047568101742,7.0030003786087,0.970972230317084,"black","MST1027",10.3685111111111,55.0262,"2021-03-19","Psefar",19,3,2021,0,8.3534586429596,"P)   Psefar","P",0.970972230317084,NA
"MST1027",0,"Psever","Psever.MST1027","white","no Cq","ddPCR",0,0.697051909649079,0.0232350636549693,0.447889193892479,NA,"white","MST1027",10.3685111111111,55.0262,"2021-03-19","Psever",19,3,2021,0,0,"NA)   Psever",NA,NA,NA
"MST1028",0,"Bonham","Bonham.MST1028","white","no Cq","qPCR",0,0.617616142109215,0.0308808071054608,0.602823607623575,NA,"white","MST1028",9.81666666666667,54.8341666666667,"2021-03-15","Bonham",15,3,2021,0,0,"A)   Bonham","A",NA,NA
"MST1028",0,"Calsap","Calsap.MST1028","white","no Cq","qPCR",0,0.63699006851343,0.0106165011418905,6.69409215450285,NA,"white","MST1028",9.81666666666667,54.8341666666667,"2021-03-15","Calsap",15,3,2021,0,0,"B)   Calsap","B",NA,NA
"MST1028",0,"Caraur","Caraur.MST1028","white","no Cq","qPCR",0,0.0225471728962503,0.0958446595718793,3.49066555500031,NA,"white","MST1028",9.81666666666667,54.8341666666667,"2021-03-15","Caraur",15,3,2021,0,0,"C)   Caraur","C",NA,NA
"MST1028",0,"Colper","Colper.MST1028","white","no Cq","qPCR",0,1.0579731951097,0.0176328865851616,1.05264455080033,NA,"white","MST1028",9.81666666666667,54.8341666666667,"2021-03-15","Colper",15,3,2021,0,0,"D)   Colper","D",NA,NA
"MST1028",0,"Corcas","Corcas.MST1028","white","no Cq","qPCR",0,1.26214731581735,0.0420715771939118,0.360338948667049,NA,"white","MST1028",9.81666666666667,54.8341666666667,"2021-03-15","Corcas",15,3,2021,0,0,"E)   Corcas","E",NA,NA
"MST1028",0,"Cragig","Cragig.MST1028","white","no Cq","qPCR",0,0.819268298830287,0.0123110535560807,5.31343579292295,NA,"white","MST1028",9.81666666666667,54.8341666666667,"2021-03-15","Cragig",15,3,2021,0,0,"F)   Cragig","F",NA,NA
"MST1028",0,"Erisin","Erisin.MST1028","white","no Cq","qPCR",0,0.364685853592156,0.0548009373867898,1.68553620576858,NA,"white","MST1028",9.81666666666667,54.8341666666667,"2021-03-15","Erisin",15,3,2021,0,0,"G)   Erisin","G",NA,NA
"MST1028",0,"Hemsan","Hemsan.MST1028","white","no Cq","qPCR",0,0.631671659618149,0.0105278609936358,0.322470888495446,NA,"white","MST1028",9.81666666666667,54.8341666666667,"2021-03-15","Hemsan",15,3,2021,0,0,"H)   Hemsan","H",NA,NA
"MST1028",0,"Hemtak","Hemtak.MST1028","white","no Cq","qPCR",0,0.563037107717149,0.0281518553858574,5.6800436973572,NA,"white","MST1028",9.81666666666667,54.8341666666667,"2021-03-15","Hemtak",15,3,2021,0,0,"I)   Hemtak","I",NA,NA
"MST1028",0,"Homame","Homame.MST1028","white","no Cq","qPCR",0,0.615627075262864,26.1693861679721,0.335798636078835,NA,"white","MST1028",9.81666666666667,54.8341666666667,"2021-03-15","Homame",15,3,2021,0,0,"J)   Homame","J",NA,NA
"MST1028",0,"Karmik","Karmik.MST1028","white","no Cq","qPCR",0,0.249514042078587,0.0499028084157174,0.409050658345222,NA,"white","MST1028",9.81666666666667,54.8341666666667,"2021-03-15","Karmik",15,3,2021,0,0,"K)   Karmik","K",NA,NA
"MST1028",0.849547051076365,"Mnelei","Mnelei.MST1028","red","1aLQ","qPCR",0.849547051076365,0.565945481842138,0.00943242469736896,1.45512744784355,0.267065383914683,"red","MST1028",9.81666666666667,54.8341666666667,"2021-03-15","Mnelei",15,3,2021,0.849547051076365,0,"L)   Mnelei","L",NA,0.267065383914683
"MST1028",0,"Myaare","Myaare.MST1028","white","no Cq","qPCR",0,1.00471092350427,0.0167451820584044,5.1446944475174,NA,"white","MST1028",9.81666666666667,54.8341666666667,"2021-03-15","Myaare",15,3,2021,0,0,"M)   Myaare","M",NA,NA
"MST1028",0,"Oncmyk","Oncmyk.MST1028","white","no Cq","qPCR",0,0.483938046437317,0.0806563410728862,1.06313988566398,NA,"white","MST1028",9.81666666666667,54.8341666666667,"2021-03-15","Oncmyk",15,3,2021,0,0,"N)   Oncmyk","N",NA,NA
"MST1028",0,"Promin","Promin.MST1028","white","no Cq","qPCR",0,0.558615680442301,0.01862052268141,0.560731440782545,NA,"white","MST1028",9.81666666666667,54.8341666666667,"2021-03-15","Promin",15,3,2021,0,0,"O)   Promin","O",NA,NA
"MST1028",1.0255468992963,"Psefar","Psefar.MST1028","black","aaLQ","qPCR",1.0255468992963,0.548095136203483,0.0274047568101742,7.0030003786087,0.306542303244013,"black","MST1028",9.81666666666667,54.8341666666667,"2021-03-15","Psefar",15,3,2021,1.0255468992963,0,"P)   Psefar","P",NA,0.306542303244013
"MST1028",0,"Psever","Psever.MST1028","white","no Cq","qPCR",0,0.697051909649079,0.0232350636549693,0.447889193892479,NA,"white","MST1028",9.81666666666667,54.8341666666667,"2021-03-15","Psever",15,3,2021,0,0,"NA)   Psever",NA,NA,NA
"MST1028",0,"Bonham","Bonham.MST1028","white","no Cq","ddPCR",0,0.617616142109215,0.0308808071054608,0.602823607623575,NA,"white","MST1028",9.81666666666667,54.8341666666667,"2021-03-15","Bonham",15,3,2021,0,0,"A)   Bonham","A",NA,NA
"MST1028",0,"Calsap","Calsap.MST1028","white","no Cq","ddPCR",0,0.63699006851343,0.0106165011418905,6.69409215450285,NA,"white","MST1028",9.81666666666667,54.8341666666667,"2021-03-15","Calsap",15,3,2021,0,0,"B)   Calsap","B",NA,NA
"MST1028",0,"Caraur","Caraur.MST1028","white","no Cq","ddPCR",0,0.0225471728962503,0.0958446595718793,3.49066555500031,NA,"white","MST1028",9.81666666666667,54.8341666666667,"2021-03-15","Caraur",15,3,2021,0,0,"C)   Caraur","C",NA,NA
"MST1028",0,"Colper","Colper.MST1028","white","no Cq","ddPCR",0,1.0579731951097,0.0176328865851616,1.05264455080033,NA,"white","MST1028",9.81666666666667,54.8341666666667,"2021-03-15","Colper",15,3,2021,0,0,"D)   Colper","D",NA,NA
"MST1028",0,"Corcas","Corcas.MST1028","white","no Cq","ddPCR",0,1.26214731581735,0.0420715771939118,0.360338948667049,NA,"white","MST1028",9.81666666666667,54.8341666666667,"2021-03-15","Corcas",15,3,2021,0,0,"E)   Corcas","E",NA,NA
"MST1028",0,"Cragig","Cragig.MST1028","white","no Cq","ddPCR",0,0.819268298830287,0.0123110535560807,5.31343579292295,NA,"white","MST1028",9.81666666666667,54.8341666666667,"2021-03-15","Cragig",15,3,2021,0,0,"F)   Cragig","F",NA,NA
"MST1028",0.468284264206887,"Erisin","Erisin.MST1028","white","aaLQ","ddPCR",0.468284264206887,0.364685853592156,0.0548009373867898,1.68553620576858,0.166810144425498,"black","MST1028",9.81666666666667,54.8341666666667,"2021-03-15","Erisin",15,3,2021,0,0.468284264206887,"G)   Erisin","G",0.166810144425498,NA
"MST1028",2.07967221736908,"Hemsan","Hemsan.MST1028","white","aaLQ","ddPCR",2.07967221736908,0.631671659618149,0.0105278609936358,0.322470888495446,0.488504495148728,"black","MST1028",9.81666666666667,54.8341666666667,"2021-03-15","Hemsan",15,3,2021,0,2.07967221736908,"H)   Hemsan","H",0.488504495148728,NA
"MST1028",0,"Hemtak","Hemtak.MST1028","white","no Cq","ddPCR",0,0.563037107717149,0.0281518553858574,5.6800436973572,NA,"white","MST1028",9.81666666666667,54.8341666666667,"2021-03-15","Hemtak",15,3,2021,0,0,"I)   Hemtak","I",NA,NA
"MST1028",0,"Homame","Homame.MST1028","white","no Cq","ddPCR",0,0.615627075262864,26.1693861679721,0.335798636078835,NA,"white","MST1028",9.81666666666667,54.8341666666667,"2021-03-15","Homame",15,3,2021,0,0,"J)   Homame","J",NA,NA
"MST1028",0.343204475939274,"Karmik","Karmik.MST1028","white","aaLQ","ddPCR",0.343204475939274,0.249514042078587,0.0499028084157174,0.409050658345222,0.128142130325115,"black","MST1028",9.81666666666667,54.8341666666667,"2021-03-15","Karmik",15,3,2021,0,0.343204475939274,"K)   Karmik","K",0.128142130325115,NA
"MST1028",0.346112363040447,"Mnelei","Mnelei.MST1028","red","aaLQ","ddPCR",0.346112363040447,0.565945481842138,0.00943242469736896,1.45512744784355,0.129081312942722,"black","MST1028",9.81666666666667,54.8341666666667,"2021-03-15","Mnelei",15,3,2021,0,0.346112363040447,"L)   Mnelei","L",0.129081312942722,NA
"MST1028",0,"Myaare","Myaare.MST1028","white","no Cq","ddPCR",0,1.00471092350427,0.0167451820584044,5.1446944475174,NA,"white","MST1028",9.81666666666667,54.8341666666667,"2021-03-15","Myaare",15,3,2021,0,0,"M)   Myaare","M",NA,NA
"MST1028",0,"Oncmyk","Oncmyk.MST1028","white","no Cq","ddPCR",0,0.483938046437317,0.0806563410728862,1.06313988566398,NA,"white","MST1028",9.81666666666667,54.8341666666667,"2021-03-15","Oncmyk",15,3,2021,0,0,"N)   Oncmyk","N",NA,NA
"MST1028",0,"Promin","Promin.MST1028","white","no Cq","ddPCR",0,0.558615680442301,0.01862052268141,0.560731440782545,NA,"white","MST1028",9.81666666666667,54.8341666666667,"2021-03-15","Promin",15,3,2021,0,0,"O)   Promin","O",NA,NA
"MST1028",5.53737461566925,"Psefar","Psefar.MST1028","black","aaLQ","ddPCR",5.53737461566925,0.548095136203483,0.0274047568101742,7.0030003786087,0.815403372354083,"black","MST1028",9.81666666666667,54.8341666666667,"2021-03-15","Psefar",15,3,2021,0,5.53737461566925,"P)   Psefar","P",0.815403372354083,NA
"MST1028",0,"Psever","Psever.MST1028","white","no Cq","ddPCR",0,0.697051909649079,0.0232350636549693,0.447889193892479,NA,"white","MST1028",9.81666666666667,54.8341666666667,"2021-03-15","Psever",15,3,2021,0,0,"NA)   Psever",NA,NA,NA
"MST1031",0,"Bonham","Bonham.MST1031","white","no Cq","qPCR",0,0.617616142109215,0.0308808071054608,0.602823607623575,NA,"white","MST1031",11.7835111111111,55.8656666666667,"2021-03-17","Bonham",17,3,2021,0,0,"A)   Bonham","A",NA,NA
"MST1031",0,"Calsap","Calsap.MST1031","white","no Cq","qPCR",0,0.63699006851343,0.0106165011418905,6.69409215450285,NA,"white","MST1031",11.7835111111111,55.8656666666667,"2021-03-17","Calsap",17,3,2021,0,0,"B)   Calsap","B",NA,NA
"MST1031",0,"Caraur","Caraur.MST1031","white","no Cq","qPCR",0,0.0225471728962503,0.0958446595718793,3.49066555500031,NA,"white","MST1031",11.7835111111111,55.8656666666667,"2021-03-17","Caraur",17,3,2021,0,0,"C)   Caraur","C",NA,NA
"MST1031",0,"Colper","Colper.MST1031","white","no Cq","qPCR",0,1.0579731951097,0.0176328865851616,1.05264455080033,NA,"white","MST1031",11.7835111111111,55.8656666666667,"2021-03-17","Colper",17,3,2021,0,0,"D)   Colper","D",NA,NA
"MST1031",0,"Corcas","Corcas.MST1031","white","no Cq","qPCR",0,1.26214731581735,0.0420715771939118,0.360338948667049,NA,"white","MST1031",11.7835111111111,55.8656666666667,"2021-03-17","Corcas",17,3,2021,0,0,"E)   Corcas","E",NA,NA
"MST1031",0,"Cragig","Cragig.MST1031","white","no Cq","qPCR",0,0.819268298830287,0.0123110535560807,5.31343579292295,NA,"white","MST1031",11.7835111111111,55.8656666666667,"2021-03-17","Cragig",17,3,2021,0,0,"F)   Cragig","F",NA,NA
"MST1031",0,"Erisin","Erisin.MST1031","white","no Cq","qPCR",0,0.364685853592156,0.0548009373867898,1.68553620576858,NA,"white","MST1031",11.7835111111111,55.8656666666667,"2021-03-17","Erisin",17,3,2021,0,0,"G)   Erisin","G",NA,NA
"MST1031",0,"Hemsan","Hemsan.MST1031","white","no Cq","qPCR",0,0.631671659618149,0.0105278609936358,0.322470888495446,NA,"white","MST1031",11.7835111111111,55.8656666666667,"2021-03-17","Hemsan",17,3,2021,0,0,"H)   Hemsan","H",NA,NA
"MST1031",0,"Hemtak","Hemtak.MST1031","white","no Cq","qPCR",0,0.563037107717149,0.0281518553858574,5.6800436973572,NA,"white","MST1031",11.7835111111111,55.8656666666667,"2021-03-17","Hemtak",17,3,2021,0,0,"I)   Hemtak","I",NA,NA
"MST1031",0,"Homame","Homame.MST1031","white","no Cq","qPCR",0,0.615627075262864,26.1693861679721,0.335798636078835,NA,"white","MST1031",11.7835111111111,55.8656666666667,"2021-03-17","Homame",17,3,2021,0,0,"J)   Homame","J",NA,NA
"MST1031",0,"Karmik","Karmik.MST1031","white","no Cq","qPCR",0,0.249514042078587,0.0499028084157174,0.409050658345222,NA,"white","MST1031",11.7835111111111,55.8656666666667,"2021-03-17","Karmik",17,3,2021,0,0,"K)   Karmik","K",NA,NA
"MST1031",0.0886647921552683,"Mnelei","Mnelei.MST1031","orange","aLDbLQ","qPCR",0.0886647921552683,0.565945481842138,0.00943242469736896,1.45512744784355,0.0368941778941001,"orange","MST1031",11.7835111111111,55.8656666666667,"2021-03-17","Mnelei",17,3,2021,0.0886647921552683,0,"L)   Mnelei","L",NA,0.0368941778941001
"MST1031",0.0248498501746722,"Myaare","Myaare.MST1031","yellow","bLD","qPCR",0.0248498501746722,1.00471092350427,0.0167451820584044,5.1446944475174,0.0106602419603206,"yellow","MST1031",11.7835111111111,55.8656666666667,"2021-03-17","Myaare",17,3,2021,0.0248498501746722,0,"M)   Myaare","M",NA,0.0106602419603206
"MST1031",0,"Oncmyk","Oncmyk.MST1031","white","no Cq","qPCR",0,0.483938046437317,0.0806563410728862,1.06313988566398,NA,"white","MST1031",11.7835111111111,55.8656666666667,"2021-03-17","Oncmyk",17,3,2021,0,0,"N)   Oncmyk","N",NA,NA
"MST1031",0,"Promin","Promin.MST1031","white","no Cq","qPCR",0,0.558615680442301,0.01862052268141,0.560731440782545,NA,"white","MST1031",11.7835111111111,55.8656666666667,"2021-03-17","Promin",17,3,2021,0,0,"O)   Promin","O",NA,NA
"MST1031",190.085483181326,"Psefar","Psefar.MST1031","black","aaLQ","qPCR",190.085483181326,0.548095136203483,0.0274047568101742,7.0030003786087,2.28122769483252,"black","MST1031",11.7835111111111,55.8656666666667,"2021-03-17","Psefar",17,3,2021,190.085483181326,0,"P)   Psefar","P",NA,2.28122769483252
"MST1031",0,"Psever","Psever.MST1031","yellow","bLD","qPCR",0,0.697051909649079,0.0232350636549693,0.447889193892479,NA,"yellow","MST1031",11.7835111111111,55.8656666666667,"2021-03-17","Psever",17,3,2021,0,0,"NA)   Psever",NA,NA,NA
"MST1031",0,"Bonham","Bonham.MST1031","white","no Cq","ddPCR",0,0.617616142109215,0.0308808071054608,0.602823607623575,NA,"white","MST1031",11.7835111111111,55.8656666666667,"2021-03-17","Bonham",17,3,2021,0,0,"A)   Bonham","A",NA,NA
"MST1031",0,"Calsap","Calsap.MST1031","white","no Cq","ddPCR",0,0.63699006851343,0.0106165011418905,6.69409215450285,NA,"white","MST1031",11.7835111111111,55.8656666666667,"2021-03-17","Calsap",17,3,2021,0,0,"B)   Calsap","B",NA,NA
"MST1031",0,"Caraur","Caraur.MST1031","white","no Cq","ddPCR",0,0.0225471728962503,0.0958446595718793,3.49066555500031,NA,"white","MST1031",11.7835111111111,55.8656666666667,"2021-03-17","Caraur",17,3,2021,0,0,"C)   Caraur","C",NA,NA
"MST1031",0,"Colper","Colper.MST1031","white","no Cq","ddPCR",0,1.0579731951097,0.0176328865851616,1.05264455080033,NA,"white","MST1031",11.7835111111111,55.8656666666667,"2021-03-17","Colper",17,3,2021,0,0,"D)   Colper","D",NA,NA
"MST1031",0,"Corcas","Corcas.MST1031","white","no Cq","ddPCR",0,1.26214731581735,0.0420715771939118,0.360338948667049,NA,"white","MST1031",11.7835111111111,55.8656666666667,"2021-03-17","Corcas",17,3,2021,0,0,"E)   Corcas","E",NA,NA
"MST1031",0,"Cragig","Cragig.MST1031","white","no Cq","ddPCR",0,0.819268298830287,0.0123110535560807,5.31343579292295,NA,"white","MST1031",11.7835111111111,55.8656666666667,"2021-03-17","Cragig",17,3,2021,0,0,"F)   Cragig","F",NA,NA
"MST1031",0,"Erisin","Erisin.MST1031","white","no Cq","ddPCR",0,0.364685853592156,0.0548009373867898,1.68553620576858,NA,"white","MST1031",11.7835111111111,55.8656666666667,"2021-03-17","Erisin",17,3,2021,0,0,"G)   Erisin","G",NA,NA
"MST1031",0,"Hemsan","Hemsan.MST1031","white","no Cq","ddPCR",0,0.631671659618149,0.0105278609936358,0.322470888495446,NA,"white","MST1031",11.7835111111111,55.8656666666667,"2021-03-17","Hemsan",17,3,2021,0,0,"H)   Hemsan","H",NA,NA
"MST1031",0,"Hemtak","Hemtak.MST1031","white","no Cq","ddPCR",0,0.563037107717149,0.0281518553858574,5.6800436973572,NA,"white","MST1031",11.7835111111111,55.8656666666667,"2021-03-17","Hemtak",17,3,2021,0,0,"I)   Hemtak","I",NA,NA
"MST1031",0,"Homame","Homame.MST1031","white","no Cq","ddPCR",0,0.615627075262864,26.1693861679721,0.335798636078835,NA,"white","MST1031",11.7835111111111,55.8656666666667,"2021-03-17","Homame",17,3,2021,0,0,"J)   Homame","J",NA,NA
"MST1031",0,"Karmik","Karmik.MST1031","white","no Cq","ddPCR",0,0.249514042078587,0.0499028084157174,0.409050658345222,NA,"white","MST1031",11.7835111111111,55.8656666666667,"2021-03-17","Karmik",17,3,2021,0,0,"K)   Karmik","K",NA,NA
"MST1031",0,"Mnelei","Mnelei.MST1031","orange","no Cq","ddPCR",0,0.565945481842138,0.00943242469736896,1.45512744784355,NA,"white","MST1031",11.7835111111111,55.8656666666667,"2021-03-17","Mnelei",17,3,2021,0,0,"L)   Mnelei","L",NA,NA
"MST1031",0.88162563741207,"Myaare","Myaare.MST1031","yellow","aaLQ","ddPCR",0.88162563741207,1.00471092350427,0.0167451820584044,5.1446944475174,0.27453322175932,"black","MST1031",11.7835111111111,55.8656666666667,"2021-03-17","Myaare",17,3,2021,0,0.88162563741207,"M)   Myaare","M",0.27453322175932,NA
"MST1031",0,"Oncmyk","Oncmyk.MST1031","white","no Cq","ddPCR",0,0.483938046437317,0.0806563410728862,1.06313988566398,NA,"white","MST1031",11.7835111111111,55.8656666666667,"2021-03-17","Oncmyk",17,3,2021,0,0,"N)   Oncmyk","N",NA,NA
"MST1031",0,"Promin","Promin.MST1031","white","no Cq","ddPCR",0,0.558615680442301,0.01862052268141,0.560731440782545,NA,"white","MST1031",11.7835111111111,55.8656666666667,"2021-03-17","Promin",17,3,2021,0,0,"O)   Promin","O",NA,NA
"MST1031",478.772506713867,"Psefar","Psefar.MST1031","black","aaLQ","ddPCR",478.772506713867,0.548095136203483,0.0274047568101742,7.0030003786087,2.68103535716961,"black","MST1031",11.7835111111111,55.8656666666667,"2021-03-17","Psefar",17,3,2021,0,478.772506713867,"P)   Psefar","P",2.68103535716961,NA
"MST1031",0,"Psever","Psever.MST1031","yellow","no Cq","ddPCR",0,0.697051909649079,0.0232350636549693,0.447889193892479,NA,"white","MST1031",11.7835111111111,55.8656666666667,"2021-03-17","Psever",17,3,2021,0,0,"NA)   Psever",NA,NA,NA
"MST1038",0,"Bonham","Bonham.MST1038","white","no Cq","qPCR",0,0.617616142109215,0.0308808071054608,0.602823607623575,NA,"white","MST1038",11.5002361111111,55.1395,"2021-04-14","Bonham",14,4,2021,0,0,"A)   Bonham","A",NA,NA
"MST1038",0,"Calsap","Calsap.MST1038","white","no Cq","qPCR",0,0.63699006851343,0.0106165011418905,6.69409215450285,NA,"white","MST1038",11.5002361111111,55.1395,"2021-04-14","Calsap",14,4,2021,0,0,"B)   Calsap","B",NA,NA
"MST1038",0,"Caraur","Caraur.MST1038","white","no Cq","qPCR",0,0.0225471728962503,0.0958446595718793,3.49066555500031,NA,"white","MST1038",11.5002361111111,55.1395,"2021-04-14","Caraur",14,4,2021,0,0,"C)   Caraur","C",NA,NA
"MST1038",0,"Colper","Colper.MST1038","white","no Cq","qPCR",0,1.0579731951097,0.0176328865851616,1.05264455080033,NA,"white","MST1038",11.5002361111111,55.1395,"2021-04-14","Colper",14,4,2021,0,0,"D)   Colper","D",NA,NA
"MST1038",0,"Corcas","Corcas.MST1038","white","no Cq","qPCR",0,1.26214731581735,0.0420715771939118,0.360338948667049,NA,"white","MST1038",11.5002361111111,55.1395,"2021-04-14","Corcas",14,4,2021,0,0,"E)   Corcas","E",NA,NA
"MST1038",0,"Cragig","Cragig.MST1038","white","no Cq","qPCR",0,0.819268298830287,0.0123110535560807,5.31343579292295,NA,"white","MST1038",11.5002361111111,55.1395,"2021-04-14","Cragig",14,4,2021,0,0,"F)   Cragig","F",NA,NA
"MST1038",0,"Erisin","Erisin.MST1038","white","no Cq","qPCR",0,0.364685853592156,0.0548009373867898,1.68553620576858,NA,"white","MST1038",11.5002361111111,55.1395,"2021-04-14","Erisin",14,4,2021,0,0,"G)   Erisin","G",NA,NA
"MST1038",0,"Hemsan","Hemsan.MST1038","white","no Cq","qPCR",0,0.631671659618149,0.0105278609936358,0.322470888495446,NA,"white","MST1038",11.5002361111111,55.1395,"2021-04-14","Hemsan",14,4,2021,0,0,"H)   Hemsan","H",NA,NA
"MST1038",0,"Hemtak","Hemtak.MST1038","white","no Cq","qPCR",0,0.563037107717149,0.0281518553858574,5.6800436973572,NA,"white","MST1038",11.5002361111111,55.1395,"2021-04-14","Hemtak",14,4,2021,0,0,"I)   Hemtak","I",NA,NA
"MST1038",0,"Homame","Homame.MST1038","white","no Cq","qPCR",0,0.615627075262864,26.1693861679721,0.335798636078835,NA,"white","MST1038",11.5002361111111,55.1395,"2021-04-14","Homame",14,4,2021,0,0,"J)   Homame","J",NA,NA
"MST1038",0,"Karmik","Karmik.MST1038","white","no Cq","qPCR",0,0.249514042078587,0.0499028084157174,0.409050658345222,NA,"white","MST1038",11.5002361111111,55.1395,"2021-04-14","Karmik",14,4,2021,0,0,"K)   Karmik","K",NA,NA
"MST1038",0,"Mnelei","Mnelei.MST1038","white","no Cq","qPCR",0,0.565945481842138,0.00943242469736896,1.45512744784355,NA,"white","MST1038",11.5002361111111,55.1395,"2021-04-14","Mnelei",14,4,2021,0,0,"L)   Mnelei","L",NA,NA
"MST1038",2.19138615870986,"Myaare","Myaare.MST1038","black","aaLQ","qPCR",2.19138615870986,1.00471092350427,0.0167451820584044,5.1446944475174,0.503979357139341,"black","MST1038",11.5002361111111,55.1395,"2021-04-14","Myaare",14,4,2021,2.19138615870986,0,"M)   Myaare","M",NA,0.503979357139341
"MST1038",0,"Oncmyk","Oncmyk.MST1038","white","no Cq","qPCR",0,0.483938046437317,0.0806563410728862,1.06313988566398,NA,"white","MST1038",11.5002361111111,55.1395,"2021-04-14","Oncmyk",14,4,2021,0,0,"N)   Oncmyk","N",NA,NA
"MST1038",0,"Promin","Promin.MST1038","white","no Cq","qPCR",0,0.558615680442301,0.01862052268141,0.560731440782545,NA,"white","MST1038",11.5002361111111,55.1395,"2021-04-14","Promin",14,4,2021,0,0,"O)   Promin","O",NA,NA
"MST1038",398.282465641198,"Psefar","Psefar.MST1038","black","aaLQ","qPCR",398.282465641198,0.548095136203483,0.0274047568101742,7.0030003786087,2.60128023871306,"black","MST1038",11.5002361111111,55.1395,"2021-04-14","Psefar",14,4,2021,398.282465641198,0,"P)   Psefar","P",NA,2.60128023871306
"MST1038",0,"Psever","Psever.MST1038","white","no Cq","qPCR",0,0.697051909649079,0.0232350636549693,0.447889193892479,NA,"white","MST1038",11.5002361111111,55.1395,"2021-04-14","Psever",14,4,2021,0,0,"NA)   Psever",NA,NA,NA
"MST1038",0,"Bonham","Bonham.MST1038","white","no Cq","ddPCR",0,0.617616142109215,0.0308808071054608,0.602823607623575,NA,"white","MST1038",11.5002361111111,55.1395,"2021-04-14","Bonham",14,4,2021,0,0,"A)   Bonham","A",NA,NA
"MST1038",0,"Calsap","Calsap.MST1038","white","no Cq","ddPCR",0,0.63699006851343,0.0106165011418905,6.69409215450285,NA,"white","MST1038",11.5002361111111,55.1395,"2021-04-14","Calsap",14,4,2021,0,0,"B)   Calsap","B",NA,NA
"MST1038",0,"Caraur","Caraur.MST1038","white","no Cq","ddPCR",0,0.0225471728962503,0.0958446595718793,3.49066555500031,NA,"white","MST1038",11.5002361111111,55.1395,"2021-04-14","Caraur",14,4,2021,0,0,"C)   Caraur","C",NA,NA
"MST1038",0,"Colper","Colper.MST1038","white","no Cq","ddPCR",0,1.0579731951097,0.0176328865851616,1.05264455080033,NA,"white","MST1038",11.5002361111111,55.1395,"2021-04-14","Colper",14,4,2021,0,0,"D)   Colper","D",NA,NA
"MST1038",0,"Corcas","Corcas.MST1038","white","no Cq","ddPCR",0,1.26214731581735,0.0420715771939118,0.360338948667049,NA,"white","MST1038",11.5002361111111,55.1395,"2021-04-14","Corcas",14,4,2021,0,0,"E)   Corcas","E",NA,NA
"MST1038",0.363321267068386,"Cragig","Cragig.MST1038","white","aaLQ","ddPCR",0.363321267068386,0.819268298830287,0.0123110535560807,5.31343579292295,0.134598209520828,"black","MST1038",11.5002361111111,55.1395,"2021-04-14","Cragig",14,4,2021,0,0.363321267068386,"F)   Cragig","F",0.134598209520828,NA
"MST1038",0,"Erisin","Erisin.MST1038","white","no Cq","ddPCR",0,0.364685853592156,0.0548009373867898,1.68553620576858,NA,"white","MST1038",11.5002361111111,55.1395,"2021-04-14","Erisin",14,4,2021,0,0,"G)   Erisin","G",NA,NA
"MST1038",0,"Hemsan","Hemsan.MST1038","white","no Cq","ddPCR",0,0.631671659618149,0.0105278609936358,0.322470888495446,NA,"white","MST1038",11.5002361111111,55.1395,"2021-04-14","Hemsan",14,4,2021,0,0,"H)   Hemsan","H",NA,NA
"MST1038",0,"Hemtak","Hemtak.MST1038","white","no Cq","ddPCR",0,0.563037107717149,0.0281518553858574,5.6800436973572,NA,"white","MST1038",11.5002361111111,55.1395,"2021-04-14","Hemtak",14,4,2021,0,0,"I)   Hemtak","I",NA,NA
"MST1038",0,"Homame","Homame.MST1038","white","no Cq","ddPCR",0,0.615627075262864,26.1693861679721,0.335798636078835,NA,"white","MST1038",11.5002361111111,55.1395,"2021-04-14","Homame",14,4,2021,0,0,"J)   Homame","J",NA,NA
"MST1038",0,"Karmik","Karmik.MST1038","white","no Cq","ddPCR",0,0.249514042078587,0.0499028084157174,0.409050658345222,NA,"white","MST1038",11.5002361111111,55.1395,"2021-04-14","Karmik",14,4,2021,0,0,"K)   Karmik","K",NA,NA
"MST1038",0,"Mnelei","Mnelei.MST1038","white","no Cq","ddPCR",0,0.565945481842138,0.00943242469736896,1.45512744784355,NA,"white","MST1038",11.5002361111111,55.1395,"2021-04-14","Mnelei",14,4,2021,0,0,"L)   Mnelei","L",NA,NA
"MST1038",4.0638017654419,"Myaare","Myaare.MST1038","black","aaLQ","ddPCR",4.0638017654419,1.00471092350427,0.0167451820584044,5.1446944475174,0.704476695852145,"black","MST1038",11.5002361111111,55.1395,"2021-04-14","Myaare",14,4,2021,0,4.0638017654419,"M)   Myaare","M",0.704476695852145,NA
"MST1038",0,"Oncmyk","Oncmyk.MST1038","white","no Cq","ddPCR",0,0.483938046437317,0.0806563410728862,1.06313988566398,NA,"white","MST1038",11.5002361111111,55.1395,"2021-04-14","Oncmyk",14,4,2021,0,0,"N)   Oncmyk","N",NA,NA
"MST1038",0,"Promin","Promin.MST1038","white","no Cq","ddPCR",0,0.558615680442301,0.01862052268141,0.560731440782545,NA,"white","MST1038",11.5002361111111,55.1395,"2021-04-14","Promin",14,4,2021,0,0,"O)   Promin","O",NA,NA
"MST1038",1123.19999694824,"Psefar","Psefar.MST1038","black","aaLQ","ddPCR",1123.19999694824,0.548095136203483,0.0274047568101742,7.0030003786087,3.05084357977798,"black","MST1038",11.5002361111111,55.1395,"2021-04-14","Psefar",14,4,2021,0,1123.19999694824,"P)   Psefar","P",3.05084357977798,NA
"MST1038",0,"Psever","Psever.MST1038","white","no Cq","ddPCR",0,0.697051909649079,0.0232350636549693,0.447889193892479,NA,"white","MST1038",11.5002361111111,55.1395,"2021-04-14","Psever",14,4,2021,0,0,"NA)   Psever",NA,NA,NA
"MST1039",0,"Bonham","Bonham.MST1039","white","no Cq","qPCR",0,0.617616142109215,0.0308808071054608,0.602823607623575,NA,"white","MST1039",8.21670555555556,56.0778333333333,"2021-04-26","Bonham",26,4,2021,0,0,"A)   Bonham","A",NA,NA
"MST1039",0,"Calsap","Calsap.MST1039","white","no Cq","qPCR",0,0.63699006851343,0.0106165011418905,6.69409215450285,NA,"white","MST1039",8.21670555555556,56.0778333333333,"2021-04-26","Calsap",26,4,2021,0,0,"B)   Calsap","B",NA,NA
"MST1039",0,"Caraur","Caraur.MST1039","white","no Cq","qPCR",0,0.0225471728962503,0.0958446595718793,3.49066555500031,NA,"white","MST1039",8.21670555555556,56.0778333333333,"2021-04-26","Caraur",26,4,2021,0,0,"C)   Caraur","C",NA,NA
"MST1039",0,"Colper","Colper.MST1039","white","no Cq","qPCR",0,1.0579731951097,0.0176328865851616,1.05264455080033,NA,"white","MST1039",8.21670555555556,56.0778333333333,"2021-04-26","Colper",26,4,2021,0,0,"D)   Colper","D",NA,NA
"MST1039",0,"Corcas","Corcas.MST1039","white","no Cq","qPCR",0,1.26214731581735,0.0420715771939118,0.360338948667049,NA,"white","MST1039",8.21670555555556,56.0778333333333,"2021-04-26","Corcas",26,4,2021,0,0,"E)   Corcas","E",NA,NA
"MST1039",0,"Cragig","Cragig.MST1039","white","no Cq","qPCR",0,0.819268298830287,0.0123110535560807,5.31343579292295,NA,"white","MST1039",8.21670555555556,56.0778333333333,"2021-04-26","Cragig",26,4,2021,0,0,"F)   Cragig","F",NA,NA
"MST1039",0,"Erisin","Erisin.MST1039","white","no Cq","qPCR",0,0.364685853592156,0.0548009373867898,1.68553620576858,NA,"white","MST1039",8.21670555555556,56.0778333333333,"2021-04-26","Erisin",26,4,2021,0,0,"G)   Erisin","G",NA,NA
"MST1039",0,"Hemsan","Hemsan.MST1039","white","no Cq","qPCR",0,0.631671659618149,0.0105278609936358,0.322470888495446,NA,"white","MST1039",8.21670555555556,56.0778333333333,"2021-04-26","Hemsan",26,4,2021,0,0,"H)   Hemsan","H",NA,NA
"MST1039",0,"Hemtak","Hemtak.MST1039","white","no Cq","qPCR",0,0.563037107717149,0.0281518553858574,5.6800436973572,NA,"white","MST1039",8.21670555555556,56.0778333333333,"2021-04-26","Hemtak",26,4,2021,0,0,"I)   Hemtak","I",NA,NA
"MST1039",0,"Homame","Homame.MST1039","white","no Cq","qPCR",0,0.615627075262864,26.1693861679721,0.335798636078835,NA,"white","MST1039",8.21670555555556,56.0778333333333,"2021-04-26","Homame",26,4,2021,0,0,"J)   Homame","J",NA,NA
"MST1039",0,"Karmik","Karmik.MST1039","white","no Cq","qPCR",0,0.249514042078587,0.0499028084157174,0.409050658345222,NA,"white","MST1039",8.21670555555556,56.0778333333333,"2021-04-26","Karmik",26,4,2021,0,0,"K)   Karmik","K",NA,NA
"MST1039",0,"Mnelei","Mnelei.MST1039","white","no Cq","qPCR",0,0.565945481842138,0.00943242469736896,1.45512744784355,NA,"white","MST1039",8.21670555555556,56.0778333333333,"2021-04-26","Mnelei",26,4,2021,0,0,"L)   Mnelei","L",NA,NA
"MST1039",3.75985154484708,"Myaare","Myaare.MST1039","black","aaLQ","qPCR",3.75985154484708,1.00471092350427,0.0167451820584044,5.1446944475174,0.677593407708068,"black","MST1039",8.21670555555556,56.0778333333333,"2021-04-26","Myaare",26,4,2021,3.75985154484708,0,"M)   Myaare","M",NA,0.677593407708068
"MST1039",0.398442324900058,"Oncmyk","Oncmyk.MST1039","orange","aLDbLQ","qPCR",0.398442324900058,0.483938046437317,0.0806563410728862,1.06313988566398,0.145644559735676,"orange","MST1039",8.21670555555556,56.0778333333333,"2021-04-26","Oncmyk",26,4,2021,0.398442324900058,0,"N)   Oncmyk","N",NA,0.145644559735676
"MST1039",0,"Promin","Promin.MST1039","yellow","bLD","qPCR",0,0.558615680442301,0.01862052268141,0.560731440782545,NA,"yellow","MST1039",8.21670555555556,56.0778333333333,"2021-04-26","Promin",26,4,2021,0,0,"O)   Promin","O",NA,NA
"MST1039",0.263694659973454,"Psefar","Psefar.MST1039","orange","aLDbLQ","qPCR",0.263694659973454,0.548095136203483,0.0274047568101742,7.0030003786087,0.101642150284994,"orange","MST1039",8.21670555555556,56.0778333333333,"2021-04-26","Psefar",26,4,2021,0.263694659973454,0,"P)   Psefar","P",NA,0.101642150284994
"MST1039",0,"Psever","Psever.MST1039","white","no Cq","qPCR",0,0.697051909649079,0.0232350636549693,0.447889193892479,NA,"white","MST1039",8.21670555555556,56.0778333333333,"2021-04-26","Psever",26,4,2021,0,0,"NA)   Psever",NA,NA,NA
"MST1039",0,"Bonham","Bonham.MST1039","white","no Cq","ddPCR",0,0.617616142109215,0.0308808071054608,0.602823607623575,NA,"white","MST1039",8.21670555555556,56.0778333333333,"2021-04-26","Bonham",26,4,2021,0,0,"A)   Bonham","A",NA,NA
"MST1039",0,"Calsap","Calsap.MST1039","white","no Cq","ddPCR",0,0.63699006851343,0.0106165011418905,6.69409215450285,NA,"white","MST1039",8.21670555555556,56.0778333333333,"2021-04-26","Calsap",26,4,2021,0,0,"B)   Calsap","B",NA,NA
"MST1039",0,"Caraur","Caraur.MST1039","white","no Cq","ddPCR",0,0.0225471728962503,0.0958446595718793,3.49066555500031,NA,"white","MST1039",8.21670555555556,56.0778333333333,"2021-04-26","Caraur",26,4,2021,0,0,"C)   Caraur","C",NA,NA
"MST1039",0.361734926700592,"Colper","Colper.MST1039","white","aaLQ","ddPCR",0.361734926700592,1.0579731951097,0.0176328865851616,1.05264455080033,0.134092576684668,"black","MST1039",8.21670555555556,56.0778333333333,"2021-04-26","Colper",26,4,2021,0,0.361734926700592,"D)   Colper","D",0.134092576684668,NA
"MST1039",0,"Corcas","Corcas.MST1039","white","no Cq","ddPCR",0,1.26214731581735,0.0420715771939118,0.360338948667049,NA,"white","MST1039",8.21670555555556,56.0778333333333,"2021-04-26","Corcas",26,4,2021,0,0,"E)   Corcas","E",NA,NA
"MST1039",0,"Cragig","Cragig.MST1039","white","no Cq","ddPCR",0,0.819268298830287,0.0123110535560807,5.31343579292295,NA,"white","MST1039",8.21670555555556,56.0778333333333,"2021-04-26","Cragig",26,4,2021,0,0,"F)   Cragig","F",NA,NA
"MST1039",0,"Erisin","Erisin.MST1039","white","no Cq","ddPCR",0,0.364685853592156,0.0548009373867898,1.68553620576858,NA,"white","MST1039",8.21670555555556,56.0778333333333,"2021-04-26","Erisin",26,4,2021,0,0,"G)   Erisin","G",NA,NA
"MST1039",0,"Hemsan","Hemsan.MST1039","white","no Cq","ddPCR",0,0.631671659618149,0.0105278609936358,0.322470888495446,NA,"white","MST1039",8.21670555555556,56.0778333333333,"2021-04-26","Hemsan",26,4,2021,0,0,"H)   Hemsan","H",NA,NA
"MST1039",0,"Hemtak","Hemtak.MST1039","white","no Cq","ddPCR",0,0.563037107717149,0.0281518553858574,5.6800436973572,NA,"white","MST1039",8.21670555555556,56.0778333333333,"2021-04-26","Hemtak",26,4,2021,0,0,"I)   Hemtak","I",NA,NA
"MST1039",0,"Homame","Homame.MST1039","white","no Cq","ddPCR",0,0.615627075262864,26.1693861679721,0.335798636078835,NA,"white","MST1039",8.21670555555556,56.0778333333333,"2021-04-26","Homame",26,4,2021,0,0,"J)   Homame","J",NA,NA
"MST1039",0,"Karmik","Karmik.MST1039","white","no Cq","ddPCR",0,0.249514042078587,0.0499028084157174,0.409050658345222,NA,"white","MST1039",8.21670555555556,56.0778333333333,"2021-04-26","Karmik",26,4,2021,0,0,"K)   Karmik","K",NA,NA
"MST1039",0,"Mnelei","Mnelei.MST1039","white","no Cq","ddPCR",0,0.565945481842138,0.00943242469736896,1.45512744784355,NA,"white","MST1039",8.21670555555556,56.0778333333333,"2021-04-26","Mnelei",26,4,2021,0,0,"L)   Mnelei","L",NA,NA
"MST1039",7.9100042581558,"Myaare","Myaare.MST1039","black","aaLQ","ddPCR",7.9100042581558,1.00471092350427,0.0167451820584044,5.1446944475174,0.949877911589414,"black","MST1039",8.21670555555556,56.0778333333333,"2021-04-26","Myaare",26,4,2021,0,7.9100042581558,"M)   Myaare","M",0.949877911589414,NA
"MST1039",0,"Oncmyk","Oncmyk.MST1039","orange","no Cq","ddPCR",0,0.483938046437317,0.0806563410728862,1.06313988566398,NA,"white","MST1039",8.21670555555556,56.0778333333333,"2021-04-26","Oncmyk",26,4,2021,0,0,"N)   Oncmyk","N",NA,NA
"MST1039",0.464329048991204,"Promin","Promin.MST1039","yellow","aaLQ","ddPCR",0.464329048991204,0.558615680442301,0.01862052268141,0.560731440782545,0.16563867788629,"black","MST1039",8.21670555555556,56.0778333333333,"2021-04-26","Promin",26,4,2021,0,0.464329048991204,"O)   Promin","O",0.16563867788629,NA
"MST1039",0,"Psefar","Psefar.MST1039","orange","no Cq","ddPCR",0,0.548095136203483,0.0274047568101742,7.0030003786087,NA,"white","MST1039",8.21670555555556,56.0778333333333,"2021-04-26","Psefar",26,4,2021,0,0,"P)   Psefar","P",NA,NA
"MST1039",0,"Psever","Psever.MST1039","white","no Cq","ddPCR",0,0.697051909649079,0.0232350636549693,0.447889193892479,NA,"white","MST1039",8.21670555555556,56.0778333333333,"2021-04-26","Psever",26,4,2021,0,0,"NA)   Psever",NA,NA,NA
"MST1043",0,"Bonham","Bonham.MST1043","white","no Cq","qPCR",0,0.617616142109215,0.0308808071054608,0.602823607623575,NA,"white","MST1043",10.3204,56.6261666666667,"2021-04-06","Bonham",6,4,2021,0,0,"A)   Bonham","A",NA,NA
"MST1043",0,"Calsap","Calsap.MST1043","yellow","bLD","qPCR",0,0.63699006851343,0.0106165011418905,6.69409215450285,NA,"yellow","MST1043",10.3204,56.6261666666667,"2021-04-06","Calsap",6,4,2021,0,0,"B)   Calsap","B",NA,NA
"MST1043",0,"Caraur","Caraur.MST1043","white","no Cq","qPCR",0,0.0225471728962503,0.0958446595718793,3.49066555500031,NA,"white","MST1043",10.3204,56.6261666666667,"2021-04-06","Caraur",6,4,2021,0,0,"C)   Caraur","C",NA,NA
"MST1043",0,"Colper","Colper.MST1043","white","no Cq","qPCR",0,1.0579731951097,0.0176328865851616,1.05264455080033,NA,"white","MST1043",10.3204,56.6261666666667,"2021-04-06","Colper",6,4,2021,0,0,"D)   Colper","D",NA,NA
"MST1043",0,"Corcas","Corcas.MST1043","white","no Cq","qPCR",0,1.26214731581735,0.0420715771939118,0.360338948667049,NA,"white","MST1043",10.3204,56.6261666666667,"2021-04-06","Corcas",6,4,2021,0,0,"E)   Corcas","E",NA,NA
"MST1043",0,"Cragig","Cragig.MST1043","white","no Cq","qPCR",0,0.819268298830287,0.0123110535560807,5.31343579292295,NA,"white","MST1043",10.3204,56.6261666666667,"2021-04-06","Cragig",6,4,2021,0,0,"F)   Cragig","F",NA,NA
"MST1043",0,"Erisin","Erisin.MST1043","white","no Cq","qPCR",0,0.364685853592156,0.0548009373867898,1.68553620576858,NA,"white","MST1043",10.3204,56.6261666666667,"2021-04-06","Erisin",6,4,2021,0,0,"G)   Erisin","G",NA,NA
"MST1043",0,"Hemsan","Hemsan.MST1043","white","no Cq","qPCR",0,0.631671659618149,0.0105278609936358,0.322470888495446,NA,"white","MST1043",10.3204,56.6261666666667,"2021-04-06","Hemsan",6,4,2021,0,0,"H)   Hemsan","H",NA,NA
"MST1043",0,"Hemtak","Hemtak.MST1043","white","no Cq","qPCR",0,0.563037107717149,0.0281518553858574,5.6800436973572,NA,"white","MST1043",10.3204,56.6261666666667,"2021-04-06","Hemtak",6,4,2021,0,0,"I)   Hemtak","I",NA,NA
"MST1043",0,"Homame","Homame.MST1043","white","no Cq","qPCR",0,0.615627075262864,26.1693861679721,0.335798636078835,NA,"white","MST1043",10.3204,56.6261666666667,"2021-04-06","Homame",6,4,2021,0,0,"J)   Homame","J",NA,NA
"MST1043",0,"Karmik","Karmik.MST1043","white","no Cq","qPCR",0,0.249514042078587,0.0499028084157174,0.409050658345222,NA,"white","MST1043",10.3204,56.6261666666667,"2021-04-06","Karmik",6,4,2021,0,0,"K)   Karmik","K",NA,NA
"MST1043",0,"Mnelei","Mnelei.MST1043","white","no Cq","qPCR",0,0.565945481842138,0.00943242469736896,1.45512744784355,NA,"white","MST1043",10.3204,56.6261666666667,"2021-04-06","Mnelei",6,4,2021,0,0,"L)   Mnelei","L",NA,NA
"MST1043",0,"Myaare","Myaare.MST1043","white","no Cq","qPCR",0,1.00471092350427,0.0167451820584044,5.1446944475174,NA,"white","MST1043",10.3204,56.6261666666667,"2021-04-06","Myaare",6,4,2021,0,0,"M)   Myaare","M",NA,NA
"MST1043",0,"Oncmyk","Oncmyk.MST1043","white","no Cq","qPCR",0,0.483938046437317,0.0806563410728862,1.06313988566398,NA,"white","MST1043",10.3204,56.6261666666667,"2021-04-06","Oncmyk",6,4,2021,0,0,"N)   Oncmyk","N",NA,NA
"MST1043",0.0936550222465986,"Promin","Promin.MST1043","orange","aLDbLQ","qPCR",0.0936550222465986,0.558615680442301,0.01862052268141,0.560731440782545,0.0388803516484311,"orange","MST1043",10.3204,56.6261666666667,"2021-04-06","Promin",6,4,2021,0.0936550222465986,0,"O)   Promin","O",NA,0.0388803516484311
"MST1043",858.865078430858,"Psefar","Psefar.MST1043","black","aaLQ","qPCR",858.865078430858,0.548095136203483,0.0274047568101742,7.0030003786087,2.93443031137164,"black","MST1043",10.3204,56.6261666666667,"2021-04-06","Psefar",6,4,2021,858.865078430858,0,"P)   Psefar","P",NA,2.93443031137164
"MST1043",0,"Psever","Psever.MST1043","white","no Cq","qPCR",0,0.697051909649079,0.0232350636549693,0.447889193892479,NA,"white","MST1043",10.3204,56.6261666666667,"2021-04-06","Psever",6,4,2021,0,0,"NA)   Psever",NA,NA,NA
"MST1043",0,"Bonham","Bonham.MST1043","white","no Cq","ddPCR",0,0.617616142109215,0.0308808071054608,0.602823607623575,NA,"white","MST1043",10.3204,56.6261666666667,"2021-04-06","Bonham",6,4,2021,0,0,"A)   Bonham","A",NA,NA
"MST1043",0,"Calsap","Calsap.MST1043","yellow","no Cq","ddPCR",0,0.63699006851343,0.0106165011418905,6.69409215450285,NA,"white","MST1043",10.3204,56.6261666666667,"2021-04-06","Calsap",6,4,2021,0,0,"B)   Calsap","B",NA,NA
"MST1043",0.315924324095249,"Caraur","Caraur.MST1043","white","aaLQ","ddPCR",0.315924324095249,0.0225471728962503,0.0958446595718793,3.49066555500031,0.119230914678512,"black","MST1043",10.3204,56.6261666666667,"2021-04-06","Caraur",6,4,2021,0,0.315924324095249,"C)   Caraur","C",0.119230914678512,NA
"MST1043",0,"Colper","Colper.MST1043","white","no Cq","ddPCR",0,1.0579731951097,0.0176328865851616,1.05264455080033,NA,"white","MST1043",10.3204,56.6261666666667,"2021-04-06","Colper",6,4,2021,0,0,"D)   Colper","D",NA,NA
"MST1043",0,"Corcas","Corcas.MST1043","white","no Cq","ddPCR",0,1.26214731581735,0.0420715771939118,0.360338948667049,NA,"white","MST1043",10.3204,56.6261666666667,"2021-04-06","Corcas",6,4,2021,0,0,"E)   Corcas","E",NA,NA
"MST1043",0,"Cragig","Cragig.MST1043","white","no Cq","ddPCR",0,0.819268298830287,0.0123110535560807,5.31343579292295,NA,"white","MST1043",10.3204,56.6261666666667,"2021-04-06","Cragig",6,4,2021,0,0,"F)   Cragig","F",NA,NA
"MST1043",0.354006737470627,"Erisin","Erisin.MST1043","white","aaLQ","ddPCR",0.354006737470627,0.364685853592156,0.0548009373867898,1.68553620576858,0.131620825382386,"black","MST1043",10.3204,56.6261666666667,"2021-04-06","Erisin",6,4,2021,0,0.354006737470627,"G)   Erisin","G",0.131620825382386,NA
"MST1043",0,"Hemsan","Hemsan.MST1043","white","no Cq","ddPCR",0,0.631671659618149,0.0105278609936358,0.322470888495446,NA,"white","MST1043",10.3204,56.6261666666667,"2021-04-06","Hemsan",6,4,2021,0,0,"H)   Hemsan","H",NA,NA
"MST1043",0,"Hemtak","Hemtak.MST1043","white","no Cq","ddPCR",0,0.563037107717149,0.0281518553858574,5.6800436973572,NA,"white","MST1043",10.3204,56.6261666666667,"2021-04-06","Hemtak",6,4,2021,0,0,"I)   Hemtak","I",NA,NA
"MST1043",0,"Homame","Homame.MST1043","white","no Cq","ddPCR",0,0.615627075262864,26.1693861679721,0.335798636078835,NA,"white","MST1043",10.3204,56.6261666666667,"2021-04-06","Homame",6,4,2021,0,0,"J)   Homame","J",NA,NA
"MST1043",0.363141857087612,"Karmik","Karmik.MST1043","white","aaLQ","ddPCR",0.363141857087612,0.249514042078587,0.0499028084157174,0.409050658345222,0.13454105359301,"black","MST1043",10.3204,56.6261666666667,"2021-04-06","Karmik",6,4,2021,0,0.363141857087612,"K)   Karmik","K",0.13454105359301,NA
"MST1043",0,"Mnelei","Mnelei.MST1043","white","no Cq","ddPCR",0,0.565945481842138,0.00943242469736896,1.45512744784355,NA,"white","MST1043",10.3204,56.6261666666667,"2021-04-06","Mnelei",6,4,2021,0,0,"L)   Mnelei","L",NA,NA
"MST1043",0,"Myaare","Myaare.MST1043","white","no Cq","ddPCR",0,1.00471092350427,0.0167451820584044,5.1446944475174,NA,"white","MST1043",10.3204,56.6261666666667,"2021-04-06","Myaare",6,4,2021,0,0,"M)   Myaare","M",NA,NA
"MST1043",0,"Oncmyk","Oncmyk.MST1043","white","no Cq","ddPCR",0,0.483938046437317,0.0806563410728862,1.06313988566398,NA,"white","MST1043",10.3204,56.6261666666667,"2021-04-06","Oncmyk",6,4,2021,0,0,"N)   Oncmyk","N",NA,NA
"MST1043",0.588676780462265,"Promin","Promin.MST1043","orange","aaLQ","ddPCR",0.588676780462265,0.558615680442301,0.01862052268141,0.560731440782545,0.201035548094576,"black","MST1043",10.3204,56.6261666666667,"2021-04-06","Promin",6,4,2021,0,0.588676780462265,"O)   Promin","O",0.201035548094576,NA
"MST1043",2807.45758056641,"Psefar","Psefar.MST1043","black","aaLQ","ddPCR",2807.45758056641,0.548095136203483,0.0274047568101742,7.0030003786087,3.44846786860203,"black","MST1043",10.3204,56.6261666666667,"2021-04-06","Psefar",6,4,2021,0,2807.45758056641,"P)   Psefar","P",3.44846786860203,NA
"MST1043",0,"Psever","Psever.MST1043","white","no Cq","ddPCR",0,0.697051909649079,0.0232350636549693,0.447889193892479,NA,"white","MST1043",10.3204,56.6261666666667,"2021-04-06","Psever",6,4,2021,0,0,"NA)   Psever",NA,NA,NA
"MST1054",0,"Bonham","Bonham.MST1054","white","no Cq","qPCR",0,0.617616142109215,0.0308808071054608,0.602823607623575,NA,"white","MST1054",13.3,55,"2021-05-18","Bonham",18,5,2021,0,0,"A)   Bonham","A",NA,NA
"MST1054",0,"Calsap","Calsap.MST1054","white","no Cq","qPCR",0,0.63699006851343,0.0106165011418905,6.69409215450285,NA,"white","MST1054",13.3,55,"2021-05-18","Calsap",18,5,2021,0,0,"B)   Calsap","B",NA,NA
"MST1054",0,"Caraur","Caraur.MST1054","white","no Cq","qPCR",0,0.0225471728962503,0.0958446595718793,3.49066555500031,NA,"white","MST1054",13.3,55,"2021-05-18","Caraur",18,5,2021,0,0,"C)   Caraur","C",NA,NA
"MST1054",0,"Colper","Colper.MST1054","white","no Cq","qPCR",0,1.0579731951097,0.0176328865851616,1.05264455080033,NA,"white","MST1054",13.3,55,"2021-05-18","Colper",18,5,2021,0,0,"D)   Colper","D",NA,NA
"MST1054",0,"Corcas","Corcas.MST1054","white","no Cq","qPCR",0,1.26214731581735,0.0420715771939118,0.360338948667049,NA,"white","MST1054",13.3,55,"2021-05-18","Corcas",18,5,2021,0,0,"E)   Corcas","E",NA,NA
"MST1054",0,"Cragig","Cragig.MST1054","white","no Cq","qPCR",0,0.819268298830287,0.0123110535560807,5.31343579292295,NA,"white","MST1054",13.3,55,"2021-05-18","Cragig",18,5,2021,0,0,"F)   Cragig","F",NA,NA
"MST1054",0,"Erisin","Erisin.MST1054","white","no Cq","qPCR",0,0.364685853592156,0.0548009373867898,1.68553620576858,NA,"white","MST1054",13.3,55,"2021-05-18","Erisin",18,5,2021,0,0,"G)   Erisin","G",NA,NA
"MST1054",0,"Hemsan","Hemsan.MST1054","white","no Cq","qPCR",0,0.631671659618149,0.0105278609936358,0.322470888495446,NA,"white","MST1054",13.3,55,"2021-05-18","Hemsan",18,5,2021,0,0,"H)   Hemsan","H",NA,NA
"MST1054",0,"Hemtak","Hemtak.MST1054","white","no Cq","qPCR",0,0.563037107717149,0.0281518553858574,5.6800436973572,NA,"white","MST1054",13.3,55,"2021-05-18","Hemtak",18,5,2021,0,0,"I)   Hemtak","I",NA,NA
"MST1054",0,"Homame","Homame.MST1054","white","no Cq","qPCR",0,0.615627075262864,26.1693861679721,0.335798636078835,NA,"white","MST1054",13.3,55,"2021-05-18","Homame",18,5,2021,0,0,"J)   Homame","J",NA,NA
"MST1054",0.137232723143223,"Karmik","Karmik.MST1054","yellow","bLD","qPCR",0.137232723143223,0.249514042078587,0.0499028084157174,0.409050658345222,0.0558493477437538,"yellow","MST1054",13.3,55,"2021-05-18","Karmik",18,5,2021,0.137232723143223,0,"K)   Karmik","K",NA,0.0558493477437538
"MST1054",0,"Mnelei","Mnelei.MST1054","white","no Cq","qPCR",0,0.565945481842138,0.00943242469736896,1.45512744784355,NA,"white","MST1054",13.3,55,"2021-05-18","Mnelei",18,5,2021,0,0,"L)   Mnelei","L",NA,NA
"MST1054",0,"Myaare","Myaare.MST1054","white","no Cq","qPCR",0,1.00471092350427,0.0167451820584044,5.1446944475174,NA,"white","MST1054",13.3,55,"2021-05-18","Myaare",18,5,2021,0,0,"M)   Myaare","M",NA,NA
"MST1054",0,"Oncmyk","Oncmyk.MST1054","white","no Cq","qPCR",0,0.483938046437317,0.0806563410728862,1.06313988566398,NA,"white","MST1054",13.3,55,"2021-05-18","Oncmyk",18,5,2021,0,0,"N)   Oncmyk","N",NA,NA
"MST1054",0,"Promin","Promin.MST1054","white","no Cq","qPCR",0,0.558615680442301,0.01862052268141,0.560731440782545,NA,"white","MST1054",13.3,55,"2021-05-18","Promin",18,5,2021,0,0,"O)   Promin","O",NA,NA
"MST1054",0.0926463478562622,"Psefar","Psefar.MST1054","orange","aLDbLQ","qPCR",0.0926463478562622,0.548095136203483,0.0274047568101742,7.0030003786087,0.0384796184660513,"orange","MST1054",13.3,55,"2021-05-18","Psefar",18,5,2021,0.0926463478562622,0,"P)   Psefar","P",NA,0.0384796184660513
"MST1054",0,"Psever","Psever.MST1054","white","no Cq","qPCR",0,0.697051909649079,0.0232350636549693,0.447889193892479,NA,"white","MST1054",13.3,55,"2021-05-18","Psever",18,5,2021,0,0,"NA)   Psever",NA,NA,NA
"MST1054",0,"Bonham","Bonham.MST1054","white","no Cq","ddPCR",0,0.617616142109215,0.0308808071054608,0.602823607623575,NA,"white","MST1054",13.3,55,"2021-05-18","Bonham",18,5,2021,0,0,"A)   Bonham","A",NA,NA
"MST1054",0,"Calsap","Calsap.MST1054","white","no Cq","ddPCR",0,0.63699006851343,0.0106165011418905,6.69409215450285,NA,"white","MST1054",13.3,55,"2021-05-18","Calsap",18,5,2021,0,0,"B)   Calsap","B",NA,NA
"MST1054",0,"Caraur","Caraur.MST1054","white","no Cq","ddPCR",0,0.0225471728962503,0.0958446595718793,3.49066555500031,NA,"white","MST1054",13.3,55,"2021-05-18","Caraur",18,5,2021,0,0,"C)   Caraur","C",NA,NA
"MST1054",0,"Colper","Colper.MST1054","white","no Cq","ddPCR",0,1.0579731951097,0.0176328865851616,1.05264455080033,NA,"white","MST1054",13.3,55,"2021-05-18","Colper",18,5,2021,0,0,"D)   Colper","D",NA,NA
"MST1054",0,"Corcas","Corcas.MST1054","white","no Cq","ddPCR",0,1.26214731581735,0.0420715771939118,0.360338948667049,NA,"white","MST1054",13.3,55,"2021-05-18","Corcas",18,5,2021,0,0,"E)   Corcas","E",NA,NA
"MST1054",0,"Cragig","Cragig.MST1054","white","no Cq","ddPCR",0,0.819268298830287,0.0123110535560807,5.31343579292295,NA,"white","MST1054",13.3,55,"2021-05-18","Cragig",18,5,2021,0,0,"F)   Cragig","F",NA,NA
"MST1054",0,"Erisin","Erisin.MST1054","white","no Cq","ddPCR",0,0.364685853592156,0.0548009373867898,1.68553620576858,NA,"white","MST1054",13.3,55,"2021-05-18","Erisin",18,5,2021,0,0,"G)   Erisin","G",NA,NA
"MST1054",0,"Hemsan","Hemsan.MST1054","white","no Cq","ddPCR",0,0.631671659618149,0.0105278609936358,0.322470888495446,NA,"white","MST1054",13.3,55,"2021-05-18","Hemsan",18,5,2021,0,0,"H)   Hemsan","H",NA,NA
"MST1054",0,"Hemtak","Hemtak.MST1054","white","no Cq","ddPCR",0,0.563037107717149,0.0281518553858574,5.6800436973572,NA,"white","MST1054",13.3,55,"2021-05-18","Hemtak",18,5,2021,0,0,"I)   Hemtak","I",NA,NA
"MST1054",0,"Homame","Homame.MST1054","white","no Cq","ddPCR",0,0.615627075262864,26.1693861679721,0.335798636078835,NA,"white","MST1054",13.3,55,"2021-05-18","Homame",18,5,2021,0,0,"J)   Homame","J",NA,NA
"MST1054",0,"Karmik","Karmik.MST1054","yellow","no Cq","ddPCR",0,0.249514042078587,0.0499028084157174,0.409050658345222,NA,"white","MST1054",13.3,55,"2021-05-18","Karmik",18,5,2021,0,0,"K)   Karmik","K",NA,NA
"MST1054",0.32581090927124,"Mnelei","Mnelei.MST1054","white","aaLQ","ddPCR",0.32581090927124,0.565945481842138,0.00943242469736896,1.45512744784355,0.122481588234693,"black","MST1054",13.3,55,"2021-05-18","Mnelei",18,5,2021,0,0.32581090927124,"L)   Mnelei","L",0.122481588234693,NA
"MST1054",0,"Myaare","Myaare.MST1054","white","no Cq","ddPCR",0,1.00471092350427,0.0167451820584044,5.1446944475174,NA,"white","MST1054",13.3,55,"2021-05-18","Myaare",18,5,2021,0,0,"M)   Myaare","M",NA,NA
"MST1054",0,"Oncmyk","Oncmyk.MST1054","white","no Cq","ddPCR",0,0.483938046437317,0.0806563410728862,1.06313988566398,NA,"white","MST1054",13.3,55,"2021-05-18","Oncmyk",18,5,2021,0,0,"N)   Oncmyk","N",NA,NA
"MST1054",0.466021224856377,"Promin","Promin.MST1054","white","aaLQ","ddPCR",0.466021224856377,0.558615680442301,0.01862052268141,0.560731440782545,0.166140258007207,"black","MST1054",13.3,55,"2021-05-18","Promin",18,5,2021,0,0.466021224856377,"O)   Promin","O",0.166140258007207,NA
"MST1054",0,"Psefar","Psefar.MST1054","orange","no Cq","ddPCR",0,0.548095136203483,0.0274047568101742,7.0030003786087,NA,"white","MST1054",13.3,55,"2021-05-18","Psefar",18,5,2021,0,0,"P)   Psefar","P",NA,NA
"MST1054",0,"Psever","Psever.MST1054","white","no Cq","ddPCR",0,0.697051909649079,0.0232350636549693,0.447889193892479,NA,"white","MST1054",13.3,55,"2021-05-18","Psever",18,5,2021,0,0,"NA)   Psever",NA,NA,NA
"MST2021-002",0,"Bonham","Bonham.MST2021-002","white","no Cq","qPCR",0,0.617616142109215,0.0308808071054608,0.602823607623575,NA,"white","MST2021002",11.6357944444444,55.15755,"2021-07-07","Bonham",7,7,2021,0,0,"A)   Bonham","A",NA,NA
"MST2021-002",0,"Calsap","Calsap.MST2021-002","white","no Cq","qPCR",0,0.63699006851343,0.0106165011418905,6.69409215450285,NA,"white","MST2021002",11.6357944444444,55.15755,"2021-07-07","Calsap",7,7,2021,0,0,"B)   Calsap","B",NA,NA
"MST2021-002",0,"Caraur","Caraur.MST2021-002","white","no Cq","qPCR",0,0.0225471728962503,0.0958446595718793,3.49066555500031,NA,"white","MST2021002",11.6357944444444,55.15755,"2021-07-07","Caraur",7,7,2021,0,0,"C)   Caraur","C",NA,NA
"MST2021-002",0,"Colper","Colper.MST2021-002","white","no Cq","qPCR",0,1.0579731951097,0.0176328865851616,1.05264455080033,NA,"white","MST2021002",11.6357944444444,55.15755,"2021-07-07","Colper",7,7,2021,0,0,"D)   Colper","D",NA,NA
"MST2021-002",0,"Corcas","Corcas.MST2021-002","white","no Cq","qPCR",0,1.26214731581735,0.0420715771939118,0.360338948667049,NA,"white","MST2021002",11.6357944444444,55.15755,"2021-07-07","Corcas",7,7,2021,0,0,"E)   Corcas","E",NA,NA
"MST2021-002",0,"Cragig","Cragig.MST2021-002","white","no Cq","qPCR",0,0.819268298830287,0.0123110535560807,5.31343579292295,NA,"white","MST2021002",11.6357944444444,55.15755,"2021-07-07","Cragig",7,7,2021,0,0,"F)   Cragig","F",NA,NA
"MST2021-002",0,"Erisin","Erisin.MST2021-002","white","no Cq","qPCR",0,0.364685853592156,0.0548009373867898,1.68553620576858,NA,"white","MST2021002",11.6357944444444,55.15755,"2021-07-07","Erisin",7,7,2021,0,0,"G)   Erisin","G",NA,NA
"MST2021-002",0,"Hemsan","Hemsan.MST2021-002","white","no Cq","qPCR",0,0.631671659618149,0.0105278609936358,0.322470888495446,NA,"white","MST2021002",11.6357944444444,55.15755,"2021-07-07","Hemsan",7,7,2021,0,0,"H)   Hemsan","H",NA,NA
"MST2021-002",0,"Hemtak","Hemtak.MST2021-002","white","no Cq","qPCR",0,0.563037107717149,0.0281518553858574,5.6800436973572,NA,"white","MST2021002",11.6357944444444,55.15755,"2021-07-07","Hemtak",7,7,2021,0,0,"I)   Hemtak","I",NA,NA
"MST2021-002",0,"Homame","Homame.MST2021-002","white","no Cq","qPCR",0,0.615627075262864,26.1693861679721,0.335798636078835,NA,"white","MST2021002",11.6357944444444,55.15755,"2021-07-07","Homame",7,7,2021,0,0,"J)   Homame","J",NA,NA
"MST2021-002",0,"Karmik","Karmik.MST2021-002","white","no Cq","qPCR",0,0.249514042078587,0.0499028084157174,0.409050658345222,NA,"white","MST2021002",11.6357944444444,55.15755,"2021-07-07","Karmik",7,7,2021,0,0,"K)   Karmik","K",NA,NA
"MST2021-002",50.8030394200292,"Mnelei","Mnelei.MST2021-002","black","aaLQ","qPCR",50.8030394200292,0.565945481842138,0.00943242469736896,1.45512744784355,1.71435524168774,"black","MST2021002",11.6357944444444,55.15755,"2021-07-07","Mnelei",7,7,2021,50.8030394200292,0,"L)   Mnelei","L",NA,1.71435524168774
"MST2021-002",0.652102043173091,"Myaare","Myaare.MST2021-002","red","1aLQ","qPCR",0.652102043173091,1.00471092350427,0.0167451820584044,5.1446944475174,0.218036868298125,"red","MST2021002",11.6357944444444,55.15755,"2021-07-07","Myaare",7,7,2021,0.652102043173091,0,"M)   Myaare","M",NA,0.218036868298125
"MST2021-002",0,"Oncmyk","Oncmyk.MST2021-002","white","no Cq","qPCR",0,0.483938046437317,0.0806563410728862,1.06313988566398,NA,"white","MST2021002",11.6357944444444,55.15755,"2021-07-07","Oncmyk",7,7,2021,0,0,"N)   Oncmyk","N",NA,NA
"MST2021-002",1.9377757270454,"Promin","Promin.MST2021-002","black","aaLQ","qPCR",1.9377757270454,0.558615680442301,0.01862052268141,0.560731440782545,0.468018638212455,"black","MST2021002",11.6357944444444,55.15755,"2021-07-07","Promin",7,7,2021,1.9377757270454,0,"O)   Promin","O",NA,0.468018638212455
"MST2021-002",3.70938608290602,"Psefar","Psefar.MST2021-002","black","aaLQ","qPCR",3.70938608290602,0.548095136203483,0.0274047568101742,7.0030003786087,0.672964296049513,"black","MST2021002",11.6357944444444,55.15755,"2021-07-07","Psefar",7,7,2021,3.70938608290602,0,"P)   Psefar","P",NA,0.672964296049513
"MST2021-002",0,"Psever","Psever.MST2021-002","white","no Cq","qPCR",0,0.697051909649079,0.0232350636549693,0.447889193892479,NA,"white","MST2021002",11.6357944444444,55.15755,"2021-07-07","Psever",7,7,2021,0,0,"NA)   Psever",NA,NA,NA
"MST2021-002",0,"Bonham","Bonham.MST2021-002","white","no Cq","ddPCR",0,0.617616142109215,0.0308808071054608,0.602823607623575,NA,"white","MST2021002",11.6357944444444,55.15755,"2021-07-07","Bonham",7,7,2021,0,0,"A)   Bonham","A",NA,NA
"MST2021-002",0,"Calsap","Calsap.MST2021-002","white","no Cq","ddPCR",0,0.63699006851343,0.0106165011418905,6.69409215450285,NA,"white","MST2021002",11.6357944444444,55.15755,"2021-07-07","Calsap",7,7,2021,0,0,"B)   Calsap","B",NA,NA
"MST2021-002",0,"Caraur","Caraur.MST2021-002","white","no Cq","ddPCR",0,0.0225471728962503,0.0958446595718793,3.49066555500031,NA,"white","MST2021002",11.6357944444444,55.15755,"2021-07-07","Caraur",7,7,2021,0,0,"C)   Caraur","C",NA,NA
"MST2021-002",0,"Colper","Colper.MST2021-002","white","no Cq","ddPCR",0,1.0579731951097,0.0176328865851616,1.05264455080033,NA,"white","MST2021002",11.6357944444444,55.15755,"2021-07-07","Colper",7,7,2021,0,0,"D)   Colper","D",NA,NA
"MST2021-002",0,"Corcas","Corcas.MST2021-002","white","no Cq","ddPCR",0,1.26214731581735,0.0420715771939118,0.360338948667049,NA,"white","MST2021002",11.6357944444444,55.15755,"2021-07-07","Corcas",7,7,2021,0,0,"E)   Corcas","E",NA,NA
"MST2021-002",0,"Cragig","Cragig.MST2021-002","white","no Cq","ddPCR",0,0.819268298830287,0.0123110535560807,5.31343579292295,NA,"white","MST2021002",11.6357944444444,55.15755,"2021-07-07","Cragig",7,7,2021,0,0,"F)   Cragig","F",NA,NA
"MST2021-002",0.364311337471009,"Erisin","Erisin.MST2021-002","white","aaLQ","ddPCR",0.364311337471009,0.364685853592156,0.0548009373867898,1.68553620576858,0.134913488147959,"black","MST2021002",11.6357944444444,55.15755,"2021-07-07","Erisin",7,7,2021,0,0.364311337471009,"G)   Erisin","G",0.134913488147959,NA
"MST2021-002",0,"Hemsan","Hemsan.MST2021-002","white","no Cq","ddPCR",0,0.631671659618149,0.0105278609936358,0.322470888495446,NA,"white","MST2021002",11.6357944444444,55.15755,"2021-07-07","Hemsan",7,7,2021,0,0,"H)   Hemsan","H",NA,NA
"MST2021-002",0,"Hemtak","Hemtak.MST2021-002","white","no Cq","ddPCR",0,0.563037107717149,0.0281518553858574,5.6800436973572,NA,"white","MST2021002",11.6357944444444,55.15755,"2021-07-07","Hemtak",7,7,2021,0,0,"I)   Hemtak","I",NA,NA
"MST2021-002",0,"Homame","Homame.MST2021-002","white","no Cq","ddPCR",0,0.615627075262864,26.1693861679721,0.335798636078835,NA,"white","MST2021002",11.6357944444444,55.15755,"2021-07-07","Homame",7,7,2021,0,0,"J)   Homame","J",NA,NA
"MST2021-002",0.357578955590725,"Karmik","Karmik.MST2021-002","white","aaLQ","ddPCR",0.357578955590725,0.249514042078587,0.0499028084157174,0.409050658345222,0.132765097178167,"black","MST2021002",11.6357944444444,55.15755,"2021-07-07","Karmik",7,7,2021,0,0.357578955590725,"K)   Karmik","K",0.132765097178167,NA
"MST2021-002",56.7499113082885,"Mnelei","Mnelei.MST2021-002","black","aaLQ","ddPCR",56.7499113082885,0.565945481842138,0.00943242469736896,1.45512744784355,1.76155132157976,"black","MST2021002",11.6357944444444,55.15755,"2021-07-07","Mnelei",7,7,2021,0,56.7499113082885,"L)   Mnelei","L",1.76155132157976,NA
"MST2021-002",0.72675473988056,"Myaare","Myaare.MST2021-002","red","aaLQ","ddPCR",0.72675473988056,1.00471092350427,0.0167451820584044,5.1446944475174,0.237230656802781,"black","MST2021002",11.6357944444444,55.15755,"2021-07-07","Myaare",7,7,2021,0,0.72675473988056,"M)   Myaare","M",0.237230656802781,NA
"MST2021-002",0,"Oncmyk","Oncmyk.MST2021-002","white","no Cq","ddPCR",0,0.483938046437317,0.0806563410728862,1.06313988566398,NA,"white","MST2021002",11.6357944444444,55.15755,"2021-07-07","Oncmyk",7,7,2021,0,0,"N)   Oncmyk","N",NA,NA
"MST2021-002",9.12700414657595,"Promin","Promin.MST2021-002","black","aaLQ","ddPCR",9.12700414657595,0.558615680442301,0.01862052268141,0.560731440782545,1.00548098780449,"black","MST2021002",11.6357944444444,55.15755,"2021-07-07","Promin",7,7,2021,0,9.12700414657595,"O)   Promin","O",1.00548098780449,NA
"MST2021-002",15.270084142685,"Psefar","Psefar.MST2021-002","black","aaLQ","ddPCR",15.270084142685,0.548095136203483,0.0274047568101742,7.0030003786087,1.21138979894849,"black","MST2021002",11.6357944444444,55.15755,"2021-07-07","Psefar",7,7,2021,0,15.270084142685,"P)   Psefar","P",1.21138979894849,NA
"MST2021-002",0,"Psever","Psever.MST2021-002","white","no Cq","ddPCR",0,0.697051909649079,0.0232350636549693,0.447889193892479,NA,"white","MST2021002",11.6357944444444,55.15755,"2021-07-07","Psever",7,7,2021,0,0,"NA)   Psever",NA,NA,NA
"MST2021-005",0,"Bonham","Bonham.MST2021-005","white","no Cq","qPCR",0,0.617616142109215,0.0308808071054608,0.602823607623575,NA,"white","MST2021005",12.04,55.713,"2021-06-01","Bonham",1,6,2021,0,0,"A)   Bonham","A",NA,NA
"MST2021-005",0,"Calsap","Calsap.MST2021-005","white","no Cq","qPCR",0,0.63699006851343,0.0106165011418905,6.69409215450285,NA,"white","MST2021005",12.04,55.713,"2021-06-01","Calsap",1,6,2021,0,0,"B)   Calsap","B",NA,NA
"MST2021-005",0,"Caraur","Caraur.MST2021-005","white","no Cq","qPCR",0,0.0225471728962503,0.0958446595718793,3.49066555500031,NA,"white","MST2021005",12.04,55.713,"2021-06-01","Caraur",1,6,2021,0,0,"C)   Caraur","C",NA,NA
"MST2021-005",0,"Colper","Colper.MST2021-005","white","no Cq","qPCR",0,1.0579731951097,0.0176328865851616,1.05264455080033,NA,"white","MST2021005",12.04,55.713,"2021-06-01","Colper",1,6,2021,0,0,"D)   Colper","D",NA,NA
"MST2021-005",0,"Corcas","Corcas.MST2021-005","white","no Cq","qPCR",0,1.26214731581735,0.0420715771939118,0.360338948667049,NA,"white","MST2021005",12.04,55.713,"2021-06-01","Corcas",1,6,2021,0,0,"E)   Corcas","E",NA,NA
"MST2021-005",0,"Cragig","Cragig.MST2021-005","white","no Cq","qPCR",0,0.819268298830287,0.0123110535560807,5.31343579292295,NA,"white","MST2021005",12.04,55.713,"2021-06-01","Cragig",1,6,2021,0,0,"F)   Cragig","F",NA,NA
"MST2021-005",0,"Erisin","Erisin.MST2021-005","white","no Cq","qPCR",0,0.364685853592156,0.0548009373867898,1.68553620576858,NA,"white","MST2021005",12.04,55.713,"2021-06-01","Erisin",1,6,2021,0,0,"G)   Erisin","G",NA,NA
"MST2021-005",0,"Hemsan","Hemsan.MST2021-005","white","no Cq","qPCR",0,0.631671659618149,0.0105278609936358,0.322470888495446,NA,"white","MST2021005",12.04,55.713,"2021-06-01","Hemsan",1,6,2021,0,0,"H)   Hemsan","H",NA,NA
"MST2021-005",0,"Hemtak","Hemtak.MST2021-005","white","no Cq","qPCR",0,0.563037107717149,0.0281518553858574,5.6800436973572,NA,"white","MST2021005",12.04,55.713,"2021-06-01","Hemtak",1,6,2021,0,0,"I)   Hemtak","I",NA,NA
"MST2021-005",0,"Homame","Homame.MST2021-005","white","no Cq","qPCR",0,0.615627075262864,26.1693861679721,0.335798636078835,NA,"white","MST2021005",12.04,55.713,"2021-06-01","Homame",1,6,2021,0,0,"J)   Homame","J",NA,NA
"MST2021-005",0,"Karmik","Karmik.MST2021-005","white","no Cq","qPCR",0,0.249514042078587,0.0499028084157174,0.409050658345222,NA,"white","MST2021005",12.04,55.713,"2021-06-01","Karmik",1,6,2021,0,0,"K)   Karmik","K",NA,NA
"MST2021-005",0,"Mnelei","Mnelei.MST2021-005","white","no Cq","qPCR",0,0.565945481842138,0.00943242469736896,1.45512744784355,NA,"white","MST2021005",12.04,55.713,"2021-06-01","Mnelei",1,6,2021,0,0,"L)   Mnelei","L",NA,NA
"MST2021-005",6.09189723284753,"Myaare","Myaare.MST2021-005","black","aaLQ","qPCR",6.09189723284753,1.00471092350427,0.0167451820584044,5.1446944475174,0.850762433706854,"black","MST2021005",12.04,55.713,"2021-06-01","Myaare",1,6,2021,6.09189723284753,0,"M)   Myaare","M",NA,0.850762433706854
"MST2021-005",0,"Oncmyk","Oncmyk.MST2021-005","white","no Cq","qPCR",0,0.483938046437317,0.0806563410728862,1.06313988566398,NA,"white","MST2021005",12.04,55.713,"2021-06-01","Oncmyk",1,6,2021,0,0,"N)   Oncmyk","N",NA,NA
"MST2021-005",0,"Promin","Promin.MST2021-005","white","no Cq","qPCR",0,0.558615680442301,0.01862052268141,0.560731440782545,NA,"white","MST2021005",12.04,55.713,"2021-06-01","Promin",1,6,2021,0,0,"O)   Promin","O",NA,NA
"MST2021-005",0,"Psefar","Psefar.MST2021-005","white","no Cq","qPCR",0,0.548095136203483,0.0274047568101742,7.0030003786087,NA,"white","MST2021005",12.04,55.713,"2021-06-01","Psefar",1,6,2021,0,0,"P)   Psefar","P",NA,NA
"MST2021-005",0,"Psever","Psever.MST2021-005","yellow","bLD","qPCR",0,0.697051909649079,0.0232350636549693,0.447889193892479,NA,"yellow","MST2021005",12.04,55.713,"2021-06-01","Psever",1,6,2021,0,0,"NA)   Psever",NA,NA,NA
"MST2021-005",0,"Bonham","Bonham.MST2021-005","white","no Cq","ddPCR",0,0.617616142109215,0.0308808071054608,0.602823607623575,NA,"white","MST2021005",12.04,55.713,"2021-06-01","Bonham",1,6,2021,0,0,"A)   Bonham","A",NA,NA
"MST2021-005",0,"Calsap","Calsap.MST2021-005","white","no Cq","ddPCR",0,0.63699006851343,0.0106165011418905,6.69409215450285,NA,"white","MST2021005",12.04,55.713,"2021-06-01","Calsap",1,6,2021,0,0,"B)   Calsap","B",NA,NA
"MST2021-005",0,"Caraur","Caraur.MST2021-005","white","no Cq","ddPCR",0,0.0225471728962503,0.0958446595718793,3.49066555500031,NA,"white","MST2021005",12.04,55.713,"2021-06-01","Caraur",1,6,2021,0,0,"C)   Caraur","C",NA,NA
"MST2021-005",0.398600921034813,"Colper","Colper.MST2021-005","white","aaLQ","ddPCR",0.398600921034813,1.0579731951097,0.0176328865851616,1.05264455080033,0.145693809904653,"black","MST2021005",12.04,55.713,"2021-06-01","Colper",1,6,2021,0,0.398600921034813,"D)   Colper","D",0.145693809904653,NA
"MST2021-005",0,"Corcas","Corcas.MST2021-005","white","no Cq","ddPCR",0,1.26214731581735,0.0420715771939118,0.360338948667049,NA,"white","MST2021005",12.04,55.713,"2021-06-01","Corcas",1,6,2021,0,0,"E)   Corcas","E",NA,NA
"MST2021-005",0,"Cragig","Cragig.MST2021-005","white","no Cq","ddPCR",0,0.819268298830287,0.0123110535560807,5.31343579292295,NA,"white","MST2021005",12.04,55.713,"2021-06-01","Cragig",1,6,2021,0,0,"F)   Cragig","F",NA,NA
"MST2021-005",0,"Erisin","Erisin.MST2021-005","white","no Cq","ddPCR",0,0.364685853592156,0.0548009373867898,1.68553620576858,NA,"white","MST2021005",12.04,55.713,"2021-06-01","Erisin",1,6,2021,0,0,"G)   Erisin","G",NA,NA
"MST2021-005",0,"Hemsan","Hemsan.MST2021-005","white","no Cq","ddPCR",0,0.631671659618149,0.0105278609936358,0.322470888495446,NA,"white","MST2021005",12.04,55.713,"2021-06-01","Hemsan",1,6,2021,0,0,"H)   Hemsan","H",NA,NA
"MST2021-005",0,"Hemtak","Hemtak.MST2021-005","white","no Cq","ddPCR",0,0.563037107717149,0.0281518553858574,5.6800436973572,NA,"white","MST2021005",12.04,55.713,"2021-06-01","Hemtak",1,6,2021,0,0,"I)   Hemtak","I",NA,NA
"MST2021-005",0,"Homame","Homame.MST2021-005","white","no Cq","ddPCR",0,0.615627075262864,26.1693861679721,0.335798636078835,NA,"white","MST2021005",12.04,55.713,"2021-06-01","Homame",1,6,2021,0,0,"J)   Homame","J",NA,NA
"MST2021-005",0,"Karmik","Karmik.MST2021-005","white","no Cq","ddPCR",0,0.249514042078587,0.0499028084157174,0.409050658345222,NA,"white","MST2021005",12.04,55.713,"2021-06-01","Karmik",1,6,2021,0,0,"K)   Karmik","K",NA,NA
"MST2021-005",0,"Mnelei","Mnelei.MST2021-005","white","no Cq","ddPCR",0,0.565945481842138,0.00943242469736896,1.45512744784355,NA,"white","MST2021005",12.04,55.713,"2021-06-01","Mnelei",1,6,2021,0,0,"L)   Mnelei","L",NA,NA
"MST2021-005",12.4270725250244,"Myaare","Myaare.MST2021-005","black","aaLQ","ddPCR",12.4270725250244,1.00471092350427,0.0167451820584044,5.1446944475174,1.12798133472259,"black","MST2021005",12.04,55.713,"2021-06-01","Myaare",1,6,2021,0,12.4270725250244,"M)   Myaare","M",1.12798133472259,NA
"MST2021-005",0,"Oncmyk","Oncmyk.MST2021-005","white","no Cq","ddPCR",0,0.483938046437317,0.0806563410728862,1.06313988566398,NA,"white","MST2021005",12.04,55.713,"2021-06-01","Oncmyk",1,6,2021,0,0,"N)   Oncmyk","N",NA,NA
"MST2021-005",0,"Promin","Promin.MST2021-005","white","no Cq","ddPCR",0,0.558615680442301,0.01862052268141,0.560731440782545,NA,"white","MST2021005",12.04,55.713,"2021-06-01","Promin",1,6,2021,0,0,"O)   Promin","O",NA,NA
"MST2021-005",0,"Psefar","Psefar.MST2021-005","white","no Cq","ddPCR",0,0.548095136203483,0.0274047568101742,7.0030003786087,NA,"white","MST2021005",12.04,55.713,"2021-06-01","Psefar",1,6,2021,0,0,"P)   Psefar","P",NA,NA
"MST2021-005",0,"Psever","Psever.MST2021-005","yellow","no Cq","ddPCR",0,0.697051909649079,0.0232350636549693,0.447889193892479,NA,"white","MST2021005",12.04,55.713,"2021-06-01","Psever",1,6,2021,0,0,"NA)   Psever",NA,NA,NA
"MST2021-006",0,"Bonham","Bonham.MST2021-006","white","no Cq","qPCR",0,0.617616142109215,0.0308808071054608,0.602823607623575,NA,"white","MST2021006",12.0851805555556,54.7410833333333,"2021-08-24","Bonham",24,8,2021,0,0,"A)   Bonham","A",NA,NA
"MST2021-006",0,"Calsap","Calsap.MST2021-006","white","no Cq","qPCR",0,0.63699006851343,0.0106165011418905,6.69409215450285,NA,"white","MST2021006",12.0851805555556,54.7410833333333,"2021-08-24","Calsap",24,8,2021,0,0,"B)   Calsap","B",NA,NA
"MST2021-006",0,"Caraur","Caraur.MST2021-006","white","no Cq","qPCR",0,0.0225471728962503,0.0958446595718793,3.49066555500031,NA,"white","MST2021006",12.0851805555556,54.7410833333333,"2021-08-24","Caraur",24,8,2021,0,0,"C)   Caraur","C",NA,NA
"MST2021-006",0,"Colper","Colper.MST2021-006","white","no Cq","qPCR",0,1.0579731951097,0.0176328865851616,1.05264455080033,NA,"white","MST2021006",12.0851805555556,54.7410833333333,"2021-08-24","Colper",24,8,2021,0,0,"D)   Colper","D",NA,NA
"MST2021-006",0,"Corcas","Corcas.MST2021-006","white","no Cq","qPCR",0,1.26214731581735,0.0420715771939118,0.360338948667049,NA,"white","MST2021006",12.0851805555556,54.7410833333333,"2021-08-24","Corcas",24,8,2021,0,0,"E)   Corcas","E",NA,NA
"MST2021-006",0,"Cragig","Cragig.MST2021-006","white","no Cq","qPCR",0,0.819268298830287,0.0123110535560807,5.31343579292295,NA,"white","MST2021006",12.0851805555556,54.7410833333333,"2021-08-24","Cragig",24,8,2021,0,0,"F)   Cragig","F",NA,NA
"MST2021-006",0,"Erisin","Erisin.MST2021-006","white","no Cq","qPCR",0,0.364685853592156,0.0548009373867898,1.68553620576858,NA,"white","MST2021006",12.0851805555556,54.7410833333333,"2021-08-24","Erisin",24,8,2021,0,0,"G)   Erisin","G",NA,NA
"MST2021-006",0,"Hemsan","Hemsan.MST2021-006","white","no Cq","qPCR",0,0.631671659618149,0.0105278609936358,0.322470888495446,NA,"white","MST2021006",12.0851805555556,54.7410833333333,"2021-08-24","Hemsan",24,8,2021,0,0,"H)   Hemsan","H",NA,NA
"MST2021-006",0,"Hemtak","Hemtak.MST2021-006","white","no Cq","qPCR",0,0.563037107717149,0.0281518553858574,5.6800436973572,NA,"white","MST2021006",12.0851805555556,54.7410833333333,"2021-08-24","Hemtak",24,8,2021,0,0,"I)   Hemtak","I",NA,NA
"MST2021-006",0,"Homame","Homame.MST2021-006","white","no Cq","qPCR",0,0.615627075262864,26.1693861679721,0.335798636078835,NA,"white","MST2021006",12.0851805555556,54.7410833333333,"2021-08-24","Homame",24,8,2021,0,0,"J)   Homame","J",NA,NA
"MST2021-006",0,"Karmik","Karmik.MST2021-006","white","no Cq","qPCR",0,0.249514042078587,0.0499028084157174,0.409050658345222,NA,"white","MST2021006",12.0851805555556,54.7410833333333,"2021-08-24","Karmik",24,8,2021,0,0,"K)   Karmik","K",NA,NA
"MST2021-006",229.251938127987,"Mnelei","Mnelei.MST2021-006","black","aaLQ","qPCR",229.251938127987,0.565945481842138,0.00943242469736896,1.45512744784355,2.36220329452468,"black","MST2021006",12.0851805555556,54.7410833333333,"2021-08-24","Mnelei",24,8,2021,229.251938127987,0,"L)   Mnelei","L",NA,2.36220329452468
"MST2021-006",0.257652534605316,"Myaare","Myaare.MST2021-006","yellow","bLD","qPCR",0.257652534605316,1.00471092350427,0.0167451820584044,5.1446944475174,0.0995606704038786,"yellow","MST2021006",12.0851805555556,54.7410833333333,"2021-08-24","Myaare",24,8,2021,0.257652534605316,0,"M)   Myaare","M",NA,0.0995606704038786
"MST2021-006",0,"Oncmyk","Oncmyk.MST2021-006","white","no Cq","qPCR",0,0.483938046437317,0.0806563410728862,1.06313988566398,NA,"white","MST2021006",12.0851805555556,54.7410833333333,"2021-08-24","Oncmyk",24,8,2021,0,0,"N)   Oncmyk","N",NA,NA
"MST2021-006",7.21110775042072,"Promin","Promin.MST2021-006","black","aaLQ","qPCR",7.21110775042072,0.558615680442301,0.01862052268141,0.560731440782545,0.914401751204942,"black","MST2021006",12.0851805555556,54.7410833333333,"2021-08-24","Promin",24,8,2021,7.21110775042072,0,"O)   Promin","O",NA,0.914401751204942
"MST2021-006",0.900094012565276,"Psefar","Psefar.MST2021-006","black","aaLQ","qPCR",0.900094012565276,0.548095136203483,0.0274047568101742,7.0030003786087,0.278775089441378,"black","MST2021006",12.0851805555556,54.7410833333333,"2021-08-24","Psefar",24,8,2021,0.900094012565276,0,"P)   Psefar","P",NA,0.278775089441378
"MST2021-006",0,"Psever","Psever.MST2021-006","white","no Cq","qPCR",0,0.697051909649079,0.0232350636549693,0.447889193892479,NA,"white","MST2021006",12.0851805555556,54.7410833333333,"2021-08-24","Psever",24,8,2021,0,0,"NA)   Psever",NA,NA,NA
"MST2021-006",0,"Bonham","Bonham.MST2021-006","white","no Cq","ddPCR",0,0.617616142109215,0.0308808071054608,0.602823607623575,NA,"white","MST2021006",12.0851805555556,54.7410833333333,"2021-08-24","Bonham",24,8,2021,0,0,"A)   Bonham","A",NA,NA
"MST2021-006",0,"Calsap","Calsap.MST2021-006","white","no Cq","ddPCR",0,0.63699006851343,0.0106165011418905,6.69409215450285,NA,"white","MST2021006",12.0851805555556,54.7410833333333,"2021-08-24","Calsap",24,8,2021,0,0,"B)   Calsap","B",NA,NA
"MST2021-006",0,"Caraur","Caraur.MST2021-006","white","no Cq","ddPCR",0,0.0225471728962503,0.0958446595718793,3.49066555500031,NA,"white","MST2021006",12.0851805555556,54.7410833333333,"2021-08-24","Caraur",24,8,2021,0,0,"C)   Caraur","C",NA,NA
"MST2021-006",0,"Colper","Colper.MST2021-006","white","no Cq","ddPCR",0,1.0579731951097,0.0176328865851616,1.05264455080033,NA,"white","MST2021006",12.0851805555556,54.7410833333333,"2021-08-24","Colper",24,8,2021,0,0,"D)   Colper","D",NA,NA
"MST2021-006",0,"Corcas","Corcas.MST2021-006","white","no Cq","ddPCR",0,1.26214731581735,0.0420715771939118,0.360338948667049,NA,"white","MST2021006",12.0851805555556,54.7410833333333,"2021-08-24","Corcas",24,8,2021,0,0,"E)   Corcas","E",NA,NA
"MST2021-006",0,"Cragig","Cragig.MST2021-006","white","no Cq","ddPCR",0,0.819268298830287,0.0123110535560807,5.31343579292295,NA,"white","MST2021006",12.0851805555556,54.7410833333333,"2021-08-24","Cragig",24,8,2021,0,0,"F)   Cragig","F",NA,NA
"MST2021-006",0,"Erisin","Erisin.MST2021-006","white","no Cq","ddPCR",0,0.364685853592156,0.0548009373867898,1.68553620576858,NA,"white","MST2021006",12.0851805555556,54.7410833333333,"2021-08-24","Erisin",24,8,2021,0,0,"G)   Erisin","G",NA,NA
"MST2021-006",0,"Hemsan","Hemsan.MST2021-006","white","no Cq","ddPCR",0,0.631671659618149,0.0105278609936358,0.322470888495446,NA,"white","MST2021006",12.0851805555556,54.7410833333333,"2021-08-24","Hemsan",24,8,2021,0,0,"H)   Hemsan","H",NA,NA
"MST2021-006",0,"Hemtak","Hemtak.MST2021-006","white","no Cq","ddPCR",0,0.563037107717149,0.0281518553858574,5.6800436973572,NA,"white","MST2021006",12.0851805555556,54.7410833333333,"2021-08-24","Hemtak",24,8,2021,0,0,"I)   Hemtak","I",NA,NA
"MST2021-006",0,"Homame","Homame.MST2021-006","white","no Cq","ddPCR",0,0.615627075262864,26.1693861679721,0.335798636078835,NA,"white","MST2021006",12.0851805555556,54.7410833333333,"2021-08-24","Homame",24,8,2021,0,0,"J)   Homame","J",NA,NA
"MST2021-006",0,"Karmik","Karmik.MST2021-006","white","no Cq","ddPCR",0,0.249514042078587,0.0499028084157174,0.409050658345222,NA,"white","MST2021006",12.0851805555556,54.7410833333333,"2021-08-24","Karmik",24,8,2021,0,0,"K)   Karmik","K",NA,NA
"MST2021-006",227.554588317871,"Mnelei","Mnelei.MST2021-006","black","aaLQ","ddPCR",227.554588317871,0.565945481842138,0.00943242469736896,1.45512744784355,2.35898994433517,"black","MST2021006",12.0851805555556,54.7410833333333,"2021-08-24","Mnelei",24,8,2021,0,227.554588317871,"L)   Mnelei","L",2.35898994433517,NA
"MST2021-006",0.742580741643905,"Myaare","Myaare.MST2021-006","yellow","aaLQ","ddPCR",0.742580741643905,1.00471092350427,0.0167451820584044,5.1446944475174,0.241192910063028,"black","MST2021006",12.0851805555556,54.7410833333333,"2021-08-24","Myaare",24,8,2021,0,0.742580741643905,"M)   Myaare","M",0.241192910063028,NA
"MST2021-006",0,"Oncmyk","Oncmyk.MST2021-006","white","no Cq","ddPCR",0,0.483938046437317,0.0806563410728862,1.06313988566398,NA,"white","MST2021006",12.0851805555556,54.7410833333333,"2021-08-24","Oncmyk",24,8,2021,0,0,"N)   Oncmyk","N",NA,NA
"MST2021-006",31.2354302406311,"Promin","Promin.MST2021-006","black","aaLQ","ddPCR",31.2354302406311,0.558615680442301,0.01862052268141,0.560731440782545,1.50833347103805,"black","MST2021006",12.0851805555556,54.7410833333333,"2021-08-24","Promin",24,8,2021,0,31.2354302406311,"O)   Promin","O",1.50833347103805,NA
"MST2021-006",1.89441666007042,"Psefar","Psefar.MST2021-006","black","aaLQ","ddPCR",1.89441666007042,0.548095136203483,0.0274047568101742,7.0030003786087,0.461561049293181,"black","MST2021006",12.0851805555556,54.7410833333333,"2021-08-24","Psefar",24,8,2021,0,1.89441666007042,"P)   Psefar","P",0.461561049293181,NA
"MST2021-006",0,"Psever","Psever.MST2021-006","white","no Cq","ddPCR",0,0.697051909649079,0.0232350636549693,0.447889193892479,NA,"white","MST2021006",12.0851805555556,54.7410833333333,"2021-08-24","Psever",24,8,2021,0,0,"NA)   Psever",NA,NA,NA
"MST2021-008",0,"Bonham","Bonham.MST2021-008","white","no Cq","qPCR",0,0.617616142109215,0.0308808071054608,0.602823607623575,NA,"white","MST2021008",12.75,55.8666666666667,"2021-05-19","Bonham",19,5,2021,0,0,"A)   Bonham","A",NA,NA
"MST2021-008",0,"Calsap","Calsap.MST2021-008","white","no Cq","qPCR",0,0.63699006851343,0.0106165011418905,6.69409215450285,NA,"white","MST2021008",12.75,55.8666666666667,"2021-05-19","Calsap",19,5,2021,0,0,"B)   Calsap","B",NA,NA
"MST2021-008",0,"Caraur","Caraur.MST2021-008","white","no Cq","qPCR",0,0.0225471728962503,0.0958446595718793,3.49066555500031,NA,"white","MST2021008",12.75,55.8666666666667,"2021-05-19","Caraur",19,5,2021,0,0,"C)   Caraur","C",NA,NA
"MST2021-008",0,"Colper","Colper.MST2021-008","white","no Cq","qPCR",0,1.0579731951097,0.0176328865851616,1.05264455080033,NA,"white","MST2021008",12.75,55.8666666666667,"2021-05-19","Colper",19,5,2021,0,0,"D)   Colper","D",NA,NA
"MST2021-008",0,"Corcas","Corcas.MST2021-008","white","no Cq","qPCR",0,1.26214731581735,0.0420715771939118,0.360338948667049,NA,"white","MST2021008",12.75,55.8666666666667,"2021-05-19","Corcas",19,5,2021,0,0,"E)   Corcas","E",NA,NA
"MST2021-008",0,"Cragig","Cragig.MST2021-008","white","no Cq","qPCR",0,0.819268298830287,0.0123110535560807,5.31343579292295,NA,"white","MST2021008",12.75,55.8666666666667,"2021-05-19","Cragig",19,5,2021,0,0,"F)   Cragig","F",NA,NA
"MST2021-008",0,"Erisin","Erisin.MST2021-008","white","no Cq","qPCR",0,0.364685853592156,0.0548009373867898,1.68553620576858,NA,"white","MST2021008",12.75,55.8666666666667,"2021-05-19","Erisin",19,5,2021,0,0,"G)   Erisin","G",NA,NA
"MST2021-008",0,"Hemsan","Hemsan.MST2021-008","white","no Cq","qPCR",0,0.631671659618149,0.0105278609936358,0.322470888495446,NA,"white","MST2021008",12.75,55.8666666666667,"2021-05-19","Hemsan",19,5,2021,0,0,"H)   Hemsan","H",NA,NA
"MST2021-008",0,"Hemtak","Hemtak.MST2021-008","white","no Cq","qPCR",0,0.563037107717149,0.0281518553858574,5.6800436973572,NA,"white","MST2021008",12.75,55.8666666666667,"2021-05-19","Hemtak",19,5,2021,0,0,"I)   Hemtak","I",NA,NA
"MST2021-008",0,"Homame","Homame.MST2021-008","white","no Cq","qPCR",0,0.615627075262864,26.1693861679721,0.335798636078835,NA,"white","MST2021008",12.75,55.8666666666667,"2021-05-19","Homame",19,5,2021,0,0,"J)   Homame","J",NA,NA
"MST2021-008",0,"Karmik","Karmik.MST2021-008","white","no Cq","qPCR",0,0.249514042078587,0.0499028084157174,0.409050658345222,NA,"white","MST2021008",12.75,55.8666666666667,"2021-05-19","Karmik",19,5,2021,0,0,"K)   Karmik","K",NA,NA
"MST2021-008",0,"Mnelei","Mnelei.MST2021-008","white","no Cq","qPCR",0,0.565945481842138,0.00943242469736896,1.45512744784355,NA,"white","MST2021008",12.75,55.8666666666667,"2021-05-19","Mnelei",19,5,2021,0,0,"L)   Mnelei","L",NA,NA
"MST2021-008",0.897541758330478,"Myaare","Myaare.MST2021-008","yellow","bLD","qPCR",0.897541758330478,1.00471092350427,0.0167451820584044,5.1446944475174,0.278191341991997,"yellow","MST2021008",12.75,55.8666666666667,"2021-05-19","Myaare",19,5,2021,0.897541758330478,0,"M)   Myaare","M",NA,0.278191341991997
"MST2021-008",0,"Oncmyk","Oncmyk.MST2021-008","white","no Cq","qPCR",0,0.483938046437317,0.0806563410728862,1.06313988566398,NA,"white","MST2021008",12.75,55.8666666666667,"2021-05-19","Oncmyk",19,5,2021,0,0,"N)   Oncmyk","N",NA,NA
"MST2021-008",0,"Promin","Promin.MST2021-008","white","no Cq","qPCR",0,0.558615680442301,0.01862052268141,0.560731440782545,NA,"white","MST2021008",12.75,55.8666666666667,"2021-05-19","Promin",19,5,2021,0,0,"O)   Promin","O",NA,NA
"MST2021-008",0.728357536554851,"Psefar","Psefar.MST2021-008","red","1aLQ","qPCR",0.728357536554851,0.548095136203483,0.0274047568101742,7.0030003786087,0.237633587732659,"red","MST2021008",12.75,55.8666666666667,"2021-05-19","Psefar",19,5,2021,0.728357536554851,0,"P)   Psefar","P",NA,0.237633587732659
"MST2021-008",0,"Psever","Psever.MST2021-008","white","no Cq","qPCR",0,0.697051909649079,0.0232350636549693,0.447889193892479,NA,"white","MST2021008",12.75,55.8666666666667,"2021-05-19","Psever",19,5,2021,0,0,"NA)   Psever",NA,NA,NA
"MST2021-008",0,"Bonham","Bonham.MST2021-008","white","no Cq","ddPCR",0,0.617616142109215,0.0308808071054608,0.602823607623575,NA,"white","MST2021008",12.75,55.8666666666667,"2021-05-19","Bonham",19,5,2021,0,0,"A)   Bonham","A",NA,NA
"MST2021-008",0,"Calsap","Calsap.MST2021-008","white","no Cq","ddPCR",0,0.63699006851343,0.0106165011418905,6.69409215450285,NA,"white","MST2021008",12.75,55.8666666666667,"2021-05-19","Calsap",19,5,2021,0,0,"B)   Calsap","B",NA,NA
"MST2021-008",0,"Caraur","Caraur.MST2021-008","white","no Cq","ddPCR",0,0.0225471728962503,0.0958446595718793,3.49066555500031,NA,"white","MST2021008",12.75,55.8666666666667,"2021-05-19","Caraur",19,5,2021,0,0,"C)   Caraur","C",NA,NA
"MST2021-008",0,"Colper","Colper.MST2021-008","white","no Cq","ddPCR",0,1.0579731951097,0.0176328865851616,1.05264455080033,NA,"white","MST2021008",12.75,55.8666666666667,"2021-05-19","Colper",19,5,2021,0,0,"D)   Colper","D",NA,NA
"MST2021-008",0,"Corcas","Corcas.MST2021-008","white","no Cq","ddPCR",0,1.26214731581735,0.0420715771939118,0.360338948667049,NA,"white","MST2021008",12.75,55.8666666666667,"2021-05-19","Corcas",19,5,2021,0,0,"E)   Corcas","E",NA,NA
"MST2021-008",0,"Cragig","Cragig.MST2021-008","white","no Cq","ddPCR",0,0.819268298830287,0.0123110535560807,5.31343579292295,NA,"white","MST2021008",12.75,55.8666666666667,"2021-05-19","Cragig",19,5,2021,0,0,"F)   Cragig","F",NA,NA
"MST2021-008",0.365057438611985,"Erisin","Erisin.MST2021-008","white","aaLQ","ddPCR",0.365057438611985,0.364685853592156,0.0548009373867898,1.68553620576858,0.135150925916998,"black","MST2021008",12.75,55.8666666666667,"2021-05-19","Erisin",19,5,2021,0,0.365057438611985,"G)   Erisin","G",0.135150925916998,NA
"MST2021-008",0,"Hemsan","Hemsan.MST2021-008","white","no Cq","ddPCR",0,0.631671659618149,0.0105278609936358,0.322470888495446,NA,"white","MST2021008",12.75,55.8666666666667,"2021-05-19","Hemsan",19,5,2021,0,0,"H)   Hemsan","H",NA,NA
"MST2021-008",0,"Hemtak","Hemtak.MST2021-008","white","no Cq","ddPCR",0,0.563037107717149,0.0281518553858574,5.6800436973572,NA,"white","MST2021008",12.75,55.8666666666667,"2021-05-19","Hemtak",19,5,2021,0,0,"I)   Hemtak","I",NA,NA
"MST2021-008",0,"Homame","Homame.MST2021-008","white","no Cq","ddPCR",0,0.615627075262864,26.1693861679721,0.335798636078835,NA,"white","MST2021008",12.75,55.8666666666667,"2021-05-19","Homame",19,5,2021,0,0,"J)   Homame","J",NA,NA
"MST2021-008",0,"Karmik","Karmik.MST2021-008","white","no Cq","ddPCR",0,0.249514042078587,0.0499028084157174,0.409050658345222,NA,"white","MST2021008",12.75,55.8666666666667,"2021-05-19","Karmik",19,5,2021,0,0,"K)   Karmik","K",NA,NA
"MST2021-008",0,"Mnelei","Mnelei.MST2021-008","white","no Cq","ddPCR",0,0.565945481842138,0.00943242469736896,1.45512744784355,NA,"white","MST2021008",12.75,55.8666666666667,"2021-05-19","Mnelei",19,5,2021,0,0,"L)   Mnelei","L",NA,NA
"MST2021-008",0.88188998401165,"Myaare","Myaare.MST2021-008","yellow","aaLQ","ddPCR",0.88188998401165,1.00471092350427,0.0167451820584044,5.1446944475174,0.274594230816406,"black","MST2021008",12.75,55.8666666666667,"2021-05-19","Myaare",19,5,2021,0,0.88188998401165,"M)   Myaare","M",0.274594230816406,NA
"MST2021-008",0,"Oncmyk","Oncmyk.MST2021-008","white","no Cq","ddPCR",0,0.483938046437317,0.0806563410728862,1.06313988566398,NA,"white","MST2021008",12.75,55.8666666666667,"2021-05-19","Oncmyk",19,5,2021,0,0,"N)   Oncmyk","N",NA,NA
"MST2021-008",0,"Promin","Promin.MST2021-008","white","no Cq","ddPCR",0,0.558615680442301,0.01862052268141,0.560731440782545,NA,"white","MST2021008",12.75,55.8666666666667,"2021-05-19","Promin",19,5,2021,0,0,"O)   Promin","O",NA,NA
"MST2021-008",1.10754437744618,"Psefar","Psefar.MST2021-008","red","aaLQ","ddPCR",1.10754437744618,0.548095136203483,0.0274047568101742,7.0030003786087,0.323776728102039,"black","MST2021008",12.75,55.8666666666667,"2021-05-19","Psefar",19,5,2021,0,1.10754437744618,"P)   Psefar","P",0.323776728102039,NA
"MST2021-008",0,"Psever","Psever.MST2021-008","white","no Cq","ddPCR",0,0.697051909649079,0.0232350636549693,0.447889193892479,NA,"white","MST2021008",12.75,55.8666666666667,"2021-05-19","Psever",19,5,2021,0,0,"NA)   Psever",NA,NA,NA
"MST2021-011",0,"Bonham","Bonham.MST2021-011","white","no Cq","qPCR",0,0.617616142109215,0.0308808071054608,0.602823607623575,NA,"white","MST2021011",11.0846527777778,54.73475,"2021-08-31","Bonham",31,8,2021,0,0,"A)   Bonham","A",NA,NA
"MST2021-011",0,"Calsap","Calsap.MST2021-011","white","no Cq","qPCR",0,0.63699006851343,0.0106165011418905,6.69409215450285,NA,"white","MST2021011",11.0846527777778,54.73475,"2021-08-31","Calsap",31,8,2021,0,0,"B)   Calsap","B",NA,NA
"MST2021-011",0,"Caraur","Caraur.MST2021-011","white","no Cq","qPCR",0,0.0225471728962503,0.0958446595718793,3.49066555500031,NA,"white","MST2021011",11.0846527777778,54.73475,"2021-08-31","Caraur",31,8,2021,0,0,"C)   Caraur","C",NA,NA
"MST2021-011",0,"Colper","Colper.MST2021-011","white","no Cq","qPCR",0,1.0579731951097,0.0176328865851616,1.05264455080033,NA,"white","MST2021011",11.0846527777778,54.73475,"2021-08-31","Colper",31,8,2021,0,0,"D)   Colper","D",NA,NA
"MST2021-011",0,"Corcas","Corcas.MST2021-011","white","no Cq","qPCR",0,1.26214731581735,0.0420715771939118,0.360338948667049,NA,"white","MST2021011",11.0846527777778,54.73475,"2021-08-31","Corcas",31,8,2021,0,0,"E)   Corcas","E",NA,NA
"MST2021-011",0,"Cragig","Cragig.MST2021-011","white","no Cq","qPCR",0,0.819268298830287,0.0123110535560807,5.31343579292295,NA,"white","MST2021011",11.0846527777778,54.73475,"2021-08-31","Cragig",31,8,2021,0,0,"F)   Cragig","F",NA,NA
"MST2021-011",0,"Erisin","Erisin.MST2021-011","white","no Cq","qPCR",0,0.364685853592156,0.0548009373867898,1.68553620576858,NA,"white","MST2021011",11.0846527777778,54.73475,"2021-08-31","Erisin",31,8,2021,0,0,"G)   Erisin","G",NA,NA
"MST2021-011",0,"Hemsan","Hemsan.MST2021-011","white","no Cq","qPCR",0,0.631671659618149,0.0105278609936358,0.322470888495446,NA,"white","MST2021011",11.0846527777778,54.73475,"2021-08-31","Hemsan",31,8,2021,0,0,"H)   Hemsan","H",NA,NA
"MST2021-011",0,"Hemtak","Hemtak.MST2021-011","white","no Cq","qPCR",0,0.563037107717149,0.0281518553858574,5.6800436973572,NA,"white","MST2021011",11.0846527777778,54.73475,"2021-08-31","Hemtak",31,8,2021,0,0,"I)   Hemtak","I",NA,NA
"MST2021-011",0,"Homame","Homame.MST2021-011","white","no Cq","qPCR",0,0.615627075262864,26.1693861679721,0.335798636078835,NA,"white","MST2021011",11.0846527777778,54.73475,"2021-08-31","Homame",31,8,2021,0,0,"J)   Homame","J",NA,NA
"MST2021-011",0,"Karmik","Karmik.MST2021-011","white","no Cq","qPCR",0,0.249514042078587,0.0499028084157174,0.409050658345222,NA,"white","MST2021011",11.0846527777778,54.73475,"2021-08-31","Karmik",31,8,2021,0,0,"K)   Karmik","K",NA,NA
"MST2021-011",11940.820838556,"Mnelei","Mnelei.MST2021-011","black","aaLQ","qPCR",11940.820838556,0.565945481842138,0.00943242469736896,1.45512744784355,4.07707055123613,"black","MST2021011",11.0846527777778,54.73475,"2021-08-31","Mnelei",31,8,2021,11940.820838556,0,"L)   Mnelei","L",NA,4.07707055123613
"MST2021-011",0,"Myaare","Myaare.MST2021-011","white","no Cq","qPCR",0,1.00471092350427,0.0167451820584044,5.1446944475174,NA,"white","MST2021011",11.0846527777778,54.73475,"2021-08-31","Myaare",31,8,2021,0,0,"M)   Myaare","M",NA,NA
"MST2021-011",0,"Oncmyk","Oncmyk.MST2021-011","white","no Cq","qPCR",0,0.483938046437317,0.0806563410728862,1.06313988566398,NA,"white","MST2021011",11.0846527777778,54.73475,"2021-08-31","Oncmyk",31,8,2021,0,0,"N)   Oncmyk","N",NA,NA
"MST2021-011",31.5741996267776,"Promin","Promin.MST2021-011","black","aaLQ","qPCR",31.5741996267776,0.558615680442301,0.01862052268141,0.560731440782545,1.51287375356515,"black","MST2021011",11.0846527777778,54.73475,"2021-08-31","Promin",31,8,2021,31.5741996267776,0,"O)   Promin","O",NA,1.51287375356515
"MST2021-011",4.88779062574351,"Psefar","Psefar.MST2021-011","black","aaLQ","qPCR",4.88779062574351,0.548095136203483,0.0274047568101742,7.0030003786087,0.769952357766093,"black","MST2021011",11.0846527777778,54.73475,"2021-08-31","Psefar",31,8,2021,4.88779062574351,0,"P)   Psefar","P",NA,0.769952357766093
"MST2021-011",0,"Psever","Psever.MST2021-011","white","no Cq","qPCR",0,0.697051909649079,0.0232350636549693,0.447889193892479,NA,"white","MST2021011",11.0846527777778,54.73475,"2021-08-31","Psever",31,8,2021,0,0,"NA)   Psever",NA,NA,NA
"MST2021-011",0,"Bonham","Bonham.MST2021-011","white","no Cq","ddPCR",0,0.617616142109215,0.0308808071054608,0.602823607623575,NA,"white","MST2021011",11.0846527777778,54.73475,"2021-08-31","Bonham",31,8,2021,0,0,"A)   Bonham","A",NA,NA
"MST2021-011",0,"Calsap","Calsap.MST2021-011","white","no Cq","ddPCR",0,0.63699006851343,0.0106165011418905,6.69409215450285,NA,"white","MST2021011",11.0846527777778,54.73475,"2021-08-31","Calsap",31,8,2021,0,0,"B)   Calsap","B",NA,NA
"MST2021-011",0,"Caraur","Caraur.MST2021-011","white","no Cq","ddPCR",0,0.0225471728962503,0.0958446595718793,3.49066555500031,NA,"white","MST2021011",11.0846527777778,54.73475,"2021-08-31","Caraur",31,8,2021,0,0,"C)   Caraur","C",NA,NA
"MST2021-011",0,"Colper","Colper.MST2021-011","white","no Cq","ddPCR",0,1.0579731951097,0.0176328865851616,1.05264455080033,NA,"white","MST2021011",11.0846527777778,54.73475,"2021-08-31","Colper",31,8,2021,0,0,"D)   Colper","D",NA,NA
"MST2021-011",0.372501201927662,"Corcas","Corcas.MST2021-011","white","aaLQ","ddPCR",0.372501201927662,1.26214731581735,0.0420715771939118,0.360338948667049,0.137512733442947,"black","MST2021011",11.0846527777778,54.73475,"2021-08-31","Corcas",31,8,2021,0,0.372501201927662,"E)   Corcas","E",0.137512733442947,NA
"MST2021-011",0.407153666019439,"Cragig","Cragig.MST2021-011","white","aaLQ","ddPCR",0.407153666019439,0.819268298830287,0.0123110535560807,5.31343579292295,0.148341526475434,"black","MST2021011",11.0846527777778,54.73475,"2021-08-31","Cragig",31,8,2021,0,0.407153666019439,"F)   Cragig","F",0.148341526475434,NA
"MST2021-011",0,"Erisin","Erisin.MST2021-011","white","no Cq","ddPCR",0,0.364685853592156,0.0548009373867898,1.68553620576858,NA,"white","MST2021011",11.0846527777778,54.73475,"2021-08-31","Erisin",31,8,2021,0,0,"G)   Erisin","G",NA,NA
"MST2021-011",0,"Hemsan","Hemsan.MST2021-011","white","no Cq","ddPCR",0,0.631671659618149,0.0105278609936358,0.322470888495446,NA,"white","MST2021011",11.0846527777778,54.73475,"2021-08-31","Hemsan",31,8,2021,0,0,"H)   Hemsan","H",NA,NA
"MST2021-011",0,"Hemtak","Hemtak.MST2021-011","white","no Cq","ddPCR",0,0.563037107717149,0.0281518553858574,5.6800436973572,NA,"white","MST2021011",11.0846527777778,54.73475,"2021-08-31","Hemtak",31,8,2021,0,0,"I)   Hemtak","I",NA,NA
"MST2021-011",0,"Homame","Homame.MST2021-011","white","no Cq","ddPCR",0,0.615627075262864,26.1693861679721,0.335798636078835,NA,"white","MST2021011",11.0846527777778,54.73475,"2021-08-31","Homame",31,8,2021,0,0,"J)   Homame","J",NA,NA
"MST2021-011",0,"Karmik","Karmik.MST2021-011","white","no Cq","ddPCR",0,0.249514042078587,0.0499028084157174,0.409050658345222,NA,"white","MST2021011",11.0846527777778,54.73475,"2021-08-31","Karmik",31,8,2021,0,0,"K)   Karmik","K",NA,NA
"MST2021-011",10661.9262695312,"Mnelei","Mnelei.MST2021-011","black","aaLQ","ddPCR",10661.9262695312,0.565945481842138,0.00943242469736896,1.45512744784355,4.02787640622058,"black","MST2021011",11.0846527777778,54.73475,"2021-08-31","Mnelei",31,8,2021,0,10661.9262695312,"L)   Mnelei","L",4.02787640622058,NA
"MST2021-011",0,"Myaare","Myaare.MST2021-011","white","no Cq","ddPCR",0,1.00471092350427,0.0167451820584044,5.1446944475174,NA,"white","MST2021011",11.0846527777778,54.73475,"2021-08-31","Myaare",31,8,2021,0,0,"M)   Myaare","M",NA,NA
"MST2021-011",0,"Oncmyk","Oncmyk.MST2021-011","white","no Cq","ddPCR",0,0.483938046437317,0.0806563410728862,1.06313988566398,NA,"white","MST2021011",11.0846527777778,54.73475,"2021-08-31","Oncmyk",31,8,2021,0,0,"N)   Oncmyk","N",NA,NA
"MST2021-011",111.173496246338,"Promin","Promin.MST2021-011","black","aaLQ","ddPCR",111.173496246338,0.558615680442301,0.01862052268141,0.560731440782545,2.04989025626355,"black","MST2021011",11.0846527777778,54.73475,"2021-08-31","Promin",31,8,2021,0,111.173496246338,"O)   Promin","O",2.04989025626355,NA
"MST2021-011",21.559796333313,"Psefar","Psefar.MST2021-011","black","aaLQ","ddPCR",21.559796333313,0.548095136203483,0.0274047568101742,7.0030003786087,1.35333517457914,"black","MST2021011",11.0846527777778,54.73475,"2021-08-31","Psefar",31,8,2021,0,21.559796333313,"P)   Psefar","P",1.35333517457914,NA
"MST2021-011",0,"Psever","Psever.MST2021-011","white","no Cq","ddPCR",0,0.697051909649079,0.0232350636549693,0.447889193892479,NA,"white","MST2021011",11.0846527777778,54.73475,"2021-08-31","Psever",31,8,2021,0,0,"NA)   Psever",NA,NA,NA
"MST2021-012",0,"Bonham","Bonham.MST2021-012","white","no Cq","qPCR",0,0.617616142109215,0.0308808071054608,0.602823607623575,NA,"white","MST2021012",9.66136111111111,55.7021833333333,"2021-04-27","Bonham",27,4,2021,0,0,"A)   Bonham","A",NA,NA
"MST2021-012",0,"Calsap","Calsap.MST2021-012","white","no Cq","qPCR",0,0.63699006851343,0.0106165011418905,6.69409215450285,NA,"white","MST2021012",9.66136111111111,55.7021833333333,"2021-04-27","Calsap",27,4,2021,0,0,"B)   Calsap","B",NA,NA
"MST2021-012",0,"Caraur","Caraur.MST2021-012","white","no Cq","qPCR",0,0.0225471728962503,0.0958446595718793,3.49066555500031,NA,"white","MST2021012",9.66136111111111,55.7021833333333,"2021-04-27","Caraur",27,4,2021,0,0,"C)   Caraur","C",NA,NA
"MST2021-012",0,"Colper","Colper.MST2021-012","white","no Cq","qPCR",0,1.0579731951097,0.0176328865851616,1.05264455080033,NA,"white","MST2021012",9.66136111111111,55.7021833333333,"2021-04-27","Colper",27,4,2021,0,0,"D)   Colper","D",NA,NA
"MST2021-012",0,"Corcas","Corcas.MST2021-012","white","no Cq","qPCR",0,1.26214731581735,0.0420715771939118,0.360338948667049,NA,"white","MST2021012",9.66136111111111,55.7021833333333,"2021-04-27","Corcas",27,4,2021,0,0,"E)   Corcas","E",NA,NA
"MST2021-012",0,"Cragig","Cragig.MST2021-012","white","no Cq","qPCR",0,0.819268298830287,0.0123110535560807,5.31343579292295,NA,"white","MST2021012",9.66136111111111,55.7021833333333,"2021-04-27","Cragig",27,4,2021,0,0,"F)   Cragig","F",NA,NA
"MST2021-012",0,"Erisin","Erisin.MST2021-012","white","no Cq","qPCR",0,0.364685853592156,0.0548009373867898,1.68553620576858,NA,"white","MST2021012",9.66136111111111,55.7021833333333,"2021-04-27","Erisin",27,4,2021,0,0,"G)   Erisin","G",NA,NA
"MST2021-012",0,"Hemsan","Hemsan.MST2021-012","white","no Cq","qPCR",0,0.631671659618149,0.0105278609936358,0.322470888495446,NA,"white","MST2021012",9.66136111111111,55.7021833333333,"2021-04-27","Hemsan",27,4,2021,0,0,"H)   Hemsan","H",NA,NA
"MST2021-012",0,"Hemtak","Hemtak.MST2021-012","white","no Cq","qPCR",0,0.563037107717149,0.0281518553858574,5.6800436973572,NA,"white","MST2021012",9.66136111111111,55.7021833333333,"2021-04-27","Hemtak",27,4,2021,0,0,"I)   Hemtak","I",NA,NA
"MST2021-012",0,"Homame","Homame.MST2021-012","white","no Cq","qPCR",0,0.615627075262864,26.1693861679721,0.335798636078835,NA,"white","MST2021012",9.66136111111111,55.7021833333333,"2021-04-27","Homame",27,4,2021,0,0,"J)   Homame","J",NA,NA
"MST2021-012",0,"Karmik","Karmik.MST2021-012","white","no Cq","qPCR",0,0.249514042078587,0.0499028084157174,0.409050658345222,NA,"white","MST2021012",9.66136111111111,55.7021833333333,"2021-04-27","Karmik",27,4,2021,0,0,"K)   Karmik","K",NA,NA
"MST2021-012",1.49724021362903,"Mnelei","Mnelei.MST2021-012","black","aaLQ","qPCR",1.49724021362903,0.565945481842138,0.00943242469736896,1.45512744784355,0.39746031985871,"black","MST2021012",9.66136111111111,55.7021833333333,"2021-04-27","Mnelei",27,4,2021,1.49724021362903,0,"L)   Mnelei","L",NA,0.39746031985871
"MST2021-012",19.0091306727007,"Myaare","Myaare.MST2021-012","black","aaLQ","qPCR",19.0091306727007,1.00471092350427,0.0167451820584044,5.1446944475174,1.30122822045778,"black","MST2021012",9.66136111111111,55.7021833333333,"2021-04-27","Myaare",27,4,2021,19.0091306727007,0,"M)   Myaare","M",NA,1.30122822045778
"MST2021-012",13.2265645180724,"Oncmyk","Oncmyk.MST2021-012","black","aaLQ","qPCR",13.2265645180724,0.483938046437317,0.0806563410728862,1.06313988566398,1.15310003775277,"black","MST2021012",9.66136111111111,55.7021833333333,"2021-04-27","Oncmyk",27,4,2021,13.2265645180724,0,"N)   Oncmyk","N",NA,1.15310003775277
"MST2021-012",0,"Promin","Promin.MST2021-012","white","no Cq","qPCR",0,0.558615680442301,0.01862052268141,0.560731440782545,NA,"white","MST2021012",9.66136111111111,55.7021833333333,"2021-04-27","Promin",27,4,2021,0,0,"O)   Promin","O",NA,NA
"MST2021-012",2442.67732368019,"Psefar","Psefar.MST2021-012","black","aaLQ","qPCR",2442.67732368019,0.548095136203483,0.0274047568101742,7.0030003786087,3.38804385877309,"black","MST2021012",9.66136111111111,55.7021833333333,"2021-04-27","Psefar",27,4,2021,2442.67732368019,0,"P)   Psefar","P",NA,3.38804385877309
"MST2021-012",0,"Psever","Psever.MST2021-012","white","no Cq","qPCR",0,0.697051909649079,0.0232350636549693,0.447889193892479,NA,"white","MST2021012",9.66136111111111,55.7021833333333,"2021-04-27","Psever",27,4,2021,0,0,"NA)   Psever",NA,NA,NA
"MST2021-012",0,"Bonham","Bonham.MST2021-012","white","no Cq","ddPCR",0,0.617616142109215,0.0308808071054608,0.602823607623575,NA,"white","MST2021012",9.66136111111111,55.7021833333333,"2021-04-27","Bonham",27,4,2021,0,0,"A)   Bonham","A",NA,NA
"MST2021-012",0,"Calsap","Calsap.MST2021-012","white","no Cq","ddPCR",0,0.63699006851343,0.0106165011418905,6.69409215450285,NA,"white","MST2021012",9.66136111111111,55.7021833333333,"2021-04-27","Calsap",27,4,2021,0,0,"B)   Calsap","B",NA,NA
"MST2021-012",0,"Caraur","Caraur.MST2021-012","white","no Cq","ddPCR",0,0.0225471728962503,0.0958446595718793,3.49066555500031,NA,"white","MST2021012",9.66136111111111,55.7021833333333,"2021-04-27","Caraur",27,4,2021,0,0,"C)   Caraur","C",NA,NA
"MST2021-012",0,"Colper","Colper.MST2021-012","white","no Cq","ddPCR",0,1.0579731951097,0.0176328865851616,1.05264455080033,NA,"white","MST2021012",9.66136111111111,55.7021833333333,"2021-04-27","Colper",27,4,2021,0,0,"D)   Colper","D",NA,NA
"MST2021-012",0,"Corcas","Corcas.MST2021-012","white","no Cq","ddPCR",0,1.26214731581735,0.0420715771939118,0.360338948667049,NA,"white","MST2021012",9.66136111111111,55.7021833333333,"2021-04-27","Corcas",27,4,2021,0,0,"E)   Corcas","E",NA,NA
"MST2021-012",0,"Cragig","Cragig.MST2021-012","white","no Cq","ddPCR",0,0.819268298830287,0.0123110535560807,5.31343579292295,NA,"white","MST2021012",9.66136111111111,55.7021833333333,"2021-04-27","Cragig",27,4,2021,0,0,"F)   Cragig","F",NA,NA
"MST2021-012",0,"Erisin","Erisin.MST2021-012","white","no Cq","ddPCR",0,0.364685853592156,0.0548009373867898,1.68553620576858,NA,"white","MST2021012",9.66136111111111,55.7021833333333,"2021-04-27","Erisin",27,4,2021,0,0,"G)   Erisin","G",NA,NA
"MST2021-012",0,"Hemsan","Hemsan.MST2021-012","white","no Cq","ddPCR",0,0.631671659618149,0.0105278609936358,0.322470888495446,NA,"white","MST2021012",9.66136111111111,55.7021833333333,"2021-04-27","Hemsan",27,4,2021,0,0,"H)   Hemsan","H",NA,NA
"MST2021-012",0,"Hemtak","Hemtak.MST2021-012","white","no Cq","ddPCR",0,0.563037107717149,0.0281518553858574,5.6800436973572,NA,"white","MST2021012",9.66136111111111,55.7021833333333,"2021-04-27","Hemtak",27,4,2021,0,0,"I)   Hemtak","I",NA,NA
"MST2021-012",0,"Homame","Homame.MST2021-012","white","no Cq","ddPCR",0,0.615627075262864,26.1693861679721,0.335798636078835,NA,"white","MST2021012",9.66136111111111,55.7021833333333,"2021-04-27","Homame",27,4,2021,0,0,"J)   Homame","J",NA,NA
"MST2021-012",0,"Karmik","Karmik.MST2021-012","white","no Cq","ddPCR",0,0.249514042078587,0.0499028084157174,0.409050658345222,NA,"white","MST2021012",9.66136111111111,55.7021833333333,"2021-04-27","Karmik",27,4,2021,0,0,"K)   Karmik","K",NA,NA
"MST2021-012",1.41266882419586,"Mnelei","Mnelei.MST2021-012","black","aaLQ","ddPCR",1.41266882419586,0.565945481842138,0.00943242469736896,1.45512744784355,0.38249771242055,"black","MST2021012",9.66136111111111,55.7021833333333,"2021-04-27","Mnelei",27,4,2021,0,1.41266882419586,"L)   Mnelei","L",0.38249771242055,NA
"MST2021-012",40.6341695785522,"Myaare","Myaare.MST2021-012","black","aaLQ","ddPCR",40.6341695785522,1.00471092350427,0.0167451820584044,5.1446944475174,1.61944990678586,"black","MST2021012",9.66136111111111,55.7021833333333,"2021-04-27","Myaare",27,4,2021,0,40.6341695785522,"M)   Myaare","M",1.61944990678586,NA
"MST2021-012",7.4708414077759,"Oncmyk","Oncmyk.MST2021-012","black","aaLQ","ddPCR",7.4708414077759,0.483938046437317,0.0806563410728862,1.06313988566398,0.927926550898003,"black","MST2021012",9.66136111111111,55.7021833333333,"2021-04-27","Oncmyk",27,4,2021,0,7.4708414077759,"N)   Oncmyk","N",0.927926550898003,NA
"MST2021-012",0.514304116368295,"Promin","Promin.MST2021-012","white","aaLQ","ddPCR",0.514304116368295,0.558615680442301,0.01862052268141,0.560731440782545,0.180213102903393,"black","MST2021012",9.66136111111111,55.7021833333333,"2021-04-27","Promin",27,4,2021,0,0.514304116368295,"O)   Promin","O",0.180213102903393,NA
"MST2021-012",7634.0087890625,"Psefar","Psefar.MST2021-012","black","aaLQ","ddPCR",7634.0087890625,0.548095136203483,0.0274047568101742,7.0030003786087,3.88280954133208,"black","MST2021012",9.66136111111111,55.7021833333333,"2021-04-27","Psefar",27,4,2021,0,7634.0087890625,"P)   Psefar","P",3.88280954133208,NA
"MST2021-012",0,"Psever","Psever.MST2021-012","white","no Cq","ddPCR",0,0.697051909649079,0.0232350636549693,0.447889193892479,NA,"white","MST2021012",9.66136111111111,55.7021833333333,"2021-04-27","Psever",27,4,2021,0,0,"NA)   Psever",NA,NA,NA
"MST2021-013",0,"Bonham","Bonham.MST2021-013","white","no Cq","qPCR",0,0.617616142109215,0.0308808071054608,0.602823607623575,NA,"white","MST2021013",12.04,55.713,"2021-08-25","Bonham",25,8,2021,0,0,"A)   Bonham","A",NA,NA
"MST2021-013",0,"Calsap","Calsap.MST2021-013","white","no Cq","qPCR",0,0.63699006851343,0.0106165011418905,6.69409215450285,NA,"white","MST2021013",12.04,55.713,"2021-08-25","Calsap",25,8,2021,0,0,"B)   Calsap","B",NA,NA
"MST2021-013",0,"Caraur","Caraur.MST2021-013","white","no Cq","qPCR",0,0.0225471728962503,0.0958446595718793,3.49066555500031,NA,"white","MST2021013",12.04,55.713,"2021-08-25","Caraur",25,8,2021,0,0,"C)   Caraur","C",NA,NA
"MST2021-013",0,"Colper","Colper.MST2021-013","white","no Cq","qPCR",0,1.0579731951097,0.0176328865851616,1.05264455080033,NA,"white","MST2021013",12.04,55.713,"2021-08-25","Colper",25,8,2021,0,0,"D)   Colper","D",NA,NA
"MST2021-013",0,"Corcas","Corcas.MST2021-013","white","no Cq","qPCR",0,1.26214731581735,0.0420715771939118,0.360338948667049,NA,"white","MST2021013",12.04,55.713,"2021-08-25","Corcas",25,8,2021,0,0,"E)   Corcas","E",NA,NA
"MST2021-013",0,"Cragig","Cragig.MST2021-013","white","no Cq","qPCR",0,0.819268298830287,0.0123110535560807,5.31343579292295,NA,"white","MST2021013",12.04,55.713,"2021-08-25","Cragig",25,8,2021,0,0,"F)   Cragig","F",NA,NA
"MST2021-013",0,"Erisin","Erisin.MST2021-013","white","no Cq","qPCR",0,0.364685853592156,0.0548009373867898,1.68553620576858,NA,"white","MST2021013",12.04,55.713,"2021-08-25","Erisin",25,8,2021,0,0,"G)   Erisin","G",NA,NA
"MST2021-013",0,"Hemsan","Hemsan.MST2021-013","white","no Cq","qPCR",0,0.631671659618149,0.0105278609936358,0.322470888495446,NA,"white","MST2021013",12.04,55.713,"2021-08-25","Hemsan",25,8,2021,0,0,"H)   Hemsan","H",NA,NA
"MST2021-013",0,"Hemtak","Hemtak.MST2021-013","white","no Cq","qPCR",0,0.563037107717149,0.0281518553858574,5.6800436973572,NA,"white","MST2021013",12.04,55.713,"2021-08-25","Hemtak",25,8,2021,0,0,"I)   Hemtak","I",NA,NA
"MST2021-013",0,"Homame","Homame.MST2021-013","white","no Cq","qPCR",0,0.615627075262864,26.1693861679721,0.335798636078835,NA,"white","MST2021013",12.04,55.713,"2021-08-25","Homame",25,8,2021,0,0,"J)   Homame","J",NA,NA
"MST2021-013",0,"Karmik","Karmik.MST2021-013","white","no Cq","qPCR",0,0.249514042078587,0.0499028084157174,0.409050658345222,NA,"white","MST2021013",12.04,55.713,"2021-08-25","Karmik",25,8,2021,0,0,"K)   Karmik","K",NA,NA
"MST2021-013",3.12904968627386,"Mnelei","Mnelei.MST2021-013","black","aaLQ","qPCR",3.12904968627386,0.565945481842138,0.00943242469736896,1.45512744784355,0.615850108920896,"black","MST2021013",12.04,55.713,"2021-08-25","Mnelei",25,8,2021,3.12904968627386,0,"L)   Mnelei","L",NA,0.615850108920896
"MST2021-013",26.3647309782225,"Myaare","Myaare.MST2021-013","black","aaLQ","qPCR",26.3647309782225,1.00471092350427,0.0167451820584044,5.1446944475174,1.43719118296463,"black","MST2021013",12.04,55.713,"2021-08-25","Myaare",25,8,2021,26.3647309782225,0,"M)   Myaare","M",NA,1.43719118296463
"MST2021-013",0,"Oncmyk","Oncmyk.MST2021-013","white","no Cq","qPCR",0,0.483938046437317,0.0806563410728862,1.06313988566398,NA,"white","MST2021013",12.04,55.713,"2021-08-25","Oncmyk",25,8,2021,0,0,"N)   Oncmyk","N",NA,NA
"MST2021-013",0,"Promin","Promin.MST2021-013","white","no Cq","qPCR",0,0.558615680442301,0.01862052268141,0.560731440782545,NA,"white","MST2021013",12.04,55.713,"2021-08-25","Promin",25,8,2021,0,0,"O)   Promin","O",NA,NA
"MST2021-013",0,"Psefar","Psefar.MST2021-013","white","no Cq","qPCR",0,0.548095136203483,0.0274047568101742,7.0030003786087,NA,"white","MST2021013",12.04,55.713,"2021-08-25","Psefar",25,8,2021,0,0,"P)   Psefar","P",NA,NA
"MST2021-013",0,"Psever","Psever.MST2021-013","white","no Cq","qPCR",0,0.697051909649079,0.0232350636549693,0.447889193892479,NA,"white","MST2021013",12.04,55.713,"2021-08-25","Psever",25,8,2021,0,0,"NA)   Psever",NA,NA,NA
"MST2021-013",0,"Bonham","Bonham.MST2021-013","white","no Cq","ddPCR",0,0.617616142109215,0.0308808071054608,0.602823607623575,NA,"white","MST2021013",12.04,55.713,"2021-08-25","Bonham",25,8,2021,0,0,"A)   Bonham","A",NA,NA
"MST2021-013",0,"Calsap","Calsap.MST2021-013","white","no Cq","ddPCR",0,0.63699006851343,0.0106165011418905,6.69409215450285,NA,"white","MST2021013",12.04,55.713,"2021-08-25","Calsap",25,8,2021,0,0,"B)   Calsap","B",NA,NA
"MST2021-013",0,"Caraur","Caraur.MST2021-013","white","no Cq","ddPCR",0,0.0225471728962503,0.0958446595718793,3.49066555500031,NA,"white","MST2021013",12.04,55.713,"2021-08-25","Caraur",25,8,2021,0,0,"C)   Caraur","C",NA,NA
"MST2021-013",0,"Colper","Colper.MST2021-013","white","no Cq","ddPCR",0,1.0579731951097,0.0176328865851616,1.05264455080033,NA,"white","MST2021013",12.04,55.713,"2021-08-25","Colper",25,8,2021,0,0,"D)   Colper","D",NA,NA
"MST2021-013",0,"Corcas","Corcas.MST2021-013","white","no Cq","ddPCR",0,1.26214731581735,0.0420715771939118,0.360338948667049,NA,"white","MST2021013",12.04,55.713,"2021-08-25","Corcas",25,8,2021,0,0,"E)   Corcas","E",NA,NA
"MST2021-013",0,"Cragig","Cragig.MST2021-013","white","no Cq","ddPCR",0,0.819268298830287,0.0123110535560807,5.31343579292295,NA,"white","MST2021013",12.04,55.713,"2021-08-25","Cragig",25,8,2021,0,0,"F)   Cragig","F",NA,NA
"MST2021-013",0,"Erisin","Erisin.MST2021-013","white","no Cq","ddPCR",0,0.364685853592156,0.0548009373867898,1.68553620576858,NA,"white","MST2021013",12.04,55.713,"2021-08-25","Erisin",25,8,2021,0,0,"G)   Erisin","G",NA,NA
"MST2021-013",0,"Hemsan","Hemsan.MST2021-013","white","no Cq","ddPCR",0,0.631671659618149,0.0105278609936358,0.322470888495446,NA,"white","MST2021013",12.04,55.713,"2021-08-25","Hemsan",25,8,2021,0,0,"H)   Hemsan","H",NA,NA
"MST2021-013",0,"Hemtak","Hemtak.MST2021-013","white","no Cq","ddPCR",0,0.563037107717149,0.0281518553858574,5.6800436973572,NA,"white","MST2021013",12.04,55.713,"2021-08-25","Hemtak",25,8,2021,0,0,"I)   Hemtak","I",NA,NA
"MST2021-013",0,"Homame","Homame.MST2021-013","white","no Cq","ddPCR",0,0.615627075262864,26.1693861679721,0.335798636078835,NA,"white","MST2021013",12.04,55.713,"2021-08-25","Homame",25,8,2021,0,0,"J)   Homame","J",NA,NA
"MST2021-013",0,"Karmik","Karmik.MST2021-013","white","no Cq","ddPCR",0,0.249514042078587,0.0499028084157174,0.409050658345222,NA,"white","MST2021013",12.04,55.713,"2021-08-25","Karmik",25,8,2021,0,0,"K)   Karmik","K",NA,NA
"MST2021-013",3.42714577913285,"Mnelei","Mnelei.MST2021-013","black","aaLQ","ddPCR",3.42714577913285,0.565945481842138,0.00943242469736896,1.45512744784355,0.646123822866716,"black","MST2021013",12.04,55.713,"2021-08-25","Mnelei",25,8,2021,0,3.42714577913285,"L)   Mnelei","L",0.646123822866716,NA
"MST2021-013",39.6725702285767,"Myaare","Myaare.MST2021-013","black","aaLQ","ddPCR",39.6725702285767,1.00471092350427,0.0167451820584044,5.1446944475174,1.60930161771607,"black","MST2021013",12.04,55.713,"2021-08-25","Myaare",25,8,2021,0,39.6725702285767,"M)   Myaare","M",1.60930161771607,NA
"MST2021-013",0,"Oncmyk","Oncmyk.MST2021-013","white","no Cq","ddPCR",0,0.483938046437317,0.0806563410728862,1.06313988566398,NA,"white","MST2021013",12.04,55.713,"2021-08-25","Oncmyk",25,8,2021,0,0,"N)   Oncmyk","N",NA,NA
"MST2021-013",0,"Promin","Promin.MST2021-013","white","no Cq","ddPCR",0,0.558615680442301,0.01862052268141,0.560731440782545,NA,"white","MST2021013",12.04,55.713,"2021-08-25","Promin",25,8,2021,0,0,"O)   Promin","O",NA,NA
"MST2021-013",0.402859486639499,"Psefar","Psefar.MST2021-013","white","aaLQ","ddPCR",0.402859486639499,0.548095136203483,0.0274047568101742,7.0030003786087,0.147014173356833,"black","MST2021013",12.04,55.713,"2021-08-25","Psefar",25,8,2021,0,0.402859486639499,"P)   Psefar","P",0.147014173356833,NA
"MST2021-013",0,"Psever","Psever.MST2021-013","white","no Cq","ddPCR",0,0.697051909649079,0.0232350636549693,0.447889193892479,NA,"white","MST2021013",12.04,55.713,"2021-08-25","Psever",25,8,2021,0,0,"NA)   Psever",NA,NA,NA
"MST2021-015",0,"Bonham","Bonham.MST2021-015","white","no Cq","qPCR",0,0.617616142109215,0.0308808071054608,0.602823607623575,NA,"white","MST2021015",8.21678611111111,56.0778333333333,"2021-09-02","Bonham",2,9,2021,0,0,"A)   Bonham","A",NA,NA
"MST2021-015",0,"Calsap","Calsap.MST2021-015","white","no Cq","qPCR",0,0.63699006851343,0.0106165011418905,6.69409215450285,NA,"white","MST2021015",8.21678611111111,56.0778333333333,"2021-09-02","Calsap",2,9,2021,0,0,"B)   Calsap","B",NA,NA
"MST2021-015",0,"Caraur","Caraur.MST2021-015","white","no Cq","qPCR",0,0.0225471728962503,0.0958446595718793,3.49066555500031,NA,"white","MST2021015",8.21678611111111,56.0778333333333,"2021-09-02","Caraur",2,9,2021,0,0,"C)   Caraur","C",NA,NA
"MST2021-015",0,"Colper","Colper.MST2021-015","white","no Cq","qPCR",0,1.0579731951097,0.0176328865851616,1.05264455080033,NA,"white","MST2021015",8.21678611111111,56.0778333333333,"2021-09-02","Colper",2,9,2021,0,0,"D)   Colper","D",NA,NA
"MST2021-015",0,"Corcas","Corcas.MST2021-015","white","no Cq","qPCR",0,1.26214731581735,0.0420715771939118,0.360338948667049,NA,"white","MST2021015",8.21678611111111,56.0778333333333,"2021-09-02","Corcas",2,9,2021,0,0,"E)   Corcas","E",NA,NA
"MST2021-015",0,"Cragig","Cragig.MST2021-015","white","no Cq","qPCR",0,0.819268298830287,0.0123110535560807,5.31343579292295,NA,"white","MST2021015",8.21678611111111,56.0778333333333,"2021-09-02","Cragig",2,9,2021,0,0,"F)   Cragig","F",NA,NA
"MST2021-015",0,"Erisin","Erisin.MST2021-015","white","no Cq","qPCR",0,0.364685853592156,0.0548009373867898,1.68553620576858,NA,"white","MST2021015",8.21678611111111,56.0778333333333,"2021-09-02","Erisin",2,9,2021,0,0,"G)   Erisin","G",NA,NA
"MST2021-015",0,"Hemsan","Hemsan.MST2021-015","white","no Cq","qPCR",0,0.631671659618149,0.0105278609936358,0.322470888495446,NA,"white","MST2021015",8.21678611111111,56.0778333333333,"2021-09-02","Hemsan",2,9,2021,0,0,"H)   Hemsan","H",NA,NA
"MST2021-015",0,"Hemtak","Hemtak.MST2021-015","white","no Cq","qPCR",0,0.563037107717149,0.0281518553858574,5.6800436973572,NA,"white","MST2021015",8.21678611111111,56.0778333333333,"2021-09-02","Hemtak",2,9,2021,0,0,"I)   Hemtak","I",NA,NA
"MST2021-015",0,"Homame","Homame.MST2021-015","white","no Cq","qPCR",0,0.615627075262864,26.1693861679721,0.335798636078835,NA,"white","MST2021015",8.21678611111111,56.0778333333333,"2021-09-02","Homame",2,9,2021,0,0,"J)   Homame","J",NA,NA
"MST2021-015",0,"Karmik","Karmik.MST2021-015","white","no Cq","qPCR",0,0.249514042078587,0.0499028084157174,0.409050658345222,NA,"white","MST2021015",8.21678611111111,56.0778333333333,"2021-09-02","Karmik",2,9,2021,0,0,"K)   Karmik","K",NA,NA
"MST2021-015",1.06900813236848,"Mnelei","Mnelei.MST2021-015","black","aaLQ","qPCR",1.06900813236848,0.565945481842138,0.00943242469736896,1.45512744784355,0.315762197691262,"black","MST2021015",8.21678611111111,56.0778333333333,"2021-09-02","Mnelei",2,9,2021,1.06900813236848,0,"L)   Mnelei","L",NA,0.315762197691262
"MST2021-015",5.87532621155883,"Myaare","Myaare.MST2021-015","black","aaLQ","qPCR",5.87532621155883,1.00471092350427,0.0167451820584044,5.1446944475174,0.837293308832329,"black","MST2021015",8.21678611111111,56.0778333333333,"2021-09-02","Myaare",2,9,2021,5.87532621155883,0,"M)   Myaare","M",NA,0.837293308832329
"MST2021-015",0,"Oncmyk","Oncmyk.MST2021-015","white","no Cq","qPCR",0,0.483938046437317,0.0806563410728862,1.06313988566398,NA,"white","MST2021015",8.21678611111111,56.0778333333333,"2021-09-02","Oncmyk",2,9,2021,0,0,"N)   Oncmyk","N",NA,NA
"MST2021-015",0.0699883379185265,"Promin","Promin.MST2021-015","orange","aLDbLQ","qPCR",0.0699883379185265,0.558615680442301,0.01862052268141,0.560731440782545,0.0293790442223755,"orange","MST2021015",8.21678611111111,56.0778333333333,"2021-09-02","Promin",2,9,2021,0.0699883379185265,0,"O)   Promin","O",NA,0.0293790442223755
"MST2021-015",0.0515513925329165,"Psefar","Psefar.MST2021-015","orange","aLDbLQ","qPCR",0.0515513925329165,0.548095136203483,0.0274047568101742,7.0030003786087,0.0218305028407297,"orange","MST2021015",8.21678611111111,56.0778333333333,"2021-09-02","Psefar",2,9,2021,0.0515513925329165,0,"P)   Psefar","P",NA,0.0218305028407297
"MST2021-015",0,"Psever","Psever.MST2021-015","white","no Cq","qPCR",0,0.697051909649079,0.0232350636549693,0.447889193892479,NA,"white","MST2021015",8.21678611111111,56.0778333333333,"2021-09-02","Psever",2,9,2021,0,0,"NA)   Psever",NA,NA,NA
"MST2021-015",0,"Bonham","Bonham.MST2021-015","white","no Cq","ddPCR",0,0.617616142109215,0.0308808071054608,0.602823607623575,NA,"white","MST2021015",8.21678611111111,56.0778333333333,"2021-09-02","Bonham",2,9,2021,0,0,"A)   Bonham","A",NA,NA
"MST2021-015",0,"Calsap","Calsap.MST2021-015","white","no Cq","ddPCR",0,0.63699006851343,0.0106165011418905,6.69409215450285,NA,"white","MST2021015",8.21678611111111,56.0778333333333,"2021-09-02","Calsap",2,9,2021,0,0,"B)   Calsap","B",NA,NA
"MST2021-015",0,"Caraur","Caraur.MST2021-015","white","no Cq","ddPCR",0,0.0225471728962503,0.0958446595718793,3.49066555500031,NA,"white","MST2021015",8.21678611111111,56.0778333333333,"2021-09-02","Caraur",2,9,2021,0,0,"C)   Caraur","C",NA,NA
"MST2021-015",0,"Colper","Colper.MST2021-015","white","no Cq","ddPCR",0,1.0579731951097,0.0176328865851616,1.05264455080033,NA,"white","MST2021015",8.21678611111111,56.0778333333333,"2021-09-02","Colper",2,9,2021,0,0,"D)   Colper","D",NA,NA
"MST2021-015",0,"Corcas","Corcas.MST2021-015","white","no Cq","ddPCR",0,1.26214731581735,0.0420715771939118,0.360338948667049,NA,"white","MST2021015",8.21678611111111,56.0778333333333,"2021-09-02","Corcas",2,9,2021,0,0,"E)   Corcas","E",NA,NA
"MST2021-015",0,"Cragig","Cragig.MST2021-015","white","no Cq","ddPCR",0,0.819268298830287,0.0123110535560807,5.31343579292295,NA,"white","MST2021015",8.21678611111111,56.0778333333333,"2021-09-02","Cragig",2,9,2021,0,0,"F)   Cragig","F",NA,NA
"MST2021-015",0,"Erisin","Erisin.MST2021-015","white","no Cq","ddPCR",0,0.364685853592156,0.0548009373867898,1.68553620576858,NA,"white","MST2021015",8.21678611111111,56.0778333333333,"2021-09-02","Erisin",2,9,2021,0,0,"G)   Erisin","G",NA,NA
"MST2021-015",0,"Hemsan","Hemsan.MST2021-015","white","no Cq","ddPCR",0,0.631671659618149,0.0105278609936358,0.322470888495446,NA,"white","MST2021015",8.21678611111111,56.0778333333333,"2021-09-02","Hemsan",2,9,2021,0,0,"H)   Hemsan","H",NA,NA
"MST2021-015",0,"Hemtak","Hemtak.MST2021-015","white","no Cq","ddPCR",0,0.563037107717149,0.0281518553858574,5.6800436973572,NA,"white","MST2021015",8.21678611111111,56.0778333333333,"2021-09-02","Hemtak",2,9,2021,0,0,"I)   Hemtak","I",NA,NA
"MST2021-015",0,"Homame","Homame.MST2021-015","white","no Cq","ddPCR",0,0.615627075262864,26.1693861679721,0.335798636078835,NA,"white","MST2021015",8.21678611111111,56.0778333333333,"2021-09-02","Homame",2,9,2021,0,0,"J)   Homame","J",NA,NA
"MST2021-015",0,"Karmik","Karmik.MST2021-015","white","no Cq","ddPCR",0,0.249514042078587,0.0499028084157174,0.409050658345222,NA,"white","MST2021015",8.21678611111111,56.0778333333333,"2021-09-02","Karmik",2,9,2021,0,0,"K)   Karmik","K",NA,NA
"MST2021-015",1.22698128223419,"Mnelei","Mnelei.MST2021-015","black","aaLQ","ddPCR",1.22698128223419,0.565945481842138,0.00943242469736896,1.45512744784355,0.347716566806572,"black","MST2021015",8.21678611111111,56.0778333333333,"2021-09-02","Mnelei",2,9,2021,0,1.22698128223419,"L)   Mnelei","L",0.347716566806572,NA
"MST2021-015",9.97907757759095,"Myaare","Myaare.MST2021-015","black","aaLQ","ddPCR",9.97907757759095,1.00471092350427,0.0167451820584044,5.1446944475174,1.04056585379437,"black","MST2021015",8.21678611111111,56.0778333333333,"2021-09-02","Myaare",2,9,2021,0,9.97907757759095,"M)   Myaare","M",1.04056585379437,NA
"MST2021-015",0,"Oncmyk","Oncmyk.MST2021-015","white","no Cq","ddPCR",0,0.483938046437317,0.0806563410728862,1.06313988566398,NA,"white","MST2021015",8.21678611111111,56.0778333333333,"2021-09-02","Oncmyk",2,9,2021,0,0,"N)   Oncmyk","N",NA,NA
"MST2021-015",0.57358030229807,"Promin","Promin.MST2021-015","orange","aaLQ","ddPCR",0.57358030229807,0.558615680442301,0.01862052268141,0.560731440782545,0.196888910550835,"black","MST2021015",8.21678611111111,56.0778333333333,"2021-09-02","Promin",2,9,2021,0,0.57358030229807,"O)   Promin","O",0.196888910550835,NA
"MST2021-015",0,"Psefar","Psefar.MST2021-015","orange","no Cq","ddPCR",0,0.548095136203483,0.0274047568101742,7.0030003786087,NA,"white","MST2021015",8.21678611111111,56.0778333333333,"2021-09-02","Psefar",2,9,2021,0,0,"P)   Psefar","P",NA,NA
"MST2021-015",0,"Psever","Psever.MST2021-015","white","no Cq","ddPCR",0,0.697051909649079,0.0232350636549693,0.447889193892479,NA,"white","MST2021015",8.21678611111111,56.0778333333333,"2021-09-02","Psever",2,9,2021,0,0,"NA)   Psever",NA,NA,NA
"MST2021-019",0,"Bonham","Bonham.MST2021-019","white","no Cq","qPCR",0,0.617616142109215,0.0308808071054608,0.602823607623575,NA,"white","MST2021019",10.7834722222222,56.8566666666667,"2021-05-25","Bonham",25,5,2021,0,0,"A)   Bonham","A",NA,NA
"MST2021-019",0,"Calsap","Calsap.MST2021-019","white","no Cq","qPCR",0,0.63699006851343,0.0106165011418905,6.69409215450285,NA,"white","MST2021019",10.7834722222222,56.8566666666667,"2021-05-25","Calsap",25,5,2021,0,0,"B)   Calsap","B",NA,NA
"MST2021-019",0,"Caraur","Caraur.MST2021-019","white","no Cq","qPCR",0,0.0225471728962503,0.0958446595718793,3.49066555500031,NA,"white","MST2021019",10.7834722222222,56.8566666666667,"2021-05-25","Caraur",25,5,2021,0,0,"C)   Caraur","C",NA,NA
"MST2021-019",0,"Colper","Colper.MST2021-019","white","no Cq","qPCR",0,1.0579731951097,0.0176328865851616,1.05264455080033,NA,"white","MST2021019",10.7834722222222,56.8566666666667,"2021-05-25","Colper",25,5,2021,0,0,"D)   Colper","D",NA,NA
"MST2021-019",0,"Corcas","Corcas.MST2021-019","white","no Cq","qPCR",0,1.26214731581735,0.0420715771939118,0.360338948667049,NA,"white","MST2021019",10.7834722222222,56.8566666666667,"2021-05-25","Corcas",25,5,2021,0,0,"E)   Corcas","E",NA,NA
"MST2021-019",0,"Cragig","Cragig.MST2021-019","white","no Cq","qPCR",0,0.819268298830287,0.0123110535560807,5.31343579292295,NA,"white","MST2021019",10.7834722222222,56.8566666666667,"2021-05-25","Cragig",25,5,2021,0,0,"F)   Cragig","F",NA,NA
"MST2021-019",0,"Erisin","Erisin.MST2021-019","white","no Cq","qPCR",0,0.364685853592156,0.0548009373867898,1.68553620576858,NA,"white","MST2021019",10.7834722222222,56.8566666666667,"2021-05-25","Erisin",25,5,2021,0,0,"G)   Erisin","G",NA,NA
"MST2021-019",0,"Hemsan","Hemsan.MST2021-019","white","no Cq","qPCR",0,0.631671659618149,0.0105278609936358,0.322470888495446,NA,"white","MST2021019",10.7834722222222,56.8566666666667,"2021-05-25","Hemsan",25,5,2021,0,0,"H)   Hemsan","H",NA,NA
"MST2021-019",0,"Hemtak","Hemtak.MST2021-019","white","no Cq","qPCR",0,0.563037107717149,0.0281518553858574,5.6800436973572,NA,"white","MST2021019",10.7834722222222,56.8566666666667,"2021-05-25","Hemtak",25,5,2021,0,0,"I)   Hemtak","I",NA,NA
"MST2021-019",0,"Homame","Homame.MST2021-019","white","no Cq","qPCR",0,0.615627075262864,26.1693861679721,0.335798636078835,NA,"white","MST2021019",10.7834722222222,56.8566666666667,"2021-05-25","Homame",25,5,2021,0,0,"J)   Homame","J",NA,NA
"MST2021-019",0,"Karmik","Karmik.MST2021-019","white","no Cq","qPCR",0,0.249514042078587,0.0499028084157174,0.409050658345222,NA,"white","MST2021019",10.7834722222222,56.8566666666667,"2021-05-25","Karmik",25,5,2021,0,0,"K)   Karmik","K",NA,NA
"MST2021-019",2.64170774357647,"Mnelei","Mnelei.MST2021-019","black","aaLQ","qPCR",2.64170774357647,0.565945481842138,0.00943242469736896,1.45512744784355,0.561305089606911,"black","MST2021019",10.7834722222222,56.8566666666667,"2021-05-25","Mnelei",25,5,2021,2.64170774357647,0,"L)   Mnelei","L",NA,0.561305089606911
"MST2021-019",0,"Myaare","Myaare.MST2021-019","white","no Cq","qPCR",0,1.00471092350427,0.0167451820584044,5.1446944475174,NA,"white","MST2021019",10.7834722222222,56.8566666666667,"2021-05-25","Myaare",25,5,2021,0,0,"M)   Myaare","M",NA,NA
"MST2021-019",0,"Oncmyk","Oncmyk.MST2021-019","white","no Cq","qPCR",0,0.483938046437317,0.0806563410728862,1.06313988566398,NA,"white","MST2021019",10.7834722222222,56.8566666666667,"2021-05-25","Oncmyk",25,5,2021,0,0,"N)   Oncmyk","N",NA,NA
"MST2021-019",0.00813096157088238,"Promin","Promin.MST2021-019","yellow","bLD","qPCR",0.00813096157088238,0.558615680442301,0.01862052268141,0.560731440782545,0.00351695293606956,"yellow","MST2021019",10.7834722222222,56.8566666666667,"2021-05-25","Promin",25,5,2021,0.00813096157088238,0,"O)   Promin","O",NA,0.00351695293606956
"MST2021-019",1201.72903585593,"Psefar","Psefar.MST2021-019","black","aaLQ","qPCR",1201.72903585593,0.548095136203483,0.0274047568101742,7.0030003786087,3.08016779567941,"black","MST2021019",10.7834722222222,56.8566666666667,"2021-05-25","Psefar",25,5,2021,1201.72903585593,0,"P)   Psefar","P",NA,3.08016779567941
"MST2021-019",0,"Psever","Psever.MST2021-019","white","no Cq","qPCR",0,0.697051909649079,0.0232350636549693,0.447889193892479,NA,"white","MST2021019",10.7834722222222,56.8566666666667,"2021-05-25","Psever",25,5,2021,0,0,"NA)   Psever",NA,NA,NA
"MST2021-019",0,"Bonham","Bonham.MST2021-019","white","no Cq","ddPCR",0,0.617616142109215,0.0308808071054608,0.602823607623575,NA,"white","MST2021019",10.7834722222222,56.8566666666667,"2021-05-25","Bonham",25,5,2021,0,0,"A)   Bonham","A",NA,NA
"MST2021-019",0.72056755423546,"Calsap","Calsap.MST2021-019","white","aaLQ","ddPCR",0.72056755423546,0.63699006851343,0.0106165011418905,6.69409215450285,0.235671728892856,"black","MST2021019",10.7834722222222,56.8566666666667,"2021-05-25","Calsap",25,5,2021,0,0.72056755423546,"B)   Calsap","B",0.235671728892856,NA
"MST2021-019",0,"Caraur","Caraur.MST2021-019","white","no Cq","ddPCR",0,0.0225471728962503,0.0958446595718793,3.49066555500031,NA,"white","MST2021019",10.7834722222222,56.8566666666667,"2021-05-25","Caraur",25,5,2021,0,0,"C)   Caraur","C",NA,NA
"MST2021-019",0,"Colper","Colper.MST2021-019","white","no Cq","ddPCR",0,1.0579731951097,0.0176328865851616,1.05264455080033,NA,"white","MST2021019",10.7834722222222,56.8566666666667,"2021-05-25","Colper",25,5,2021,0,0,"D)   Colper","D",NA,NA
"MST2021-019",0,"Corcas","Corcas.MST2021-019","white","no Cq","ddPCR",0,1.26214731581735,0.0420715771939118,0.360338948667049,NA,"white","MST2021019",10.7834722222222,56.8566666666667,"2021-05-25","Corcas",25,5,2021,0,0,"E)   Corcas","E",NA,NA
"MST2021-019",0,"Cragig","Cragig.MST2021-019","white","no Cq","ddPCR",0,0.819268298830287,0.0123110535560807,5.31343579292295,NA,"white","MST2021019",10.7834722222222,56.8566666666667,"2021-05-25","Cragig",25,5,2021,0,0,"F)   Cragig","F",NA,NA
"MST2021-019",0,"Erisin","Erisin.MST2021-019","white","no Cq","ddPCR",0,0.364685853592156,0.0548009373867898,1.68553620576858,NA,"white","MST2021019",10.7834722222222,56.8566666666667,"2021-05-25","Erisin",25,5,2021,0,0,"G)   Erisin","G",NA,NA
"MST2021-019",0,"Hemsan","Hemsan.MST2021-019","white","no Cq","ddPCR",0,0.631671659618149,0.0105278609936358,0.322470888495446,NA,"white","MST2021019",10.7834722222222,56.8566666666667,"2021-05-25","Hemsan",25,5,2021,0,0,"H)   Hemsan","H",NA,NA
"MST2021-019",0,"Hemtak","Hemtak.MST2021-019","white","no Cq","ddPCR",0,0.563037107717149,0.0281518553858574,5.6800436973572,NA,"white","MST2021019",10.7834722222222,56.8566666666667,"2021-05-25","Hemtak",25,5,2021,0,0,"I)   Hemtak","I",NA,NA
"MST2021-019",0,"Homame","Homame.MST2021-019","white","no Cq","ddPCR",0,0.615627075262864,26.1693861679721,0.335798636078835,NA,"white","MST2021019",10.7834722222222,56.8566666666667,"2021-05-25","Homame",25,5,2021,0,0,"J)   Homame","J",NA,NA
"MST2021-019",0,"Karmik","Karmik.MST2021-019","white","no Cq","ddPCR",0,0.249514042078587,0.0499028084157174,0.409050658345222,NA,"white","MST2021019",10.7834722222222,56.8566666666667,"2021-05-25","Karmik",25,5,2021,0,0,"K)   Karmik","K",NA,NA
"MST2021-019",2.55726665258408,"Mnelei","Mnelei.MST2021-019","black","aaLQ","ddPCR",2.55726665258408,0.565945481842138,0.00943242469736896,1.45512744784355,0.551116421105191,"black","MST2021019",10.7834722222222,56.8566666666667,"2021-05-25","Mnelei",25,5,2021,0,2.55726665258408,"L)   Mnelei","L",0.551116421105191,NA
"MST2021-019",0,"Myaare","Myaare.MST2021-019","white","no Cq","ddPCR",0,1.00471092350427,0.0167451820584044,5.1446944475174,NA,"white","MST2021019",10.7834722222222,56.8566666666667,"2021-05-25","Myaare",25,5,2021,0,0,"M)   Myaare","M",NA,NA
"MST2021-019",0,"Oncmyk","Oncmyk.MST2021-019","white","no Cq","ddPCR",0,0.483938046437317,0.0806563410728862,1.06313988566398,NA,"white","MST2021019",10.7834722222222,56.8566666666667,"2021-05-25","Oncmyk",25,5,2021,0,0,"N)   Oncmyk","N",NA,NA
"MST2021-019",0,"Promin","Promin.MST2021-019","yellow","no Cq","ddPCR",0,0.558615680442301,0.01862052268141,0.560731440782545,NA,"white","MST2021019",10.7834722222222,56.8566666666667,"2021-05-25","Promin",25,5,2021,0,0,"O)   Promin","O",NA,NA
"MST2021-019",2555.74737548828,"Psefar","Psefar.MST2021-019","black","aaLQ","ddPCR",2555.74737548828,0.548095136203483,0.0274047568101742,7.0030003786087,3.40768781881574,"black","MST2021019",10.7834722222222,56.8566666666667,"2021-05-25","Psefar",25,5,2021,0,2555.74737548828,"P)   Psefar","P",3.40768781881574,NA
"MST2021-019",0.378590710461139,"Psever","Psever.MST2021-019","white","aaLQ","ddPCR",0.378590710461139,0.697051909649079,0.0232350636549693,0.447889193892479,0.139435347704476,"black","MST2021019",10.7834722222222,56.8566666666667,"2021-05-25","Psever",25,5,2021,0,0.378590710461139,"NA)   Psever",NA,0.139435347704476,NA
"MST2021-025",0,"Bonham","Bonham.MST2021-025","white","no Cq","qPCR",0,0.617616142109215,0.0308808071054608,0.602823607623575,NA,"white","MST2021025",15.5078333333333,55.0334833333333,"2021-06-10","Bonham",10,6,2021,0,0,"A)   Bonham","A",NA,NA
"MST2021-025",0,"Calsap","Calsap.MST2021-025","white","no Cq","qPCR",0,0.63699006851343,0.0106165011418905,6.69409215450285,NA,"white","MST2021025",15.5078333333333,55.0334833333333,"2021-06-10","Calsap",10,6,2021,0,0,"B)   Calsap","B",NA,NA
"MST2021-025",0,"Caraur","Caraur.MST2021-025","white","no Cq","qPCR",0,0.0225471728962503,0.0958446595718793,3.49066555500031,NA,"white","MST2021025",15.5078333333333,55.0334833333333,"2021-06-10","Caraur",10,6,2021,0,0,"C)   Caraur","C",NA,NA
"MST2021-025",0,"Colper","Colper.MST2021-025","white","no Cq","qPCR",0,1.0579731951097,0.0176328865851616,1.05264455080033,NA,"white","MST2021025",15.5078333333333,55.0334833333333,"2021-06-10","Colper",10,6,2021,0,0,"D)   Colper","D",NA,NA
"MST2021-025",0,"Corcas","Corcas.MST2021-025","white","no Cq","qPCR",0,1.26214731581735,0.0420715771939118,0.360338948667049,NA,"white","MST2021025",15.5078333333333,55.0334833333333,"2021-06-10","Corcas",10,6,2021,0,0,"E)   Corcas","E",NA,NA
"MST2021-025",0,"Cragig","Cragig.MST2021-025","white","no Cq","qPCR",0,0.819268298830287,0.0123110535560807,5.31343579292295,NA,"white","MST2021025",15.5078333333333,55.0334833333333,"2021-06-10","Cragig",10,6,2021,0,0,"F)   Cragig","F",NA,NA
"MST2021-025",0,"Erisin","Erisin.MST2021-025","white","no Cq","qPCR",0,0.364685853592156,0.0548009373867898,1.68553620576858,NA,"white","MST2021025",15.5078333333333,55.0334833333333,"2021-06-10","Erisin",10,6,2021,0,0,"G)   Erisin","G",NA,NA
"MST2021-025",0,"Hemsan","Hemsan.MST2021-025","white","no Cq","qPCR",0,0.631671659618149,0.0105278609936358,0.322470888495446,NA,"white","MST2021025",15.5078333333333,55.0334833333333,"2021-06-10","Hemsan",10,6,2021,0,0,"H)   Hemsan","H",NA,NA
"MST2021-025",0,"Hemtak","Hemtak.MST2021-025","white","no Cq","qPCR",0,0.563037107717149,0.0281518553858574,5.6800436973572,NA,"white","MST2021025",15.5078333333333,55.0334833333333,"2021-06-10","Hemtak",10,6,2021,0,0,"I)   Hemtak","I",NA,NA
"MST2021-025",0,"Homame","Homame.MST2021-025","white","no Cq","qPCR",0,0.615627075262864,26.1693861679721,0.335798636078835,NA,"white","MST2021025",15.5078333333333,55.0334833333333,"2021-06-10","Homame",10,6,2021,0,0,"J)   Homame","J",NA,NA
"MST2021-025",0,"Karmik","Karmik.MST2021-025","white","no Cq","qPCR",0,0.249514042078587,0.0499028084157174,0.409050658345222,NA,"white","MST2021025",15.5078333333333,55.0334833333333,"2021-06-10","Karmik",10,6,2021,0,0,"K)   Karmik","K",NA,NA
"MST2021-025",0,"Mnelei","Mnelei.MST2021-025","white","no Cq","qPCR",0,0.565945481842138,0.00943242469736896,1.45512744784355,NA,"white","MST2021025",15.5078333333333,55.0334833333333,"2021-06-10","Mnelei",10,6,2021,0,0,"L)   Mnelei","L",NA,NA
"MST2021-025",0,"Myaare","Myaare.MST2021-025","white","no Cq","qPCR",0,1.00471092350427,0.0167451820584044,5.1446944475174,NA,"white","MST2021025",15.5078333333333,55.0334833333333,"2021-06-10","Myaare",10,6,2021,0,0,"M)   Myaare","M",NA,NA
"MST2021-025",0,"Oncmyk","Oncmyk.MST2021-025","white","no Cq","qPCR",0,0.483938046437317,0.0806563410728862,1.06313988566398,NA,"white","MST2021025",15.5078333333333,55.0334833333333,"2021-06-10","Oncmyk",10,6,2021,0,0,"N)   Oncmyk","N",NA,NA
"MST2021-025",0,"Promin","Promin.MST2021-025","white","no Cq","qPCR",0,0.558615680442301,0.01862052268141,0.560731440782545,NA,"white","MST2021025",15.5078333333333,55.0334833333333,"2021-06-10","Promin",10,6,2021,0,0,"O)   Promin","O",NA,NA
"MST2021-025",0,"Psefar","Psefar.MST2021-025","white","no Cq","qPCR",0,0.548095136203483,0.0274047568101742,7.0030003786087,NA,"white","MST2021025",15.5078333333333,55.0334833333333,"2021-06-10","Psefar",10,6,2021,0,0,"P)   Psefar","P",NA,NA
"MST2021-025",0,"Psever","Psever.MST2021-025","white","no Cq","qPCR",0,0.697051909649079,0.0232350636549693,0.447889193892479,NA,"white","MST2021025",15.5078333333333,55.0334833333333,"2021-06-10","Psever",10,6,2021,0,0,"NA)   Psever",NA,NA,NA
"MST2021-025",0,"Bonham","Bonham.MST2021-025","white","no Cq","ddPCR",0,0.617616142109215,0.0308808071054608,0.602823607623575,NA,"white","MST2021025",15.5078333333333,55.0334833333333,"2021-06-10","Bonham",10,6,2021,0,0,"A)   Bonham","A",NA,NA
"MST2021-025",0,"Calsap","Calsap.MST2021-025","white","no Cq","ddPCR",0,0.63699006851343,0.0106165011418905,6.69409215450285,NA,"white","MST2021025",15.5078333333333,55.0334833333333,"2021-06-10","Calsap",10,6,2021,0,0,"B)   Calsap","B",NA,NA
"MST2021-025",0,"Caraur","Caraur.MST2021-025","white","no Cq","ddPCR",0,0.0225471728962503,0.0958446595718793,3.49066555500031,NA,"white","MST2021025",15.5078333333333,55.0334833333333,"2021-06-10","Caraur",10,6,2021,0,0,"C)   Caraur","C",NA,NA
"MST2021-025",0,"Colper","Colper.MST2021-025","white","no Cq","ddPCR",0,1.0579731951097,0.0176328865851616,1.05264455080033,NA,"white","MST2021025",15.5078333333333,55.0334833333333,"2021-06-10","Colper",10,6,2021,0,0,"D)   Colper","D",NA,NA
"MST2021-025",0,"Corcas","Corcas.MST2021-025","white","no Cq","ddPCR",0,1.26214731581735,0.0420715771939118,0.360338948667049,NA,"white","MST2021025",15.5078333333333,55.0334833333333,"2021-06-10","Corcas",10,6,2021,0,0,"E)   Corcas","E",NA,NA
"MST2021-025",0,"Cragig","Cragig.MST2021-025","white","no Cq","ddPCR",0,0.819268298830287,0.0123110535560807,5.31343579292295,NA,"white","MST2021025",15.5078333333333,55.0334833333333,"2021-06-10","Cragig",10,6,2021,0,0,"F)   Cragig","F",NA,NA
"MST2021-025",0,"Erisin","Erisin.MST2021-025","white","no Cq","ddPCR",0,0.364685853592156,0.0548009373867898,1.68553620576858,NA,"white","MST2021025",15.5078333333333,55.0334833333333,"2021-06-10","Erisin",10,6,2021,0,0,"G)   Erisin","G",NA,NA
"MST2021-025",0,"Hemsan","Hemsan.MST2021-025","white","no Cq","ddPCR",0,0.631671659618149,0.0105278609936358,0.322470888495446,NA,"white","MST2021025",15.5078333333333,55.0334833333333,"2021-06-10","Hemsan",10,6,2021,0,0,"H)   Hemsan","H",NA,NA
"MST2021-025",0,"Hemtak","Hemtak.MST2021-025","white","no Cq","ddPCR",0,0.563037107717149,0.0281518553858574,5.6800436973572,NA,"white","MST2021025",15.5078333333333,55.0334833333333,"2021-06-10","Hemtak",10,6,2021,0,0,"I)   Hemtak","I",NA,NA
"MST2021-025",0,"Homame","Homame.MST2021-025","white","no Cq","ddPCR",0,0.615627075262864,26.1693861679721,0.335798636078835,NA,"white","MST2021025",15.5078333333333,55.0334833333333,"2021-06-10","Homame",10,6,2021,0,0,"J)   Homame","J",NA,NA
"MST2021-025",0,"Karmik","Karmik.MST2021-025","white","no Cq","ddPCR",0,0.249514042078587,0.0499028084157174,0.409050658345222,NA,"white","MST2021025",15.5078333333333,55.0334833333333,"2021-06-10","Karmik",10,6,2021,0,0,"K)   Karmik","K",NA,NA
"MST2021-025",0,"Mnelei","Mnelei.MST2021-025","white","no Cq","ddPCR",0,0.565945481842138,0.00943242469736896,1.45512744784355,NA,"white","MST2021025",15.5078333333333,55.0334833333333,"2021-06-10","Mnelei",10,6,2021,0,0,"L)   Mnelei","L",NA,NA
"MST2021-025",0,"Myaare","Myaare.MST2021-025","white","no Cq","ddPCR",0,1.00471092350427,0.0167451820584044,5.1446944475174,NA,"white","MST2021025",15.5078333333333,55.0334833333333,"2021-06-10","Myaare",10,6,2021,0,0,"M)   Myaare","M",NA,NA
"MST2021-025",0,"Oncmyk","Oncmyk.MST2021-025","white","no Cq","ddPCR",0,0.483938046437317,0.0806563410728862,1.06313988566398,NA,"white","MST2021025",15.5078333333333,55.0334833333333,"2021-06-10","Oncmyk",10,6,2021,0,0,"N)   Oncmyk","N",NA,NA
"MST2021-025",0,"Promin","Promin.MST2021-025","white","no Cq","ddPCR",0,0.558615680442301,0.01862052268141,0.560731440782545,NA,"white","MST2021025",15.5078333333333,55.0334833333333,"2021-06-10","Promin",10,6,2021,0,0,"O)   Promin","O",NA,NA
"MST2021-025",0,"Psefar","Psefar.MST2021-025","white","no Cq","ddPCR",0,0.548095136203483,0.0274047568101742,7.0030003786087,NA,"white","MST2021025",15.5078333333333,55.0334833333333,"2021-06-10","Psefar",10,6,2021,0,0,"P)   Psefar","P",NA,NA
"MST2021-025",0,"Psever","Psever.MST2021-025","white","no Cq","ddPCR",0,0.697051909649079,0.0232350636549693,0.447889193892479,NA,"white","MST2021025",15.5078333333333,55.0334833333333,"2021-06-10","Psever",10,6,2021,0,0,"NA)   Psever",NA,NA,NA
"MST2021-028",0,"Bonham","Bonham.MST2021-028","white","no Cq","qPCR",0,0.617616142109215,0.0308808071054608,0.602823607623575,NA,"white","MST2021028",9.90025555555555,57.6078333333333,"2021-09-27","Bonham",27,9,2021,0,0,"A)   Bonham","A",NA,NA
"MST2021-028",0,"Calsap","Calsap.MST2021-028","white","no Cq","qPCR",0,0.63699006851343,0.0106165011418905,6.69409215450285,NA,"white","MST2021028",9.90025555555555,57.6078333333333,"2021-09-27","Calsap",27,9,2021,0,0,"B)   Calsap","B",NA,NA
"MST2021-028",0,"Caraur","Caraur.MST2021-028","white","no Cq","qPCR",0,0.0225471728962503,0.0958446595718793,3.49066555500031,NA,"white","MST2021028",9.90025555555555,57.6078333333333,"2021-09-27","Caraur",27,9,2021,0,0,"C)   Caraur","C",NA,NA
"MST2021-028",0,"Colper","Colper.MST2021-028","white","no Cq","qPCR",0,1.0579731951097,0.0176328865851616,1.05264455080033,NA,"white","MST2021028",9.90025555555555,57.6078333333333,"2021-09-27","Colper",27,9,2021,0,0,"D)   Colper","D",NA,NA
"MST2021-028",0,"Corcas","Corcas.MST2021-028","white","no Cq","qPCR",0,1.26214731581735,0.0420715771939118,0.360338948667049,NA,"white","MST2021028",9.90025555555555,57.6078333333333,"2021-09-27","Corcas",27,9,2021,0,0,"E)   Corcas","E",NA,NA
"MST2021-028",0,"Cragig","Cragig.MST2021-028","white","no Cq","qPCR",0,0.819268298830287,0.0123110535560807,5.31343579292295,NA,"white","MST2021028",9.90025555555555,57.6078333333333,"2021-09-27","Cragig",27,9,2021,0,0,"F)   Cragig","F",NA,NA
"MST2021-028",0,"Erisin","Erisin.MST2021-028","white","no Cq","qPCR",0,0.364685853592156,0.0548009373867898,1.68553620576858,NA,"white","MST2021028",9.90025555555555,57.6078333333333,"2021-09-27","Erisin",27,9,2021,0,0,"G)   Erisin","G",NA,NA
"MST2021-028",0,"Hemsan","Hemsan.MST2021-028","white","no Cq","qPCR",0,0.631671659618149,0.0105278609936358,0.322470888495446,NA,"white","MST2021028",9.90025555555555,57.6078333333333,"2021-09-27","Hemsan",27,9,2021,0,0,"H)   Hemsan","H",NA,NA
"MST2021-028",0,"Hemtak","Hemtak.MST2021-028","white","no Cq","qPCR",0,0.563037107717149,0.0281518553858574,5.6800436973572,NA,"white","MST2021028",9.90025555555555,57.6078333333333,"2021-09-27","Hemtak",27,9,2021,0,0,"I)   Hemtak","I",NA,NA
"MST2021-028",0,"Homame","Homame.MST2021-028","white","no Cq","qPCR",0,0.615627075262864,26.1693861679721,0.335798636078835,NA,"white","MST2021028",9.90025555555555,57.6078333333333,"2021-09-27","Homame",27,9,2021,0,0,"J)   Homame","J",NA,NA
"MST2021-028",78.8713887010414,"Karmik","Karmik.MST2021-028","black","aaLQ","qPCR",78.8713887010414,0.249514042078587,0.0499028084157174,0.409050658345222,1.90239123545233,"black","MST2021028",9.90025555555555,57.6078333333333,"2021-09-27","Karmik",27,9,2021,78.8713887010414,0,"K)   Karmik","K",NA,1.90239123545233
"MST2021-028",55.2802970097137,"Mnelei","Mnelei.MST2021-028","black","aaLQ","qPCR",55.2802970097137,0.565945481842138,0.00943242469736896,1.45512744784355,1.75035638068416,"black","MST2021028",9.90025555555555,57.6078333333333,"2021-09-27","Mnelei",27,9,2021,55.2802970097137,0,"L)   Mnelei","L",NA,1.75035638068416
"MST2021-028",0,"Myaare","Myaare.MST2021-028","white","no Cq","qPCR",0,1.00471092350427,0.0167451820584044,5.1446944475174,NA,"white","MST2021028",9.90025555555555,57.6078333333333,"2021-09-27","Myaare",27,9,2021,0,0,"M)   Myaare","M",NA,NA
"MST2021-028",0,"Oncmyk","Oncmyk.MST2021-028","white","no Cq","qPCR",0,0.483938046437317,0.0806563410728862,1.06313988566398,NA,"white","MST2021028",9.90025555555555,57.6078333333333,"2021-09-27","Oncmyk",27,9,2021,0,0,"N)   Oncmyk","N",NA,NA
"MST2021-028",0.0429575458260129,"Promin","Promin.MST2021-028","yellow","bLD","qPCR",0.0429575458260129,0.558615680442301,0.01862052268141,0.560731440782545,0.01826663058497,"yellow","MST2021028",9.90025555555555,57.6078333333333,"2021-09-27","Promin",27,9,2021,0.0429575458260129,0,"O)   Promin","O",NA,0.01826663058497
"MST2021-028",5.19046093984699,"Psefar","Psefar.MST2021-028","black","aaLQ","qPCR",5.19046093984699,0.548095136203483,0.0274047568101742,7.0030003786087,0.791722987659705,"black","MST2021028",9.90025555555555,57.6078333333333,"2021-09-27","Psefar",27,9,2021,5.19046093984699,0,"P)   Psefar","P",NA,0.791722987659705
"MST2021-028",9.12750750579377,"Psever","Psever.MST2021-028","black","aaLQ","qPCR",9.12750750579377,0.697051909649079,0.0232350636549693,0.447889193892479,1.00550257372416,"black","MST2021028",9.90025555555555,57.6078333333333,"2021-09-27","Psever",27,9,2021,9.12750750579377,0,"NA)   Psever",NA,NA,1.00550257372416
"MST2021-028",0,"Bonham","Bonham.MST2021-028","white","no Cq","ddPCR",0,0.617616142109215,0.0308808071054608,0.602823607623575,NA,"white","MST2021028",9.90025555555555,57.6078333333333,"2021-09-27","Bonham",27,9,2021,0,0,"A)   Bonham","A",NA,NA
"MST2021-028",0,"Calsap","Calsap.MST2021-028","white","no Cq","ddPCR",0,0.63699006851343,0.0106165011418905,6.69409215450285,NA,"white","MST2021028",9.90025555555555,57.6078333333333,"2021-09-27","Calsap",27,9,2021,0,0,"B)   Calsap","B",NA,NA
"MST2021-028",0,"Caraur","Caraur.MST2021-028","white","no Cq","ddPCR",0,0.0225471728962503,0.0958446595718793,3.49066555500031,NA,"white","MST2021028",9.90025555555555,57.6078333333333,"2021-09-27","Caraur",27,9,2021,0,0,"C)   Caraur","C",NA,NA
"MST2021-028",0,"Colper","Colper.MST2021-028","white","no Cq","ddPCR",0,1.0579731951097,0.0176328865851616,1.05264455080033,NA,"white","MST2021028",9.90025555555555,57.6078333333333,"2021-09-27","Colper",27,9,2021,0,0,"D)   Colper","D",NA,NA
"MST2021-028",0,"Corcas","Corcas.MST2021-028","white","no Cq","ddPCR",0,1.26214731581735,0.0420715771939118,0.360338948667049,NA,"white","MST2021028",9.90025555555555,57.6078333333333,"2021-09-27","Corcas",27,9,2021,0,0,"E)   Corcas","E",NA,NA
"MST2021-028",0,"Cragig","Cragig.MST2021-028","white","no Cq","ddPCR",0,0.819268298830287,0.0123110535560807,5.31343579292295,NA,"white","MST2021028",9.90025555555555,57.6078333333333,"2021-09-27","Cragig",27,9,2021,0,0,"F)   Cragig","F",NA,NA
"MST2021-028",0.357188135385514,"Erisin","Erisin.MST2021-028","white","aaLQ","ddPCR",0.357188135385514,0.364685853592156,0.0548009373867898,1.68553620576858,0.132640054363056,"black","MST2021028",9.90025555555555,57.6078333333333,"2021-09-27","Erisin",27,9,2021,0,0.357188135385514,"G)   Erisin","G",0.132640054363056,NA
"MST2021-028",0,"Hemsan","Hemsan.MST2021-028","white","no Cq","ddPCR",0,0.631671659618149,0.0105278609936358,0.322470888495446,NA,"white","MST2021028",9.90025555555555,57.6078333333333,"2021-09-27","Hemsan",27,9,2021,0,0,"H)   Hemsan","H",NA,NA
"MST2021-028",0,"Hemtak","Hemtak.MST2021-028","white","no Cq","ddPCR",0,0.563037107717149,0.0281518553858574,5.6800436973572,NA,"white","MST2021028",9.90025555555555,57.6078333333333,"2021-09-27","Hemtak",27,9,2021,0,0,"I)   Hemtak","I",NA,NA
"MST2021-028",0,"Homame","Homame.MST2021-028","white","no Cq","ddPCR",0,0.615627075262864,26.1693861679721,0.335798636078835,NA,"white","MST2021028",9.90025555555555,57.6078333333333,"2021-09-27","Homame",27,9,2021,0,0,"J)   Homame","J",NA,NA
"MST2021-028",132.653284072876,"Karmik","Karmik.MST2021-028","black","aaLQ","ddPCR",132.653284072876,0.249514042078587,0.0499028084157174,0.409050658345222,2.12597963452694,"black","MST2021028",9.90025555555555,57.6078333333333,"2021-09-27","Karmik",27,9,2021,0,132.653284072876,"K)   Karmik","K",2.12597963452694,NA
"MST2021-028",57.381434440613,"Mnelei","Mnelei.MST2021-028","black","aaLQ","ddPCR",57.381434440613,0.565945481842138,0.00943242469736896,1.45512744784355,1.76627476146374,"black","MST2021028",9.90025555555555,57.6078333333333,"2021-09-27","Mnelei",27,9,2021,0,57.381434440613,"L)   Mnelei","L",1.76627476146374,NA
"MST2021-028",0,"Myaare","Myaare.MST2021-028","white","no Cq","ddPCR",0,1.00471092350427,0.0167451820584044,5.1446944475174,NA,"white","MST2021028",9.90025555555555,57.6078333333333,"2021-09-27","Myaare",27,9,2021,0,0,"M)   Myaare","M",NA,NA
"MST2021-028",0,"Oncmyk","Oncmyk.MST2021-028","white","no Cq","ddPCR",0,0.483938046437317,0.0806563410728862,1.06313988566398,NA,"white","MST2021028",9.90025555555555,57.6078333333333,"2021-09-27","Oncmyk",27,9,2021,0,0,"N)   Oncmyk","N",NA,NA
"MST2021-028",0.568535551428795,"Promin","Promin.MST2021-028","yellow","aaLQ","ddPCR",0.568535551428795,0.558615680442301,0.01862052268141,0.560731440782545,0.195494366587716,"black","MST2021028",9.90025555555555,57.6078333333333,"2021-09-27","Promin",27,9,2021,0,0.568535551428795,"O)   Promin","O",0.195494366587716,NA
"MST2021-028",0,"Psefar","Psefar.MST2021-028","black","no Cq","ddPCR",0,0.548095136203483,0.0274047568101742,7.0030003786087,NA,"white","MST2021028",9.90025555555555,57.6078333333333,"2021-09-27","Psefar",27,9,2021,0,0,"P)   Psefar","P",NA,NA
"MST2021-028",12.808245420456,"Psever","Psever.MST2021-028","black","aaLQ","ddPCR",12.808245420456,0.697051909649079,0.0232350636549693,0.447889193892479,1.14013849736031,"black","MST2021028",9.90025555555555,57.6078333333333,"2021-09-27","Psever",27,9,2021,0,12.808245420456,"NA)   Psever",NA,1.14013849736031,NA
"MST2021-029",0,"Bonham","Bonham.MST2021-029","white","no Cq","qPCR",0,0.617616142109215,0.0308808071054608,0.602823607623575,NA,"white","MST2021029",12.7336055555556,55.8616666666667,"2021-09-07","Bonham",7,9,2021,0,0,"A)   Bonham","A",NA,NA
"MST2021-029",0,"Calsap","Calsap.MST2021-029","white","no Cq","qPCR",0,0.63699006851343,0.0106165011418905,6.69409215450285,NA,"white","MST2021029",12.7336055555556,55.8616666666667,"2021-09-07","Calsap",7,9,2021,0,0,"B)   Calsap","B",NA,NA
"MST2021-029",0,"Caraur","Caraur.MST2021-029","white","no Cq","qPCR",0,0.0225471728962503,0.0958446595718793,3.49066555500031,NA,"white","MST2021029",12.7336055555556,55.8616666666667,"2021-09-07","Caraur",7,9,2021,0,0,"C)   Caraur","C",NA,NA
"MST2021-029",0,"Colper","Colper.MST2021-029","white","no Cq","qPCR",0,1.0579731951097,0.0176328865851616,1.05264455080033,NA,"white","MST2021029",12.7336055555556,55.8616666666667,"2021-09-07","Colper",7,9,2021,0,0,"D)   Colper","D",NA,NA
"MST2021-029",0,"Corcas","Corcas.MST2021-029","white","no Cq","qPCR",0,1.26214731581735,0.0420715771939118,0.360338948667049,NA,"white","MST2021029",12.7336055555556,55.8616666666667,"2021-09-07","Corcas",7,9,2021,0,0,"E)   Corcas","E",NA,NA
"MST2021-029",0,"Cragig","Cragig.MST2021-029","white","no Cq","qPCR",0,0.819268298830287,0.0123110535560807,5.31343579292295,NA,"white","MST2021029",12.7336055555556,55.8616666666667,"2021-09-07","Cragig",7,9,2021,0,0,"F)   Cragig","F",NA,NA
"MST2021-029",0,"Erisin","Erisin.MST2021-029","white","no Cq","qPCR",0,0.364685853592156,0.0548009373867898,1.68553620576858,NA,"white","MST2021029",12.7336055555556,55.8616666666667,"2021-09-07","Erisin",7,9,2021,0,0,"G)   Erisin","G",NA,NA
"MST2021-029",0,"Hemsan","Hemsan.MST2021-029","white","no Cq","qPCR",0,0.631671659618149,0.0105278609936358,0.322470888495446,NA,"white","MST2021029",12.7336055555556,55.8616666666667,"2021-09-07","Hemsan",7,9,2021,0,0,"H)   Hemsan","H",NA,NA
"MST2021-029",0,"Hemtak","Hemtak.MST2021-029","white","no Cq","qPCR",0,0.563037107717149,0.0281518553858574,5.6800436973572,NA,"white","MST2021029",12.7336055555556,55.8616666666667,"2021-09-07","Hemtak",7,9,2021,0,0,"I)   Hemtak","I",NA,NA
"MST2021-029",0,"Homame","Homame.MST2021-029","white","no Cq","qPCR",0,0.615627075262864,26.1693861679721,0.335798636078835,NA,"white","MST2021029",12.7336055555556,55.8616666666667,"2021-09-07","Homame",7,9,2021,0,0,"J)   Homame","J",NA,NA
"MST2021-029",250.23486042237,"Karmik","Karmik.MST2021-029","black","aaLQ","qPCR",250.23486042237,0.249514042078587,0.0499028084157174,0.409050658345222,2.40007990034645,"black","MST2021029",12.7336055555556,55.8616666666667,"2021-09-07","Karmik",7,9,2021,250.23486042237,0,"K)   Karmik","K",NA,2.40007990034645
"MST2021-029",85.0112996558207,"Mnelei","Mnelei.MST2021-029","black","aaLQ","qPCR",85.0112996558207,0.565945481842138,0.00943242469736896,1.45512744784355,1.934555510032,"black","MST2021029",12.7336055555556,55.8616666666667,"2021-09-07","Mnelei",7,9,2021,85.0112996558207,0,"L)   Mnelei","L",NA,1.934555510032
"MST2021-029",0,"Myaare","Myaare.MST2021-029","white","no Cq","qPCR",0,1.00471092350427,0.0167451820584044,5.1446944475174,NA,"white","MST2021029",12.7336055555556,55.8616666666667,"2021-09-07","Myaare",7,9,2021,0,0,"M)   Myaare","M",NA,NA
"MST2021-029",0,"Oncmyk","Oncmyk.MST2021-029","white","no Cq","qPCR",0,0.483938046437317,0.0806563410728862,1.06313988566398,NA,"white","MST2021029",12.7336055555556,55.8616666666667,"2021-09-07","Oncmyk",7,9,2021,0,0,"N)   Oncmyk","N",NA,NA
"MST2021-029",0.112418302268566,"Promin","Promin.MST2021-029","orange","aLDbLQ","qPCR",0.112418302268566,0.558615680442301,0.01862052268141,0.560731440782545,0.0462681255614643,"orange","MST2021029",12.7336055555556,55.8616666666667,"2021-09-07","Promin",7,9,2021,0.112418302268566,0,"O)   Promin","O",NA,0.0462681255614643
"MST2021-029",0,"Psefar","Psefar.MST2021-029","white","no Cq","qPCR",0,0.548095136203483,0.0274047568101742,7.0030003786087,NA,"white","MST2021029",12.7336055555556,55.8616666666667,"2021-09-07","Psefar",7,9,2021,0,0,"P)   Psefar","P",NA,NA
"MST2021-029",0,"Psever","Psever.MST2021-029","white","no Cq","qPCR",0,0.697051909649079,0.0232350636549693,0.447889193892479,NA,"white","MST2021029",12.7336055555556,55.8616666666667,"2021-09-07","Psever",7,9,2021,0,0,"NA)   Psever",NA,NA,NA
"MST2021-029",0,"Bonham","Bonham.MST2021-029","white","no Cq","ddPCR",0,0.617616142109215,0.0308808071054608,0.602823607623575,NA,"white","MST2021029",12.7336055555556,55.8616666666667,"2021-09-07","Bonham",7,9,2021,0,0,"A)   Bonham","A",NA,NA
"MST2021-029",0,"Calsap","Calsap.MST2021-029","white","no Cq","ddPCR",0,0.63699006851343,0.0106165011418905,6.69409215450285,NA,"white","MST2021029",12.7336055555556,55.8616666666667,"2021-09-07","Calsap",7,9,2021,0,0,"B)   Calsap","B",NA,NA
"MST2021-029",0,"Caraur","Caraur.MST2021-029","white","no Cq","ddPCR",0,0.0225471728962503,0.0958446595718793,3.49066555500031,NA,"white","MST2021029",12.7336055555556,55.8616666666667,"2021-09-07","Caraur",7,9,2021,0,0,"C)   Caraur","C",NA,NA
"MST2021-029",0,"Colper","Colper.MST2021-029","white","no Cq","ddPCR",0,1.0579731951097,0.0176328865851616,1.05264455080033,NA,"white","MST2021029",12.7336055555556,55.8616666666667,"2021-09-07","Colper",7,9,2021,0,0,"D)   Colper","D",NA,NA
"MST2021-029",0,"Corcas","Corcas.MST2021-029","white","no Cq","ddPCR",0,1.26214731581735,0.0420715771939118,0.360338948667049,NA,"white","MST2021029",12.7336055555556,55.8616666666667,"2021-09-07","Corcas",7,9,2021,0,0,"E)   Corcas","E",NA,NA
"MST2021-029",0,"Cragig","Cragig.MST2021-029","white","no Cq","ddPCR",0,0.819268298830287,0.0123110535560807,5.31343579292295,NA,"white","MST2021029",12.7336055555556,55.8616666666667,"2021-09-07","Cragig",7,9,2021,0,0,"F)   Cragig","F",NA,NA
"MST2021-029",0,"Erisin","Erisin.MST2021-029","white","no Cq","ddPCR",0,0.364685853592156,0.0548009373867898,1.68553620576858,NA,"white","MST2021029",12.7336055555556,55.8616666666667,"2021-09-07","Erisin",7,9,2021,0,0,"G)   Erisin","G",NA,NA
"MST2021-029",0,"Hemsan","Hemsan.MST2021-029","white","no Cq","ddPCR",0,0.631671659618149,0.0105278609936358,0.322470888495446,NA,"white","MST2021029",12.7336055555556,55.8616666666667,"2021-09-07","Hemsan",7,9,2021,0,0,"H)   Hemsan","H",NA,NA
"MST2021-029",0,"Hemtak","Hemtak.MST2021-029","white","no Cq","ddPCR",0,0.563037107717149,0.0281518553858574,5.6800436973572,NA,"white","MST2021029",12.7336055555556,55.8616666666667,"2021-09-07","Hemtak",7,9,2021,0,0,"I)   Hemtak","I",NA,NA
"MST2021-029",0,"Homame","Homame.MST2021-029","white","no Cq","ddPCR",0,0.615627075262864,26.1693861679721,0.335798636078835,NA,"white","MST2021029",12.7336055555556,55.8616666666667,"2021-09-07","Homame",7,9,2021,0,0,"J)   Homame","J",NA,NA
"MST2021-029",325.801162719727,"Karmik","Karmik.MST2021-029","black","aaLQ","ddPCR",325.801162719727,0.249514042078587,0.0499028084157174,0.409050658345222,2.51428359303132,"black","MST2021029",12.7336055555556,55.8616666666667,"2021-09-07","Karmik",7,9,2021,0,325.801162719727,"K)   Karmik","K",2.51428359303132,NA
"MST2021-029",85.881471633911,"Mnelei","Mnelei.MST2021-029","black","aaLQ","ddPCR",85.881471633911,0.565945481842138,0.00943242469736896,1.45512744784355,1.93892716856468,"black","MST2021029",12.7336055555556,55.8616666666667,"2021-09-07","Mnelei",7,9,2021,0,85.881471633911,"L)   Mnelei","L",1.93892716856468,NA
"MST2021-029",0,"Myaare","Myaare.MST2021-029","white","no Cq","ddPCR",0,1.00471092350427,0.0167451820584044,5.1446944475174,NA,"white","MST2021029",12.7336055555556,55.8616666666667,"2021-09-07","Myaare",7,9,2021,0,0,"M)   Myaare","M",NA,NA
"MST2021-029",0.358997471630573,"Oncmyk","Oncmyk.MST2021-029","white","aaLQ","ddPCR",0.358997471630573,0.483938046437317,0.0806563410728862,1.06313988566398,0.133218648742861,"black","MST2021029",12.7336055555556,55.8616666666667,"2021-09-07","Oncmyk",7,9,2021,0,0.358997471630573,"N)   Oncmyk","N",0.133218648742861,NA
"MST2021-029",0.503345988690855,"Promin","Promin.MST2021-029","orange","aaLQ","ddPCR",0.503345988690855,0.558615680442301,0.01862052268141,0.560731440782545,0.177058943119809,"black","MST2021029",12.7336055555556,55.8616666666667,"2021-09-07","Promin",7,9,2021,0,0.503345988690855,"O)   Promin","O",0.177058943119809,NA
"MST2021-029",0,"Psefar","Psefar.MST2021-029","white","no Cq","ddPCR",0,0.548095136203483,0.0274047568101742,7.0030003786087,NA,"white","MST2021029",12.7336055555556,55.8616666666667,"2021-09-07","Psefar",7,9,2021,0,0,"P)   Psefar","P",NA,NA
"MST2021-029",0,"Psever","Psever.MST2021-029","white","no Cq","ddPCR",0,0.697051909649079,0.0232350636549693,0.447889193892479,NA,"white","MST2021029",12.7336055555556,55.8616666666667,"2021-09-07","Psever",7,9,2021,0,0,"NA)   Psever",NA,NA,NA
"MST2021-030",0,"Bonham","Bonham.MST2021-030","white","no Cq","qPCR",0,0.617616142109215,0.0308808071054608,0.602823607623575,NA,"white","MST2021030",9.06681944444444,56.6208333333333,"2021-05-26","Bonham",26,5,2021,0,0,"A)   Bonham","A",NA,NA
"MST2021-030",0,"Calsap","Calsap.MST2021-030","white","no Cq","qPCR",0,0.63699006851343,0.0106165011418905,6.69409215450285,NA,"white","MST2021030",9.06681944444444,56.6208333333333,"2021-05-26","Calsap",26,5,2021,0,0,"B)   Calsap","B",NA,NA
"MST2021-030",0,"Caraur","Caraur.MST2021-030","white","no Cq","qPCR",0,0.0225471728962503,0.0958446595718793,3.49066555500031,NA,"white","MST2021030",9.06681944444444,56.6208333333333,"2021-05-26","Caraur",26,5,2021,0,0,"C)   Caraur","C",NA,NA
"MST2021-030",0,"Colper","Colper.MST2021-030","white","no Cq","qPCR",0,1.0579731951097,0.0176328865851616,1.05264455080033,NA,"white","MST2021030",9.06681944444444,56.6208333333333,"2021-05-26","Colper",26,5,2021,0,0,"D)   Colper","D",NA,NA
"MST2021-030",0,"Corcas","Corcas.MST2021-030","white","no Cq","qPCR",0,1.26214731581735,0.0420715771939118,0.360338948667049,NA,"white","MST2021030",9.06681944444444,56.6208333333333,"2021-05-26","Corcas",26,5,2021,0,0,"E)   Corcas","E",NA,NA
"MST2021-030",0,"Cragig","Cragig.MST2021-030","white","no Cq","qPCR",0,0.819268298830287,0.0123110535560807,5.31343579292295,NA,"white","MST2021030",9.06681944444444,56.6208333333333,"2021-05-26","Cragig",26,5,2021,0,0,"F)   Cragig","F",NA,NA
"MST2021-030",0,"Erisin","Erisin.MST2021-030","white","no Cq","qPCR",0,0.364685853592156,0.0548009373867898,1.68553620576858,NA,"white","MST2021030",9.06681944444444,56.6208333333333,"2021-05-26","Erisin",26,5,2021,0,0,"G)   Erisin","G",NA,NA
"MST2021-030",0,"Hemsan","Hemsan.MST2021-030","white","no Cq","qPCR",0,0.631671659618149,0.0105278609936358,0.322470888495446,NA,"white","MST2021030",9.06681944444444,56.6208333333333,"2021-05-26","Hemsan",26,5,2021,0,0,"H)   Hemsan","H",NA,NA
"MST2021-030",0,"Hemtak","Hemtak.MST2021-030","white","no Cq","qPCR",0,0.563037107717149,0.0281518553858574,5.6800436973572,NA,"white","MST2021030",9.06681944444444,56.6208333333333,"2021-05-26","Hemtak",26,5,2021,0,0,"I)   Hemtak","I",NA,NA
"MST2021-030",0,"Homame","Homame.MST2021-030","white","no Cq","qPCR",0,0.615627075262864,26.1693861679721,0.335798636078835,NA,"white","MST2021030",9.06681944444444,56.6208333333333,"2021-05-26","Homame",26,5,2021,0,0,"J)   Homame","J",NA,NA
"MST2021-030",0,"Karmik","Karmik.MST2021-030","white","no Cq","qPCR",0,0.249514042078587,0.0499028084157174,0.409050658345222,NA,"white","MST2021030",9.06681944444444,56.6208333333333,"2021-05-26","Karmik",26,5,2021,0,0,"K)   Karmik","K",NA,NA
"MST2021-030",0,"Mnelei","Mnelei.MST2021-030","white","no Cq","qPCR",0,0.565945481842138,0.00943242469736896,1.45512744784355,NA,"white","MST2021030",9.06681944444444,56.6208333333333,"2021-05-26","Mnelei",26,5,2021,0,0,"L)   Mnelei","L",NA,NA
"MST2021-030",0.961173450152414,"Myaare","Myaare.MST2021-030","red","1aLQ","qPCR",0.961173450152414,1.00471092350427,0.0167451820584044,5.1446944475174,0.292516005250079,"red","MST2021030",9.06681944444444,56.6208333333333,"2021-05-26","Myaare",26,5,2021,0.961173450152414,0,"M)   Myaare","M",NA,0.292516005250079
"MST2021-030",1.20823198927184,"Oncmyk","Oncmyk.MST2021-030","yellow","bLD","qPCR",1.20823198927184,0.483938046437317,0.0806563410728862,1.06313988566398,0.344044696941274,"yellow","MST2021030",9.06681944444444,56.6208333333333,"2021-05-26","Oncmyk",26,5,2021,1.20823198927184,0,"N)   Oncmyk","N",NA,0.344044696941274
"MST2021-030",0,"Promin","Promin.MST2021-030","white","no Cq","qPCR",0,0.558615680442301,0.01862052268141,0.560731440782545,NA,"white","MST2021030",9.06681944444444,56.6208333333333,"2021-05-26","Promin",26,5,2021,0,0,"O)   Promin","O",NA,NA
"MST2021-030",0,"Psefar","Psefar.MST2021-030","white","no Cq","qPCR",0,0.548095136203483,0.0274047568101742,7.0030003786087,NA,"white","MST2021030",9.06681944444444,56.6208333333333,"2021-05-26","Psefar",26,5,2021,0,0,"P)   Psefar","P",NA,NA
"MST2021-030",0,"Psever","Psever.MST2021-030","white","no Cq","qPCR",0,0.697051909649079,0.0232350636549693,0.447889193892479,NA,"white","MST2021030",9.06681944444444,56.6208333333333,"2021-05-26","Psever",26,5,2021,0,0,"NA)   Psever",NA,NA,NA
"MST2021-030",0,"Bonham","Bonham.MST2021-030","white","no Cq","ddPCR",0,0.617616142109215,0.0308808071054608,0.602823607623575,NA,"white","MST2021030",9.06681944444444,56.6208333333333,"2021-05-26","Bonham",26,5,2021,0,0,"A)   Bonham","A",NA,NA
"MST2021-030",0,"Calsap","Calsap.MST2021-030","white","no Cq","ddPCR",0,0.63699006851343,0.0106165011418905,6.69409215450285,NA,"white","MST2021030",9.06681944444444,56.6208333333333,"2021-05-26","Calsap",26,5,2021,0,0,"B)   Calsap","B",NA,NA
"MST2021-030",0,"Caraur","Caraur.MST2021-030","white","no Cq","ddPCR",0,0.0225471728962503,0.0958446595718793,3.49066555500031,NA,"white","MST2021030",9.06681944444444,56.6208333333333,"2021-05-26","Caraur",26,5,2021,0,0,"C)   Caraur","C",NA,NA
"MST2021-030",0,"Colper","Colper.MST2021-030","white","no Cq","ddPCR",0,1.0579731951097,0.0176328865851616,1.05264455080033,NA,"white","MST2021030",9.06681944444444,56.6208333333333,"2021-05-26","Colper",26,5,2021,0,0,"D)   Colper","D",NA,NA
"MST2021-030",0,"Corcas","Corcas.MST2021-030","white","no Cq","ddPCR",0,1.26214731581735,0.0420715771939118,0.360338948667049,NA,"white","MST2021030",9.06681944444444,56.6208333333333,"2021-05-26","Corcas",26,5,2021,0,0,"E)   Corcas","E",NA,NA
"MST2021-030",0,"Cragig","Cragig.MST2021-030","white","no Cq","ddPCR",0,0.819268298830287,0.0123110535560807,5.31343579292295,NA,"white","MST2021030",9.06681944444444,56.6208333333333,"2021-05-26","Cragig",26,5,2021,0,0,"F)   Cragig","F",NA,NA
"MST2021-030",0.310980565845967,"Erisin","Erisin.MST2021-030","white","aaLQ","ddPCR",0.310980565845967,0.364685853592156,0.0548009373867898,1.68553620576858,0.117596253697395,"black","MST2021030",9.06681944444444,56.6208333333333,"2021-05-26","Erisin",26,5,2021,0,0.310980565845967,"G)   Erisin","G",0.117596253697395,NA
"MST2021-030",0,"Hemsan","Hemsan.MST2021-030","white","no Cq","ddPCR",0,0.631671659618149,0.0105278609936358,0.322470888495446,NA,"white","MST2021030",9.06681944444444,56.6208333333333,"2021-05-26","Hemsan",26,5,2021,0,0,"H)   Hemsan","H",NA,NA
"MST2021-030",0,"Hemtak","Hemtak.MST2021-030","white","no Cq","ddPCR",0,0.563037107717149,0.0281518553858574,5.6800436973572,NA,"white","MST2021030",9.06681944444444,56.6208333333333,"2021-05-26","Hemtak",26,5,2021,0,0,"I)   Hemtak","I",NA,NA
"MST2021-030",0,"Homame","Homame.MST2021-030","white","no Cq","ddPCR",0,0.615627075262864,26.1693861679721,0.335798636078835,NA,"white","MST2021030",9.06681944444444,56.6208333333333,"2021-05-26","Homame",26,5,2021,0,0,"J)   Homame","J",NA,NA
"MST2021-030",0.71920193731785,"Karmik","Karmik.MST2021-030","white","aaLQ","ddPCR",0.71920193731785,0.249514042078587,0.0499028084157174,0.409050658345222,0.235326891877278,"black","MST2021030",9.06681944444444,56.6208333333333,"2021-05-26","Karmik",26,5,2021,0,0.71920193731785,"K)   Karmik","K",0.235326891877278,NA
"MST2021-030",0,"Mnelei","Mnelei.MST2021-030","white","no Cq","ddPCR",0,0.565945481842138,0.00943242469736896,1.45512744784355,NA,"white","MST2021030",9.06681944444444,56.6208333333333,"2021-05-26","Mnelei",26,5,2021,0,0,"L)   Mnelei","L",NA,NA
"MST2021-030",0.88747814297676,"Myaare","Myaare.MST2021-030","red","aaLQ","ddPCR",0.88747814297676,1.00471092350427,0.0167451820584044,5.1446944475174,0.275881931194182,"black","MST2021030",9.06681944444444,56.6208333333333,"2021-05-26","Myaare",26,5,2021,0,0.88747814297676,"M)   Myaare","M",0.275881931194182,NA
"MST2021-030",0,"Oncmyk","Oncmyk.MST2021-030","yellow","no Cq","ddPCR",0,0.483938046437317,0.0806563410728862,1.06313988566398,NA,"white","MST2021030",9.06681944444444,56.6208333333333,"2021-05-26","Oncmyk",26,5,2021,0,0,"N)   Oncmyk","N",NA,NA
"MST2021-030",0.50751503556967,"Promin","Promin.MST2021-030","white","aaLQ","ddPCR",0.50751503556967,0.558615680442301,0.01862052268141,0.560731440782545,0.178261652375954,"black","MST2021030",9.06681944444444,56.6208333333333,"2021-05-26","Promin",26,5,2021,0,0.50751503556967,"O)   Promin","O",0.178261652375954,NA
"MST2021-030",0,"Psefar","Psefar.MST2021-030","white","no Cq","ddPCR",0,0.548095136203483,0.0274047568101742,7.0030003786087,NA,"white","MST2021030",9.06681944444444,56.6208333333333,"2021-05-26","Psefar",26,5,2021,0,0,"P)   Psefar","P",NA,NA
"MST2021-030",0,"Psever","Psever.MST2021-030","white","no Cq","ddPCR",0,0.697051909649079,0.0232350636549693,0.447889193892479,NA,"white","MST2021030",9.06681944444444,56.6208333333333,"2021-05-26","Psever",26,5,2021,0,0,"NA)   Psever",NA,NA,NA
"MST2021-031",0,"Bonham","Bonham.MST2021-031","white","no Cq","qPCR",0,0.617616142109215,0.0308808071054608,0.602823607623575,NA,"white","MST2021031",9.90025555555555,57.6078333333333,"2021-06-17","Bonham",17,6,2021,0,0,"A)   Bonham","A",NA,NA
"MST2021-031",0,"Calsap","Calsap.MST2021-031","white","no Cq","qPCR",0,0.63699006851343,0.0106165011418905,6.69409215450285,NA,"white","MST2021031",9.90025555555555,57.6078333333333,"2021-06-17","Calsap",17,6,2021,0,0,"B)   Calsap","B",NA,NA
"MST2021-031",0,"Caraur","Caraur.MST2021-031","white","no Cq","qPCR",0,0.0225471728962503,0.0958446595718793,3.49066555500031,NA,"white","MST2021031",9.90025555555555,57.6078333333333,"2021-06-17","Caraur",17,6,2021,0,0,"C)   Caraur","C",NA,NA
"MST2021-031",0,"Colper","Colper.MST2021-031","white","no Cq","qPCR",0,1.0579731951097,0.0176328865851616,1.05264455080033,NA,"white","MST2021031",9.90025555555555,57.6078333333333,"2021-06-17","Colper",17,6,2021,0,0,"D)   Colper","D",NA,NA
"MST2021-031",0,"Corcas","Corcas.MST2021-031","white","no Cq","qPCR",0,1.26214731581735,0.0420715771939118,0.360338948667049,NA,"white","MST2021031",9.90025555555555,57.6078333333333,"2021-06-17","Corcas",17,6,2021,0,0,"E)   Corcas","E",NA,NA
"MST2021-031",0,"Cragig","Cragig.MST2021-031","white","no Cq","qPCR",0,0.819268298830287,0.0123110535560807,5.31343579292295,NA,"white","MST2021031",9.90025555555555,57.6078333333333,"2021-06-17","Cragig",17,6,2021,0,0,"F)   Cragig","F",NA,NA
"MST2021-031",0,"Erisin","Erisin.MST2021-031","white","no Cq","qPCR",0,0.364685853592156,0.0548009373867898,1.68553620576858,NA,"white","MST2021031",9.90025555555555,57.6078333333333,"2021-06-17","Erisin",17,6,2021,0,0,"G)   Erisin","G",NA,NA
"MST2021-031",0,"Hemsan","Hemsan.MST2021-031","white","no Cq","qPCR",0,0.631671659618149,0.0105278609936358,0.322470888495446,NA,"white","MST2021031",9.90025555555555,57.6078333333333,"2021-06-17","Hemsan",17,6,2021,0,0,"H)   Hemsan","H",NA,NA
"MST2021-031",0,"Hemtak","Hemtak.MST2021-031","white","no Cq","qPCR",0,0.563037107717149,0.0281518553858574,5.6800436973572,NA,"white","MST2021031",9.90025555555555,57.6078333333333,"2021-06-17","Hemtak",17,6,2021,0,0,"I)   Hemtak","I",NA,NA
"MST2021-031",0,"Homame","Homame.MST2021-031","white","no Cq","qPCR",0,0.615627075262864,26.1693861679721,0.335798636078835,NA,"white","MST2021031",9.90025555555555,57.6078333333333,"2021-06-17","Homame",17,6,2021,0,0,"J)   Homame","J",NA,NA
"MST2021-031",12.3564898393807,"Karmik","Karmik.MST2021-031","black","aaLQ","qPCR",12.3564898393807,0.249514042078587,0.0499028084157174,0.409050658345222,1.12569233810314,"black","MST2021031",9.90025555555555,57.6078333333333,"2021-06-17","Karmik",17,6,2021,12.3564898393807,0,"K)   Karmik","K",NA,1.12569233810314
"MST2021-031",0.10165009682198,"Mnelei","Mnelei.MST2021-031","yellow","bLD","qPCR",0.10165009682198,0.565945481842138,0.00943242469736896,1.45512744784355,0.0420436769571566,"yellow","MST2021031",9.90025555555555,57.6078333333333,"2021-06-17","Mnelei",17,6,2021,0.10165009682198,0,"L)   Mnelei","L",NA,0.0420436769571566
"MST2021-031",0,"Myaare","Myaare.MST2021-031","white","no Cq","qPCR",0,1.00471092350427,0.0167451820584044,5.1446944475174,NA,"white","MST2021031",9.90025555555555,57.6078333333333,"2021-06-17","Myaare",17,6,2021,0,0,"M)   Myaare","M",NA,NA
"MST2021-031",0,"Oncmyk","Oncmyk.MST2021-031","white","no Cq","qPCR",0,0.483938046437317,0.0806563410728862,1.06313988566398,NA,"white","MST2021031",9.90025555555555,57.6078333333333,"2021-06-17","Oncmyk",17,6,2021,0,0,"N)   Oncmyk","N",NA,NA
"MST2021-031",0,"Promin","Promin.MST2021-031","white","no Cq","qPCR",0,0.558615680442301,0.01862052268141,0.560731440782545,NA,"white","MST2021031",9.90025555555555,57.6078333333333,"2021-06-17","Promin",17,6,2021,0,0,"O)   Promin","O",NA,NA
"MST2021-031",11.4661502493769,"Psefar","Psefar.MST2021-031","black","aaLQ","qPCR",11.4661502493769,0.548095136203483,0.0274047568101742,7.0030003786087,1.09573235696012,"black","MST2021031",9.90025555555555,57.6078333333333,"2021-06-17","Psefar",17,6,2021,11.4661502493769,0,"P)   Psefar","P",NA,1.09573235696012
"MST2021-031",0.0757308174727632,"Psever","Psever.MST2021-031","orange","aLDbLQ","qPCR",0.0757308174727632,0.697051909649079,0.0232350636549693,0.447889193892479,0.0317036104459659,"orange","MST2021031",9.90025555555555,57.6078333333333,"2021-06-17","Psever",17,6,2021,0.0757308174727632,0,"NA)   Psever",NA,NA,0.0317036104459659
"MST2021-031",0,"Bonham","Bonham.MST2021-031","white","no Cq","ddPCR",0,0.617616142109215,0.0308808071054608,0.602823607623575,NA,"white","MST2021031",9.90025555555555,57.6078333333333,"2021-06-17","Bonham",17,6,2021,0,0,"A)   Bonham","A",NA,NA
"MST2021-031",0,"Calsap","Calsap.MST2021-031","white","no Cq","ddPCR",0,0.63699006851343,0.0106165011418905,6.69409215450285,NA,"white","MST2021031",9.90025555555555,57.6078333333333,"2021-06-17","Calsap",17,6,2021,0,0,"B)   Calsap","B",NA,NA
"MST2021-031",0,"Caraur","Caraur.MST2021-031","white","no Cq","ddPCR",0,0.0225471728962503,0.0958446595718793,3.49066555500031,NA,"white","MST2021031",9.90025555555555,57.6078333333333,"2021-06-17","Caraur",17,6,2021,0,0,"C)   Caraur","C",NA,NA
"MST2021-031",0,"Colper","Colper.MST2021-031","white","no Cq","ddPCR",0,1.0579731951097,0.0176328865851616,1.05264455080033,NA,"white","MST2021031",9.90025555555555,57.6078333333333,"2021-06-17","Colper",17,6,2021,0,0,"D)   Colper","D",NA,NA
"MST2021-031",0,"Corcas","Corcas.MST2021-031","white","no Cq","ddPCR",0,1.26214731581735,0.0420715771939118,0.360338948667049,NA,"white","MST2021031",9.90025555555555,57.6078333333333,"2021-06-17","Corcas",17,6,2021,0,0,"E)   Corcas","E",NA,NA
"MST2021-031",0,"Cragig","Cragig.MST2021-031","white","no Cq","ddPCR",0,0.819268298830287,0.0123110535560807,5.31343579292295,NA,"white","MST2021031",9.90025555555555,57.6078333333333,"2021-06-17","Cragig",17,6,2021,0,0,"F)   Cragig","F",NA,NA
"MST2021-031",0.372760891914367,"Erisin","Erisin.MST2021-031","white","aaLQ","ddPCR",0.372760891914367,0.364685853592156,0.0548009373867898,1.68553620576858,0.137594898223368,"black","MST2021031",9.90025555555555,57.6078333333333,"2021-06-17","Erisin",17,6,2021,0,0.372760891914367,"G)   Erisin","G",0.137594898223368,NA
"MST2021-031",0,"Hemsan","Hemsan.MST2021-031","white","no Cq","ddPCR",0,0.631671659618149,0.0105278609936358,0.322470888495446,NA,"white","MST2021031",9.90025555555555,57.6078333333333,"2021-06-17","Hemsan",17,6,2021,0,0,"H)   Hemsan","H",NA,NA
"MST2021-031",0,"Hemtak","Hemtak.MST2021-031","white","no Cq","ddPCR",0,0.563037107717149,0.0281518553858574,5.6800436973572,NA,"white","MST2021031",9.90025555555555,57.6078333333333,"2021-06-17","Hemtak",17,6,2021,0,0,"I)   Hemtak","I",NA,NA
"MST2021-031",0,"Homame","Homame.MST2021-031","white","no Cq","ddPCR",0,0.615627075262864,26.1693861679721,0.335798636078835,NA,"white","MST2021031",9.90025555555555,57.6078333333333,"2021-06-17","Homame",17,6,2021,0,0,"J)   Homame","J",NA,NA
"MST2021-031",21.3930797576905,"Karmik","Karmik.MST2021-031","black","aaLQ","ddPCR",21.3930797576905,0.249514042078587,0.0499028084157174,0.409050658345222,1.35011382693278,"black","MST2021031",9.90025555555555,57.6078333333333,"2021-06-17","Karmik",17,6,2021,0,21.3930797576905,"K)   Karmik","K",1.35011382693278,NA
"MST2021-031",0.415875613689422,"Mnelei","Mnelei.MST2021-031","yellow","aaLQ","ddPCR",0.415875613689422,0.565945481842138,0.00943242469736896,1.45512744784355,0.15102510175692,"black","MST2021031",9.90025555555555,57.6078333333333,"2021-06-17","Mnelei",17,6,2021,0,0.415875613689422,"L)   Mnelei","L",0.15102510175692,NA
"MST2021-031",0,"Myaare","Myaare.MST2021-031","white","no Cq","ddPCR",0,1.00471092350427,0.0167451820584044,5.1446944475174,NA,"white","MST2021031",9.90025555555555,57.6078333333333,"2021-06-17","Myaare",17,6,2021,0,0,"M)   Myaare","M",NA,NA
"MST2021-031",0,"Oncmyk","Oncmyk.MST2021-031","white","no Cq","ddPCR",0,0.483938046437317,0.0806563410728862,1.06313988566398,NA,"white","MST2021031",9.90025555555555,57.6078333333333,"2021-06-17","Oncmyk",17,6,2021,0,0,"N)   Oncmyk","N",NA,NA
"MST2021-031",0,"Promin","Promin.MST2021-031","white","no Cq","ddPCR",0,0.558615680442301,0.01862052268141,0.560731440782545,NA,"white","MST2021031",9.90025555555555,57.6078333333333,"2021-06-17","Promin",17,6,2021,0,0,"O)   Promin","O",NA,NA
"MST2021-031",0,"Psefar","Psefar.MST2021-031","black","no Cq","ddPCR",0,0.548095136203483,0.0274047568101742,7.0030003786087,NA,"white","MST2021031",9.90025555555555,57.6078333333333,"2021-06-17","Psefar",17,6,2021,0,0,"P)   Psefar","P",NA,NA
"MST2021-031",0,"Psever","Psever.MST2021-031","orange","no Cq","ddPCR",0,0.697051909649079,0.0232350636549693,0.447889193892479,NA,"white","MST2021031",9.90025555555555,57.6078333333333,"2021-06-17","Psever",17,6,2021,0,0,"NA)   Psever",NA,NA,NA
"MST2021-032",0,"Bonham","Bonham.MST2021-032","white","no Cq","qPCR",0,0.617616142109215,0.0308808071054608,0.602823607623575,NA,"white","MST2021032",10.4687805555556,57.5407666666667,"2021-06-23","Bonham",23,6,2021,0,0,"A)   Bonham","A",NA,NA
"MST2021-032",0,"Calsap","Calsap.MST2021-032","white","no Cq","qPCR",0,0.63699006851343,0.0106165011418905,6.69409215450285,NA,"white","MST2021032",10.4687805555556,57.5407666666667,"2021-06-23","Calsap",23,6,2021,0,0,"B)   Calsap","B",NA,NA
"MST2021-032",0,"Caraur","Caraur.MST2021-032","white","no Cq","qPCR",0,0.0225471728962503,0.0958446595718793,3.49066555500031,NA,"white","MST2021032",10.4687805555556,57.5407666666667,"2021-06-23","Caraur",23,6,2021,0,0,"C)   Caraur","C",NA,NA
"MST2021-032",0,"Colper","Colper.MST2021-032","white","no Cq","qPCR",0,1.0579731951097,0.0176328865851616,1.05264455080033,NA,"white","MST2021032",10.4687805555556,57.5407666666667,"2021-06-23","Colper",23,6,2021,0,0,"D)   Colper","D",NA,NA
"MST2021-032",0,"Corcas","Corcas.MST2021-032","white","no Cq","qPCR",0,1.26214731581735,0.0420715771939118,0.360338948667049,NA,"white","MST2021032",10.4687805555556,57.5407666666667,"2021-06-23","Corcas",23,6,2021,0,0,"E)   Corcas","E",NA,NA
"MST2021-032",0,"Cragig","Cragig.MST2021-032","white","no Cq","qPCR",0,0.819268298830287,0.0123110535560807,5.31343579292295,NA,"white","MST2021032",10.4687805555556,57.5407666666667,"2021-06-23","Cragig",23,6,2021,0,0,"F)   Cragig","F",NA,NA
"MST2021-032",0,"Erisin","Erisin.MST2021-032","white","no Cq","qPCR",0,0.364685853592156,0.0548009373867898,1.68553620576858,NA,"white","MST2021032",10.4687805555556,57.5407666666667,"2021-06-23","Erisin",23,6,2021,0,0,"G)   Erisin","G",NA,NA
"MST2021-032",0,"Hemsan","Hemsan.MST2021-032","white","no Cq","qPCR",0,0.631671659618149,0.0105278609936358,0.322470888495446,NA,"white","MST2021032",10.4687805555556,57.5407666666667,"2021-06-23","Hemsan",23,6,2021,0,0,"H)   Hemsan","H",NA,NA
"MST2021-032",0,"Hemtak","Hemtak.MST2021-032","white","no Cq","qPCR",0,0.563037107717149,0.0281518553858574,5.6800436973572,NA,"white","MST2021032",10.4687805555556,57.5407666666667,"2021-06-23","Hemtak",23,6,2021,0,0,"I)   Hemtak","I",NA,NA
"MST2021-032",0,"Homame","Homame.MST2021-032","white","no Cq","qPCR",0,0.615627075262864,26.1693861679721,0.335798636078835,NA,"white","MST2021032",10.4687805555556,57.5407666666667,"2021-06-23","Homame",23,6,2021,0,0,"J)   Homame","J",NA,NA
"MST2021-032",0,"Karmik","Karmik.MST2021-032","white","no Cq","qPCR",0,0.249514042078587,0.0499028084157174,0.409050658345222,NA,"white","MST2021032",10.4687805555556,57.5407666666667,"2021-06-23","Karmik",23,6,2021,0,0,"K)   Karmik","K",NA,NA
"MST2021-032",3.21645682180282,"Mnelei","Mnelei.MST2021-032","black","aaLQ","qPCR",3.21645682180282,0.565945481842138,0.00943242469736896,1.45512744784355,0.624947657337428,"black","MST2021032",10.4687805555556,57.5407666666667,"2021-06-23","Mnelei",23,6,2021,3.21645682180282,0,"L)   Mnelei","L",NA,0.624947657337428
"MST2021-032",0.0383018130949237,"Myaare","Myaare.MST2021-032","orange","aLDbLQ","qPCR",0.0383018130949237,1.00471092350427,0.0167451820584044,5.1446944475174,0.0163236123846204,"orange","MST2021032",10.4687805555556,57.5407666666667,"2021-06-23","Myaare",23,6,2021,0.0383018130949237,0,"M)   Myaare","M",NA,0.0163236123846204
"MST2021-032",0,"Oncmyk","Oncmyk.MST2021-032","white","no Cq","qPCR",0,0.483938046437317,0.0806563410728862,1.06313988566398,NA,"white","MST2021032",10.4687805555556,57.5407666666667,"2021-06-23","Oncmyk",23,6,2021,0,0,"N)   Oncmyk","N",NA,NA
"MST2021-032",0,"Promin","Promin.MST2021-032","white","no Cq","qPCR",0,0.558615680442301,0.01862052268141,0.560731440782545,NA,"white","MST2021032",10.4687805555556,57.5407666666667,"2021-06-23","Promin",23,6,2021,0,0,"O)   Promin","O",NA,NA
"MST2021-032",75.3813510658524,"Psefar","Psefar.MST2021-032","black","aaLQ","qPCR",75.3813510658524,0.548095136203483,0.0274047568101742,7.0030003786087,1.88298733609091,"black","MST2021032",10.4687805555556,57.5407666666667,"2021-06-23","Psefar",23,6,2021,75.3813510658524,0,"P)   Psefar","P",NA,1.88298733609091
"MST2021-032",1.49556359725819,"Psever","Psever.MST2021-032","black","aaLQ","qPCR",1.49556359725819,0.697051909649079,0.0232350636549693,0.447889193892479,0.397168641958646,"black","MST2021032",10.4687805555556,57.5407666666667,"2021-06-23","Psever",23,6,2021,1.49556359725819,0,"NA)   Psever",NA,NA,0.397168641958646
"MST2021-032",0,"Bonham","Bonham.MST2021-032","white","no Cq","ddPCR",0,0.617616142109215,0.0308808071054608,0.602823607623575,NA,"white","MST2021032",10.4687805555556,57.5407666666667,"2021-06-23","Bonham",23,6,2021,0,0,"A)   Bonham","A",NA,NA
"MST2021-032",0,"Calsap","Calsap.MST2021-032","white","no Cq","ddPCR",0,0.63699006851343,0.0106165011418905,6.69409215450285,NA,"white","MST2021032",10.4687805555556,57.5407666666667,"2021-06-23","Calsap",23,6,2021,0,0,"B)   Calsap","B",NA,NA
"MST2021-032",0,"Caraur","Caraur.MST2021-032","white","no Cq","ddPCR",0,0.0225471728962503,0.0958446595718793,3.49066555500031,NA,"white","MST2021032",10.4687805555556,57.5407666666667,"2021-06-23","Caraur",23,6,2021,0,0,"C)   Caraur","C",NA,NA
"MST2021-032",0,"Colper","Colper.MST2021-032","white","no Cq","ddPCR",0,1.0579731951097,0.0176328865851616,1.05264455080033,NA,"white","MST2021032",10.4687805555556,57.5407666666667,"2021-06-23","Colper",23,6,2021,0,0,"D)   Colper","D",NA,NA
"MST2021-032",0,"Corcas","Corcas.MST2021-032","white","no Cq","ddPCR",0,1.26214731581735,0.0420715771939118,0.360338948667049,NA,"white","MST2021032",10.4687805555556,57.5407666666667,"2021-06-23","Corcas",23,6,2021,0,0,"E)   Corcas","E",NA,NA
"MST2021-032",0,"Cragig","Cragig.MST2021-032","white","no Cq","ddPCR",0,0.819268298830287,0.0123110535560807,5.31343579292295,NA,"white","MST2021032",10.4687805555556,57.5407666666667,"2021-06-23","Cragig",23,6,2021,0,0,"F)   Cragig","F",NA,NA
"MST2021-032",0,"Erisin","Erisin.MST2021-032","white","no Cq","ddPCR",0,0.364685853592156,0.0548009373867898,1.68553620576858,NA,"white","MST2021032",10.4687805555556,57.5407666666667,"2021-06-23","Erisin",23,6,2021,0,0,"G)   Erisin","G",NA,NA
"MST2021-032",0,"Hemsan","Hemsan.MST2021-032","white","no Cq","ddPCR",0,0.631671659618149,0.0105278609936358,0.322470888495446,NA,"white","MST2021032",10.4687805555556,57.5407666666667,"2021-06-23","Hemsan",23,6,2021,0,0,"H)   Hemsan","H",NA,NA
"MST2021-032",0,"Hemtak","Hemtak.MST2021-032","white","no Cq","ddPCR",0,0.563037107717149,0.0281518553858574,5.6800436973572,NA,"white","MST2021032",10.4687805555556,57.5407666666667,"2021-06-23","Hemtak",23,6,2021,0,0,"I)   Hemtak","I",NA,NA
"MST2021-032",0,"Homame","Homame.MST2021-032","white","no Cq","ddPCR",0,0.615627075262864,26.1693861679721,0.335798636078835,NA,"white","MST2021032",10.4687805555556,57.5407666666667,"2021-06-23","Homame",23,6,2021,0,0,"J)   Homame","J",NA,NA
"MST2021-032",0.356971397995949,"Karmik","Karmik.MST2021-032","white","aaLQ","ddPCR",0.356971397995949,0.249514042078587,0.0499028084157174,0.409050658345222,0.132570693773635,"black","MST2021032",10.4687805555556,57.5407666666667,"2021-06-23","Karmik",23,6,2021,0,0.356971397995949,"K)   Karmik","K",0.132570693773635,NA
"MST2021-032",8.61102283000945,"Mnelei","Mnelei.MST2021-032","black","aaLQ","ddPCR",8.61102283000945,0.565945481842138,0.00943242469736896,1.45512744784355,0.982769608874709,"black","MST2021032",10.4687805555556,57.5407666666667,"2021-06-23","Mnelei",23,6,2021,0,8.61102283000945,"L)   Mnelei","L",0.982769608874709,NA
"MST2021-032",0,"Myaare","Myaare.MST2021-032","orange","no Cq","ddPCR",0,1.00471092350427,0.0167451820584044,5.1446944475174,NA,"white","MST2021032",10.4687805555556,57.5407666666667,"2021-06-23","Myaare",23,6,2021,0,0,"M)   Myaare","M",NA,NA
"MST2021-032",0,"Oncmyk","Oncmyk.MST2021-032","white","no Cq","ddPCR",0,0.483938046437317,0.0806563410728862,1.06313988566398,NA,"white","MST2021032",10.4687805555556,57.5407666666667,"2021-06-23","Oncmyk",23,6,2021,0,0,"N)   Oncmyk","N",NA,NA
"MST2021-032",0,"Promin","Promin.MST2021-032","white","no Cq","ddPCR",0,0.558615680442301,0.01862052268141,0.560731440782545,NA,"white","MST2021032",10.4687805555556,57.5407666666667,"2021-06-23","Promin",23,6,2021,0,0,"O)   Promin","O",NA,NA
"MST2021-032",218.83430480957,"Psefar","Psefar.MST2021-032","black","aaLQ","ddPCR",218.83430480957,0.548095136203483,0.0274047568101742,7.0030003786087,2.34209546437047,"black","MST2021032",10.4687805555556,57.5407666666667,"2021-06-23","Psefar",23,6,2021,0,218.83430480957,"P)   Psefar","P",2.34209546437047,NA
"MST2021-032",2.12858811020851,"Psever","Psever.MST2021-032","black","aaLQ","ddPCR",2.12858811020851,0.697051909649079,0.0232350636549693,0.447889193892479,0.495348390490945,"black","MST2021032",10.4687805555556,57.5407666666667,"2021-06-23","Psever",23,6,2021,0,2.12858811020851,"NA)   Psever",NA,0.495348390490945,NA
"MST2021-039",0,"Bonham","Bonham.MST2021-039","white","no Cq","qPCR",0,0.617616142109215,0.0308808071054608,0.602823607623575,NA,"white","MST2021039",9.96678333333333,56.6626666666667,"2021-05-07","Bonham",7,5,2021,0,0,"A)   Bonham","A",NA,NA
"MST2021-039",0.0400595976420668,"Calsap","Calsap.MST2021-039","orange","aLDbLQ","qPCR",0.0400595976420668,0.63699006851343,0.0106165011418905,6.69409215450285,0.0170582260156037,"orange","MST2021039",9.96678333333333,56.6626666666667,"2021-05-07","Calsap",7,5,2021,0.0400595976420668,0,"B)   Calsap","B",NA,0.0170582260156037
"MST2021-039",0,"Caraur","Caraur.MST2021-039","white","no Cq","qPCR",0,0.0225471728962503,0.0958446595718793,3.49066555500031,NA,"white","MST2021039",9.96678333333333,56.6626666666667,"2021-05-07","Caraur",7,5,2021,0,0,"C)   Caraur","C",NA,NA
"MST2021-039",0,"Colper","Colper.MST2021-039","white","no Cq","qPCR",0,1.0579731951097,0.0176328865851616,1.05264455080033,NA,"white","MST2021039",9.96678333333333,56.6626666666667,"2021-05-07","Colper",7,5,2021,0,0,"D)   Colper","D",NA,NA
"MST2021-039",0,"Corcas","Corcas.MST2021-039","white","no Cq","qPCR",0,1.26214731581735,0.0420715771939118,0.360338948667049,NA,"white","MST2021039",9.96678333333333,56.6626666666667,"2021-05-07","Corcas",7,5,2021,0,0,"E)   Corcas","E",NA,NA
"MST2021-039",0,"Cragig","Cragig.MST2021-039","white","no Cq","qPCR",0,0.819268298830287,0.0123110535560807,5.31343579292295,NA,"white","MST2021039",9.96678333333333,56.6626666666667,"2021-05-07","Cragig",7,5,2021,0,0,"F)   Cragig","F",NA,NA
"MST2021-039",0,"Erisin","Erisin.MST2021-039","white","no Cq","qPCR",0,0.364685853592156,0.0548009373867898,1.68553620576858,NA,"white","MST2021039",9.96678333333333,56.6626666666667,"2021-05-07","Erisin",7,5,2021,0,0,"G)   Erisin","G",NA,NA
"MST2021-039",0,"Hemsan","Hemsan.MST2021-039","white","no Cq","qPCR",0,0.631671659618149,0.0105278609936358,0.322470888495446,NA,"white","MST2021039",9.96678333333333,56.6626666666667,"2021-05-07","Hemsan",7,5,2021,0,0,"H)   Hemsan","H",NA,NA
"MST2021-039",0,"Hemtak","Hemtak.MST2021-039","white","no Cq","qPCR",0,0.563037107717149,0.0281518553858574,5.6800436973572,NA,"white","MST2021039",9.96678333333333,56.6626666666667,"2021-05-07","Hemtak",7,5,2021,0,0,"I)   Hemtak","I",NA,NA
"MST2021-039",0,"Homame","Homame.MST2021-039","white","no Cq","qPCR",0,0.615627075262864,26.1693861679721,0.335798636078835,NA,"white","MST2021039",9.96678333333333,56.6626666666667,"2021-05-07","Homame",7,5,2021,0,0,"J)   Homame","J",NA,NA
"MST2021-039",0,"Karmik","Karmik.MST2021-039","white","no Cq","qPCR",0,0.249514042078587,0.0499028084157174,0.409050658345222,NA,"white","MST2021039",9.96678333333333,56.6626666666667,"2021-05-07","Karmik",7,5,2021,0,0,"K)   Karmik","K",NA,NA
"MST2021-039",0,"Mnelei","Mnelei.MST2021-039","white","no Cq","qPCR",0,0.565945481842138,0.00943242469736896,1.45512744784355,NA,"white","MST2021039",9.96678333333333,56.6626666666667,"2021-05-07","Mnelei",7,5,2021,0,0,"L)   Mnelei","L",NA,NA
"MST2021-039",0,"Myaare","Myaare.MST2021-039","white","no Cq","qPCR",0,1.00471092350427,0.0167451820584044,5.1446944475174,NA,"white","MST2021039",9.96678333333333,56.6626666666667,"2021-05-07","Myaare",7,5,2021,0,0,"M)   Myaare","M",NA,NA
"MST2021-039",0,"Oncmyk","Oncmyk.MST2021-039","white","no Cq","qPCR",0,0.483938046437317,0.0806563410728862,1.06313988566398,NA,"white","MST2021039",9.96678333333333,56.6626666666667,"2021-05-07","Oncmyk",7,5,2021,0,0,"N)   Oncmyk","N",NA,NA
"MST2021-039",0,"Promin","Promin.MST2021-039","white","no Cq","qPCR",0,0.558615680442301,0.01862052268141,0.560731440782545,NA,"white","MST2021039",9.96678333333333,56.6626666666667,"2021-05-07","Promin",7,5,2021,0,0,"O)   Promin","O",NA,NA
"MST2021-039",0,"Psefar","Psefar.MST2021-039","white","no Cq","qPCR",0,0.548095136203483,0.0274047568101742,7.0030003786087,NA,"white","MST2021039",9.96678333333333,56.6626666666667,"2021-05-07","Psefar",7,5,2021,0,0,"P)   Psefar","P",NA,NA
"MST2021-039",0,"Psever","Psever.MST2021-039","white","no Cq","qPCR",0,0.697051909649079,0.0232350636549693,0.447889193892479,NA,"white","MST2021039",9.96678333333333,56.6626666666667,"2021-05-07","Psever",7,5,2021,0,0,"NA)   Psever",NA,NA,NA
"MST2021-039",0,"Bonham","Bonham.MST2021-039","white","no Cq","ddPCR",0,0.617616142109215,0.0308808071054608,0.602823607623575,NA,"white","MST2021039",9.96678333333333,56.6626666666667,"2021-05-07","Bonham",7,5,2021,0,0,"A)   Bonham","A",NA,NA
"MST2021-039",0,"Calsap","Calsap.MST2021-039","orange","no Cq","ddPCR",0,0.63699006851343,0.0106165011418905,6.69409215450285,NA,"white","MST2021039",9.96678333333333,56.6626666666667,"2021-05-07","Calsap",7,5,2021,0,0,"B)   Calsap","B",NA,NA
"MST2021-039",0,"Caraur","Caraur.MST2021-039","white","no Cq","ddPCR",0,0.0225471728962503,0.0958446595718793,3.49066555500031,NA,"white","MST2021039",9.96678333333333,56.6626666666667,"2021-05-07","Caraur",7,5,2021,0,0,"C)   Caraur","C",NA,NA
"MST2021-039",0,"Colper","Colper.MST2021-039","white","no Cq","ddPCR",0,1.0579731951097,0.0176328865851616,1.05264455080033,NA,"white","MST2021039",9.96678333333333,56.6626666666667,"2021-05-07","Colper",7,5,2021,0,0,"D)   Colper","D",NA,NA
"MST2021-039",0,"Corcas","Corcas.MST2021-039","white","no Cq","ddPCR",0,1.26214731581735,0.0420715771939118,0.360338948667049,NA,"white","MST2021039",9.96678333333333,56.6626666666667,"2021-05-07","Corcas",7,5,2021,0,0,"E)   Corcas","E",NA,NA
"MST2021-039",0,"Cragig","Cragig.MST2021-039","white","no Cq","ddPCR",0,0.819268298830287,0.0123110535560807,5.31343579292295,NA,"white","MST2021039",9.96678333333333,56.6626666666667,"2021-05-07","Cragig",7,5,2021,0,0,"F)   Cragig","F",NA,NA
"MST2021-039",0,"Erisin","Erisin.MST2021-039","white","no Cq","ddPCR",0,0.364685853592156,0.0548009373867898,1.68553620576858,NA,"white","MST2021039",9.96678333333333,56.6626666666667,"2021-05-07","Erisin",7,5,2021,0,0,"G)   Erisin","G",NA,NA
"MST2021-039",0,"Hemsan","Hemsan.MST2021-039","white","no Cq","ddPCR",0,0.631671659618149,0.0105278609936358,0.322470888495446,NA,"white","MST2021039",9.96678333333333,56.6626666666667,"2021-05-07","Hemsan",7,5,2021,0,0,"H)   Hemsan","H",NA,NA
"MST2021-039",0,"Hemtak","Hemtak.MST2021-039","white","no Cq","ddPCR",0,0.563037107717149,0.0281518553858574,5.6800436973572,NA,"white","MST2021039",9.96678333333333,56.6626666666667,"2021-05-07","Hemtak",7,5,2021,0,0,"I)   Hemtak","I",NA,NA
"MST2021-039",0,"Homame","Homame.MST2021-039","white","no Cq","ddPCR",0,0.615627075262864,26.1693861679721,0.335798636078835,NA,"white","MST2021039",9.96678333333333,56.6626666666667,"2021-05-07","Homame",7,5,2021,0,0,"J)   Homame","J",NA,NA
"MST2021-039",0,"Karmik","Karmik.MST2021-039","white","no Cq","ddPCR",0,0.249514042078587,0.0499028084157174,0.409050658345222,NA,"white","MST2021039",9.96678333333333,56.6626666666667,"2021-05-07","Karmik",7,5,2021,0,0,"K)   Karmik","K",NA,NA
"MST2021-039",0,"Mnelei","Mnelei.MST2021-039","white","no Cq","ddPCR",0,0.565945481842138,0.00943242469736896,1.45512744784355,NA,"white","MST2021039",9.96678333333333,56.6626666666667,"2021-05-07","Mnelei",7,5,2021,0,0,"L)   Mnelei","L",NA,NA
"MST2021-039",0.58923698961735,"Myaare","Myaare.MST2021-039","white","aaLQ","ddPCR",0.58923698961735,1.00471092350427,0.0167451820584044,5.1446944475174,0.201188664739575,"black","MST2021039",9.96678333333333,56.6626666666667,"2021-05-07","Myaare",7,5,2021,0,0.58923698961735,"M)   Myaare","M",0.201188664739575,NA
"MST2021-039",0.315230190753937,"Oncmyk","Oncmyk.MST2021-039","white","aaLQ","ddPCR",0.315230190753937,0.483938046437317,0.0806563410728862,1.06313988566398,0.119001769422975,"black","MST2021039",9.96678333333333,56.6626666666667,"2021-05-07","Oncmyk",7,5,2021,0,0.315230190753937,"N)   Oncmyk","N",0.119001769422975,NA
"MST2021-039",0.52982237190008,"Promin","Promin.MST2021-039","white","aaLQ","ddPCR",0.52982237190008,0.558615680442301,0.01862052268141,0.560731440782545,0.184641007692112,"black","MST2021039",9.96678333333333,56.6626666666667,"2021-05-07","Promin",7,5,2021,0,0.52982237190008,"O)   Promin","O",0.184641007692112,NA
"MST2021-039",0,"Psefar","Psefar.MST2021-039","white","no Cq","ddPCR",0,0.548095136203483,0.0274047568101742,7.0030003786087,NA,"white","MST2021039",9.96678333333333,56.6626666666667,"2021-05-07","Psefar",7,5,2021,0,0,"P)   Psefar","P",NA,NA
"MST2021-039",0,"Psever","Psever.MST2021-039","white","no Cq","ddPCR",0,0.697051909649079,0.0232350636549693,0.447889193892479,NA,"white","MST2021039",9.96678333333333,56.6626666666667,"2021-05-07","Psever",7,5,2021,0,0,"NA)   Psever",NA,NA,NA
"MST2021-040",0,"Bonham","Bonham.MST2021-040","white","no Cq","qPCR",0,0.617616142109215,0.0308808071054608,0.602823607623575,NA,"white","MST2021040",10.9524027777778,56.4437333333333,"2021-09-15","Bonham",15,9,2021,0,0,"A)   Bonham","A",NA,NA
"MST2021-040",0,"Calsap","Calsap.MST2021-040","white","no Cq","qPCR",0,0.63699006851343,0.0106165011418905,6.69409215450285,NA,"white","MST2021040",10.9524027777778,56.4437333333333,"2021-09-15","Calsap",15,9,2021,0,0,"B)   Calsap","B",NA,NA
"MST2021-040",0,"Caraur","Caraur.MST2021-040","white","no Cq","qPCR",0,0.0225471728962503,0.0958446595718793,3.49066555500031,NA,"white","MST2021040",10.9524027777778,56.4437333333333,"2021-09-15","Caraur",15,9,2021,0,0,"C)   Caraur","C",NA,NA
"MST2021-040",0,"Colper","Colper.MST2021-040","white","no Cq","qPCR",0,1.0579731951097,0.0176328865851616,1.05264455080033,NA,"white","MST2021040",10.9524027777778,56.4437333333333,"2021-09-15","Colper",15,9,2021,0,0,"D)   Colper","D",NA,NA
"MST2021-040",0,"Corcas","Corcas.MST2021-040","white","no Cq","qPCR",0,1.26214731581735,0.0420715771939118,0.360338948667049,NA,"white","MST2021040",10.9524027777778,56.4437333333333,"2021-09-15","Corcas",15,9,2021,0,0,"E)   Corcas","E",NA,NA
"MST2021-040",0,"Cragig","Cragig.MST2021-040","white","no Cq","qPCR",0,0.819268298830287,0.0123110535560807,5.31343579292295,NA,"white","MST2021040",10.9524027777778,56.4437333333333,"2021-09-15","Cragig",15,9,2021,0,0,"F)   Cragig","F",NA,NA
"MST2021-040",0,"Erisin","Erisin.MST2021-040","white","no Cq","qPCR",0,0.364685853592156,0.0548009373867898,1.68553620576858,NA,"white","MST2021040",10.9524027777778,56.4437333333333,"2021-09-15","Erisin",15,9,2021,0,0,"G)   Erisin","G",NA,NA
"MST2021-040",0,"Hemsan","Hemsan.MST2021-040","white","no Cq","qPCR",0,0.631671659618149,0.0105278609936358,0.322470888495446,NA,"white","MST2021040",10.9524027777778,56.4437333333333,"2021-09-15","Hemsan",15,9,2021,0,0,"H)   Hemsan","H",NA,NA
"MST2021-040",0,"Hemtak","Hemtak.MST2021-040","white","no Cq","qPCR",0,0.563037107717149,0.0281518553858574,5.6800436973572,NA,"white","MST2021040",10.9524027777778,56.4437333333333,"2021-09-15","Hemtak",15,9,2021,0,0,"I)   Hemtak","I",NA,NA
"MST2021-040",0,"Homame","Homame.MST2021-040","white","no Cq","qPCR",0,0.615627075262864,26.1693861679721,0.335798636078835,NA,"white","MST2021040",10.9524027777778,56.4437333333333,"2021-09-15","Homame",15,9,2021,0,0,"J)   Homame","J",NA,NA
"MST2021-040",2210.69441281628,"Karmik","Karmik.MST2021-040","black","aaLQ","qPCR",2210.69441281628,0.249514042078587,0.0499028084157174,0.409050658345222,3.34472512082627,"black","MST2021040",10.9524027777778,56.4437333333333,"2021-09-15","Karmik",15,9,2021,2210.69441281628,0,"K)   Karmik","K",NA,3.34472512082627
"MST2021-040",1651.05161902746,"Mnelei","Mnelei.MST2021-040","black","aaLQ","qPCR",1651.05161902746,0.565945481842138,0.00943242469736896,1.45512744784355,3.2180236129048,"black","MST2021040",10.9524027777778,56.4437333333333,"2021-09-15","Mnelei",15,9,2021,1651.05161902746,0,"L)   Mnelei","L",NA,3.2180236129048
"MST2021-040",0,"Myaare","Myaare.MST2021-040","white","no Cq","qPCR",0,1.00471092350427,0.0167451820584044,5.1446944475174,NA,"white","MST2021040",10.9524027777778,56.4437333333333,"2021-09-15","Myaare",15,9,2021,0,0,"M)   Myaare","M",NA,NA
"MST2021-040",0,"Oncmyk","Oncmyk.MST2021-040","white","no Cq","qPCR",0,0.483938046437317,0.0806563410728862,1.06313988566398,NA,"white","MST2021040",10.9524027777778,56.4437333333333,"2021-09-15","Oncmyk",15,9,2021,0,0,"N)   Oncmyk","N",NA,NA
"MST2021-040",0.0562712195432211,"Promin","Promin.MST2021-040","orange","aLDbLQ","qPCR",0.0562712195432211,0.558615680442301,0.01862052268141,0.560731440782545,0.0237754466327433,"orange","MST2021040",10.9524027777778,56.4437333333333,"2021-09-15","Promin",15,9,2021,0.0562712195432211,0,"O)   Promin","O",NA,0.0237754466327433
"MST2021-040",26.1867676186109,"Psefar","Psefar.MST2021-040","black","aaLQ","qPCR",26.1867676186109,0.548095136203483,0.0274047568101742,7.0030003786087,1.43435757504427,"black","MST2021040",10.9524027777778,56.4437333333333,"2021-09-15","Psefar",15,9,2021,26.1867676186109,0,"P)   Psefar","P",NA,1.43435757504427
"MST2021-040",20.7690488990552,"Psever","Psever.MST2021-040","black","aaLQ","qPCR",20.7690488990552,0.697051909649079,0.0232350636549693,0.447889193892479,1.33783945490626,"black","MST2021040",10.9524027777778,56.4437333333333,"2021-09-15","Psever",15,9,2021,20.7690488990552,0,"NA)   Psever",NA,NA,1.33783945490626
"MST2021-040",0,"Bonham","Bonham.MST2021-040","white","no Cq","ddPCR",0,0.617616142109215,0.0308808071054608,0.602823607623575,NA,"white","MST2021040",10.9524027777778,56.4437333333333,"2021-09-15","Bonham",15,9,2021,0,0,"A)   Bonham","A",NA,NA
"MST2021-040",0,"Calsap","Calsap.MST2021-040","white","no Cq","ddPCR",0,0.63699006851343,0.0106165011418905,6.69409215450285,NA,"white","MST2021040",10.9524027777778,56.4437333333333,"2021-09-15","Calsap",15,9,2021,0,0,"B)   Calsap","B",NA,NA
"MST2021-040",0,"Caraur","Caraur.MST2021-040","white","no Cq","ddPCR",0,0.0225471728962503,0.0958446595718793,3.49066555500031,NA,"white","MST2021040",10.9524027777778,56.4437333333333,"2021-09-15","Caraur",15,9,2021,0,0,"C)   Caraur","C",NA,NA
"MST2021-040",0,"Colper","Colper.MST2021-040","white","no Cq","ddPCR",0,1.0579731951097,0.0176328865851616,1.05264455080033,NA,"white","MST2021040",10.9524027777778,56.4437333333333,"2021-09-15","Colper",15,9,2021,0,0,"D)   Colper","D",NA,NA
"MST2021-040",0,"Corcas","Corcas.MST2021-040","white","no Cq","ddPCR",0,1.26214731581735,0.0420715771939118,0.360338948667049,NA,"white","MST2021040",10.9524027777778,56.4437333333333,"2021-09-15","Corcas",15,9,2021,0,0,"E)   Corcas","E",NA,NA
"MST2021-040",0,"Cragig","Cragig.MST2021-040","white","no Cq","ddPCR",0,0.819268298830287,0.0123110535560807,5.31343579292295,NA,"white","MST2021040",10.9524027777778,56.4437333333333,"2021-09-15","Cragig",15,9,2021,0,0,"F)   Cragig","F",NA,NA
"MST2021-040",0,"Erisin","Erisin.MST2021-040","white","no Cq","ddPCR",0,0.364685853592156,0.0548009373867898,1.68553620576858,NA,"white","MST2021040",10.9524027777778,56.4437333333333,"2021-09-15","Erisin",15,9,2021,0,0,"G)   Erisin","G",NA,NA
"MST2021-040",0,"Hemsan","Hemsan.MST2021-040","white","no Cq","ddPCR",0,0.631671659618149,0.0105278609936358,0.322470888495446,NA,"white","MST2021040",10.9524027777778,56.4437333333333,"2021-09-15","Hemsan",15,9,2021,0,0,"H)   Hemsan","H",NA,NA
"MST2021-040",0,"Hemtak","Hemtak.MST2021-040","white","no Cq","ddPCR",0,0.563037107717149,0.0281518553858574,5.6800436973572,NA,"white","MST2021040",10.9524027777778,56.4437333333333,"2021-09-15","Hemtak",15,9,2021,0,0,"I)   Hemtak","I",NA,NA
"MST2021-040",0.354134626686573,"Homame","Homame.MST2021-040","white","bLD","ddPCR",0.354134626686573,0.615627075262864,26.1693861679721,0.335798636078835,0.131661843611019,"yellow","MST2021040",10.9524027777778,56.4437333333333,"2021-09-15","Homame",15,9,2021,0,0.354134626686573,"J)   Homame","J",0.131661843611019,NA
"MST2021-040",3011.07666015625,"Karmik","Karmik.MST2021-040","black","aaLQ","ddPCR",3011.07666015625,0.249514042078587,0.0499028084157174,0.409050658345222,3.47886602086836,"black","MST2021040",10.9524027777778,56.4437333333333,"2021-09-15","Karmik",15,9,2021,0,3011.07666015625,"K)   Karmik","K",3.47886602086836,NA
"MST2021-040",1738.85635375977,"Mnelei","Mnelei.MST2021-040","black","aaLQ","ddPCR",1738.85635375977,0.565945481842138,0.00943242469736896,1.45512744784355,3.24051339348678,"black","MST2021040",10.9524027777778,56.4437333333333,"2021-09-15","Mnelei",15,9,2021,0,1738.85635375977,"L)   Mnelei","L",3.24051339348678,NA
"MST2021-040",0.313199311494827,"Myaare","Myaare.MST2021-040","white","aaLQ","ddPCR",0.313199311494827,1.00471092350427,0.0167451820584044,5.1446944475174,0.118330646358494,"black","MST2021040",10.9524027777778,56.4437333333333,"2021-09-15","Myaare",15,9,2021,0,0.313199311494827,"M)   Myaare","M",0.118330646358494,NA
"MST2021-040",0,"Oncmyk","Oncmyk.MST2021-040","white","no Cq","ddPCR",0,0.483938046437317,0.0806563410728862,1.06313988566398,NA,"white","MST2021040",10.9524027777778,56.4437333333333,"2021-09-15","Oncmyk",15,9,2021,0,0,"N)   Oncmyk","N",NA,NA
"MST2021-040",0,"Promin","Promin.MST2021-040","orange","no Cq","ddPCR",0,0.558615680442301,0.01862052268141,0.560731440782545,NA,"white","MST2021040",10.9524027777778,56.4437333333333,"2021-09-15","Promin",15,9,2021,0,0,"O)   Promin","O",NA,NA
"MST2021-040",73.045063018799,"Psefar","Psefar.MST2021-040","black","aaLQ","ddPCR",73.045063018799,0.548095136203483,0.0274047568101742,7.0030003786087,1.8694961070818,"black","MST2021040",10.9524027777778,56.4437333333333,"2021-09-15","Psefar",15,9,2021,0,73.045063018799,"P)   Psefar","P",1.8694961070818,NA
"MST2021-040",28.4226202964783,"Psever","Psever.MST2021-040","black","aaLQ","ddPCR",28.4226202964783,0.697051909649079,0.0232350636549693,0.447889193892479,1.46868134716878,"black","MST2021040",10.9524027777778,56.4437333333333,"2021-09-15","Psever",15,9,2021,0,28.4226202964783,"NA)   Psever",NA,1.46868134716878,NA
"MST2021-043",0,"Bonham","Bonham.MST2021-043","white","no Cq","qPCR",0,0.617616142109215,0.0308808071054608,0.602823607623575,NA,"white","MST2021043",11.1513361111111,56.1316666666667,"2021-05-17","Bonham",17,5,2021,0,0,"A)   Bonham","A",NA,NA
"MST2021-043",0,"Calsap","Calsap.MST2021-043","white","no Cq","qPCR",0,0.63699006851343,0.0106165011418905,6.69409215450285,NA,"white","MST2021043",11.1513361111111,56.1316666666667,"2021-05-17","Calsap",17,5,2021,0,0,"B)   Calsap","B",NA,NA
"MST2021-043",0,"Caraur","Caraur.MST2021-043","white","no Cq","qPCR",0,0.0225471728962503,0.0958446595718793,3.49066555500031,NA,"white","MST2021043",11.1513361111111,56.1316666666667,"2021-05-17","Caraur",17,5,2021,0,0,"C)   Caraur","C",NA,NA
"MST2021-043",0,"Colper","Colper.MST2021-043","white","no Cq","qPCR",0,1.0579731951097,0.0176328865851616,1.05264455080033,NA,"white","MST2021043",11.1513361111111,56.1316666666667,"2021-05-17","Colper",17,5,2021,0,0,"D)   Colper","D",NA,NA
"MST2021-043",0,"Corcas","Corcas.MST2021-043","white","no Cq","qPCR",0,1.26214731581735,0.0420715771939118,0.360338948667049,NA,"white","MST2021043",11.1513361111111,56.1316666666667,"2021-05-17","Corcas",17,5,2021,0,0,"E)   Corcas","E",NA,NA
"MST2021-043",0,"Cragig","Cragig.MST2021-043","white","no Cq","qPCR",0,0.819268298830287,0.0123110535560807,5.31343579292295,NA,"white","MST2021043",11.1513361111111,56.1316666666667,"2021-05-17","Cragig",17,5,2021,0,0,"F)   Cragig","F",NA,NA
"MST2021-043",0,"Erisin","Erisin.MST2021-043","white","no Cq","qPCR",0,0.364685853592156,0.0548009373867898,1.68553620576858,NA,"white","MST2021043",11.1513361111111,56.1316666666667,"2021-05-17","Erisin",17,5,2021,0,0,"G)   Erisin","G",NA,NA
"MST2021-043",0,"Hemsan","Hemsan.MST2021-043","white","no Cq","qPCR",0,0.631671659618149,0.0105278609936358,0.322470888495446,NA,"white","MST2021043",11.1513361111111,56.1316666666667,"2021-05-17","Hemsan",17,5,2021,0,0,"H)   Hemsan","H",NA,NA
"MST2021-043",0,"Hemtak","Hemtak.MST2021-043","white","no Cq","qPCR",0,0.563037107717149,0.0281518553858574,5.6800436973572,NA,"white","MST2021043",11.1513361111111,56.1316666666667,"2021-05-17","Hemtak",17,5,2021,0,0,"I)   Hemtak","I",NA,NA
"MST2021-043",0,"Homame","Homame.MST2021-043","white","no Cq","qPCR",0,0.615627075262864,26.1693861679721,0.335798636078835,NA,"white","MST2021043",11.1513361111111,56.1316666666667,"2021-05-17","Homame",17,5,2021,0,0,"J)   Homame","J",NA,NA
"MST2021-043",0,"Karmik","Karmik.MST2021-043","white","no Cq","qPCR",0,0.249514042078587,0.0499028084157174,0.409050658345222,NA,"white","MST2021043",11.1513361111111,56.1316666666667,"2021-05-17","Karmik",17,5,2021,0,0,"K)   Karmik","K",NA,NA
"MST2021-043",0.426974424634235,"Mnelei","Mnelei.MST2021-043","red","1aLQ","qPCR",0.426974424634235,0.565945481842138,0.00943242469736896,1.45512744784355,0.154416189414745,"red","MST2021043",11.1513361111111,56.1316666666667,"2021-05-17","Mnelei",17,5,2021,0.426974424634235,0,"L)   Mnelei","L",NA,0.154416189414745
"MST2021-043",0,"Myaare","Myaare.MST2021-043","white","no Cq","qPCR",0,1.00471092350427,0.0167451820584044,5.1446944475174,NA,"white","MST2021043",11.1513361111111,56.1316666666667,"2021-05-17","Myaare",17,5,2021,0,0,"M)   Myaare","M",NA,NA
"MST2021-043",0,"Oncmyk","Oncmyk.MST2021-043","white","no Cq","qPCR",0,0.483938046437317,0.0806563410728862,1.06313988566398,NA,"white","MST2021043",11.1513361111111,56.1316666666667,"2021-05-17","Oncmyk",17,5,2021,0,0,"N)   Oncmyk","N",NA,NA
"MST2021-043",0,"Promin","Promin.MST2021-043","white","no Cq","qPCR",0,0.558615680442301,0.01862052268141,0.560731440782545,NA,"white","MST2021043",11.1513361111111,56.1316666666667,"2021-05-17","Promin",17,5,2021,0,0,"O)   Promin","O",NA,NA
"MST2021-043",3368.95810386408,"Psefar","Psefar.MST2021-043","black","aaLQ","qPCR",3368.95810386408,0.548095136203483,0.0274047568101742,7.0030003786087,3.52762450165064,"black","MST2021043",11.1513361111111,56.1316666666667,"2021-05-17","Psefar",17,5,2021,3368.95810386408,0,"P)   Psefar","P",NA,3.52762450165064
"MST2021-043",0,"Psever","Psever.MST2021-043","yellow","bLD","qPCR",0,0.697051909649079,0.0232350636549693,0.447889193892479,NA,"yellow","MST2021043",11.1513361111111,56.1316666666667,"2021-05-17","Psever",17,5,2021,0,0,"NA)   Psever",NA,NA,NA
"MST2021-043",0,"Bonham","Bonham.MST2021-043","white","no Cq","ddPCR",0,0.617616142109215,0.0308808071054608,0.602823607623575,NA,"white","MST2021043",11.1513361111111,56.1316666666667,"2021-05-17","Bonham",17,5,2021,0,0,"A)   Bonham","A",NA,NA
"MST2021-043",0,"Calsap","Calsap.MST2021-043","white","no Cq","ddPCR",0,0.63699006851343,0.0106165011418905,6.69409215450285,NA,"white","MST2021043",11.1513361111111,56.1316666666667,"2021-05-17","Calsap",17,5,2021,0,0,"B)   Calsap","B",NA,NA
"MST2021-043",0,"Caraur","Caraur.MST2021-043","white","no Cq","ddPCR",0,0.0225471728962503,0.0958446595718793,3.49066555500031,NA,"white","MST2021043",11.1513361111111,56.1316666666667,"2021-05-17","Caraur",17,5,2021,0,0,"C)   Caraur","C",NA,NA
"MST2021-043",0,"Colper","Colper.MST2021-043","white","no Cq","ddPCR",0,1.0579731951097,0.0176328865851616,1.05264455080033,NA,"white","MST2021043",11.1513361111111,56.1316666666667,"2021-05-17","Colper",17,5,2021,0,0,"D)   Colper","D",NA,NA
"MST2021-043",0,"Corcas","Corcas.MST2021-043","white","no Cq","ddPCR",0,1.26214731581735,0.0420715771939118,0.360338948667049,NA,"white","MST2021043",11.1513361111111,56.1316666666667,"2021-05-17","Corcas",17,5,2021,0,0,"E)   Corcas","E",NA,NA
"MST2021-043",0,"Cragig","Cragig.MST2021-043","white","no Cq","ddPCR",0,0.819268298830287,0.0123110535560807,5.31343579292295,NA,"white","MST2021043",11.1513361111111,56.1316666666667,"2021-05-17","Cragig",17,5,2021,0,0,"F)   Cragig","F",NA,NA
"MST2021-043",0,"Erisin","Erisin.MST2021-043","white","no Cq","ddPCR",0,0.364685853592156,0.0548009373867898,1.68553620576858,NA,"white","MST2021043",11.1513361111111,56.1316666666667,"2021-05-17","Erisin",17,5,2021,0,0,"G)   Erisin","G",NA,NA
"MST2021-043",0,"Hemsan","Hemsan.MST2021-043","white","no Cq","ddPCR",0,0.631671659618149,0.0105278609936358,0.322470888495446,NA,"white","MST2021043",11.1513361111111,56.1316666666667,"2021-05-17","Hemsan",17,5,2021,0,0,"H)   Hemsan","H",NA,NA
"MST2021-043",0,"Hemtak","Hemtak.MST2021-043","white","no Cq","ddPCR",0,0.563037107717149,0.0281518553858574,5.6800436973572,NA,"white","MST2021043",11.1513361111111,56.1316666666667,"2021-05-17","Hemtak",17,5,2021,0,0,"I)   Hemtak","I",NA,NA
"MST2021-043",0,"Homame","Homame.MST2021-043","white","no Cq","ddPCR",0,0.615627075262864,26.1693861679721,0.335798636078835,NA,"white","MST2021043",11.1513361111111,56.1316666666667,"2021-05-17","Homame",17,5,2021,0,0,"J)   Homame","J",NA,NA
"MST2021-043",0,"Karmik","Karmik.MST2021-043","white","no Cq","ddPCR",0,0.249514042078587,0.0499028084157174,0.409050658345222,NA,"white","MST2021043",11.1513361111111,56.1316666666667,"2021-05-17","Karmik",17,5,2021,0,0,"K)   Karmik","K",NA,NA
"MST2021-043",0.309573076665402,"Mnelei","Mnelei.MST2021-043","red","aaLQ","ddPCR",0.309573076665402,0.565945481842138,0.00943242469736896,1.45512744784355,0.117129737894536,"black","MST2021043",11.1513361111111,56.1316666666667,"2021-05-17","Mnelei",17,5,2021,0,0.309573076665402,"L)   Mnelei","L",0.117129737894536,NA
"MST2021-043",0,"Myaare","Myaare.MST2021-043","white","no Cq","ddPCR",0,1.00471092350427,0.0167451820584044,5.1446944475174,NA,"white","MST2021043",11.1513361111111,56.1316666666667,"2021-05-17","Myaare",17,5,2021,0,0,"M)   Myaare","M",NA,NA
"MST2021-043",0,"Oncmyk","Oncmyk.MST2021-043","white","no Cq","ddPCR",0,0.483938046437317,0.0806563410728862,1.06313988566398,NA,"white","MST2021043",11.1513361111111,56.1316666666667,"2021-05-17","Oncmyk",17,5,2021,0,0,"N)   Oncmyk","N",NA,NA
"MST2021-043",0,"Promin","Promin.MST2021-043","white","no Cq","ddPCR",0,0.558615680442301,0.01862052268141,0.560731440782545,NA,"white","MST2021043",11.1513361111111,56.1316666666667,"2021-05-17","Promin",17,5,2021,0,0,"O)   Promin","O",NA,NA
"MST2021-043",7803.0108642578,"Psefar","Psefar.MST2021-043","black","aaLQ","ddPCR",7803.0108642578,0.548095136203483,0.0274047568101742,7.0030003786087,3.89231786532063,"black","MST2021043",11.1513361111111,56.1316666666667,"2021-05-17","Psefar",17,5,2021,0,7803.0108642578,"P)   Psefar","P",3.89231786532063,NA
"MST2021-043",0.70658892393112,"Psever","Psever.MST2021-043","yellow","aaLQ","ddPCR",0.70658892393112,0.697051909649079,0.0232350636549693,0.447889193892479,0.232128922656514,"black","MST2021043",11.1513361111111,56.1316666666667,"2021-05-17","Psever",17,5,2021,0,0.70658892393112,"NA)   Psever",NA,0.232128922656514,NA
"MST2021-044",0,"Bonham","Bonham.MST2021-044","white","no Cq","qPCR",0,0.617616142109215,0.0308808071054608,0.602823607623575,NA,"white","MST2021044",8.35012777777778,55.3375166666667,"2021-05-19","Bonham",19,5,2021,0,0,"A)   Bonham","A",NA,NA
"MST2021-044",0,"Calsap","Calsap.MST2021-044","white","no Cq","qPCR",0,0.63699006851343,0.0106165011418905,6.69409215450285,NA,"white","MST2021044",8.35012777777778,55.3375166666667,"2021-05-19","Calsap",19,5,2021,0,0,"B)   Calsap","B",NA,NA
"MST2021-044",0,"Caraur","Caraur.MST2021-044","white","no Cq","qPCR",0,0.0225471728962503,0.0958446595718793,3.49066555500031,NA,"white","MST2021044",8.35012777777778,55.3375166666667,"2021-05-19","Caraur",19,5,2021,0,0,"C)   Caraur","C",NA,NA
"MST2021-044",0,"Colper","Colper.MST2021-044","white","no Cq","qPCR",0,1.0579731951097,0.0176328865851616,1.05264455080033,NA,"white","MST2021044",8.35012777777778,55.3375166666667,"2021-05-19","Colper",19,5,2021,0,0,"D)   Colper","D",NA,NA
"MST2021-044",0,"Corcas","Corcas.MST2021-044","white","no Cq","qPCR",0,1.26214731581735,0.0420715771939118,0.360338948667049,NA,"white","MST2021044",8.35012777777778,55.3375166666667,"2021-05-19","Corcas",19,5,2021,0,0,"E)   Corcas","E",NA,NA
"MST2021-044",0,"Cragig","Cragig.MST2021-044","white","no Cq","qPCR",0,0.819268298830287,0.0123110535560807,5.31343579292295,NA,"white","MST2021044",8.35012777777778,55.3375166666667,"2021-05-19","Cragig",19,5,2021,0,0,"F)   Cragig","F",NA,NA
"MST2021-044",0,"Erisin","Erisin.MST2021-044","white","no Cq","qPCR",0,0.364685853592156,0.0548009373867898,1.68553620576858,NA,"white","MST2021044",8.35012777777778,55.3375166666667,"2021-05-19","Erisin",19,5,2021,0,0,"G)   Erisin","G",NA,NA
"MST2021-044",0,"Hemsan","Hemsan.MST2021-044","white","no Cq","qPCR",0,0.631671659618149,0.0105278609936358,0.322470888495446,NA,"white","MST2021044",8.35012777777778,55.3375166666667,"2021-05-19","Hemsan",19,5,2021,0,0,"H)   Hemsan","H",NA,NA
"MST2021-044",0,"Hemtak","Hemtak.MST2021-044","white","no Cq","qPCR",0,0.563037107717149,0.0281518553858574,5.6800436973572,NA,"white","MST2021044",8.35012777777778,55.3375166666667,"2021-05-19","Hemtak",19,5,2021,0,0,"I)   Hemtak","I",NA,NA
"MST2021-044",0,"Homame","Homame.MST2021-044","white","no Cq","qPCR",0,0.615627075262864,26.1693861679721,0.335798636078835,NA,"white","MST2021044",8.35012777777778,55.3375166666667,"2021-05-19","Homame",19,5,2021,0,0,"J)   Homame","J",NA,NA
"MST2021-044",0.463264404792577,"Karmik","Karmik.MST2021-044","orange","aLDbLQ","qPCR",0.463264404792577,0.249514042078587,0.0499028084157174,0.409050658345222,0.165322808126137,"orange","MST2021044",8.35012777777778,55.3375166666667,"2021-05-19","Karmik",19,5,2021,0.463264404792577,0,"K)   Karmik","K",NA,0.165322808126137
"MST2021-044",0,"Mnelei","Mnelei.MST2021-044","white","no Cq","qPCR",0,0.565945481842138,0.00943242469736896,1.45512744784355,NA,"white","MST2021044",8.35012777777778,55.3375166666667,"2021-05-19","Mnelei",19,5,2021,0,0,"L)   Mnelei","L",NA,NA
"MST2021-044",0,"Myaare","Myaare.MST2021-044","white","no Cq","qPCR",0,1.00471092350427,0.0167451820584044,5.1446944475174,NA,"white","MST2021044",8.35012777777778,55.3375166666667,"2021-05-19","Myaare",19,5,2021,0,0,"M)   Myaare","M",NA,NA
"MST2021-044",0,"Oncmyk","Oncmyk.MST2021-044","white","no Cq","qPCR",0,0.483938046437317,0.0806563410728862,1.06313988566398,NA,"white","MST2021044",8.35012777777778,55.3375166666667,"2021-05-19","Oncmyk",19,5,2021,0,0,"N)   Oncmyk","N",NA,NA
"MST2021-044",0,"Promin","Promin.MST2021-044","white","no Cq","qPCR",0,0.558615680442301,0.01862052268141,0.560731440782545,NA,"white","MST2021044",8.35012777777778,55.3375166666667,"2021-05-19","Promin",19,5,2021,0,0,"O)   Promin","O",NA,NA
"MST2021-044",7.62887530135671,"Psefar","Psefar.MST2021-044","black","aaLQ","qPCR",7.62887530135671,0.548095136203483,0.0274047568101742,7.0030003786087,0.935954192905728,"black","MST2021044",8.35012777777778,55.3375166666667,"2021-05-19","Psefar",19,5,2021,7.62887530135671,0,"P)   Psefar","P",NA,0.935954192905728
"MST2021-044",257.134704448327,"Psever","Psever.MST2021-044","black","aaLQ","qPCR",257.134704448327,0.697051909649079,0.0232350636549693,0.447889193892479,2.41184639639664,"black","MST2021044",8.35012777777778,55.3375166666667,"2021-05-19","Psever",19,5,2021,257.134704448327,0,"NA)   Psever",NA,NA,2.41184639639664
"MST2021-044",0,"Bonham","Bonham.MST2021-044","white","no Cq","ddPCR",0,0.617616142109215,0.0308808071054608,0.602823607623575,NA,"white","MST2021044",8.35012777777778,55.3375166666667,"2021-05-19","Bonham",19,5,2021,0,0,"A)   Bonham","A",NA,NA
"MST2021-044",0,"Calsap","Calsap.MST2021-044","white","no Cq","ddPCR",0,0.63699006851343,0.0106165011418905,6.69409215450285,NA,"white","MST2021044",8.35012777777778,55.3375166666667,"2021-05-19","Calsap",19,5,2021,0,0,"B)   Calsap","B",NA,NA
"MST2021-044",0,"Caraur","Caraur.MST2021-044","white","no Cq","ddPCR",0,0.0225471728962503,0.0958446595718793,3.49066555500031,NA,"white","MST2021044",8.35012777777778,55.3375166666667,"2021-05-19","Caraur",19,5,2021,0,0,"C)   Caraur","C",NA,NA
"MST2021-044",0,"Colper","Colper.MST2021-044","white","no Cq","ddPCR",0,1.0579731951097,0.0176328865851616,1.05264455080033,NA,"white","MST2021044",8.35012777777778,55.3375166666667,"2021-05-19","Colper",19,5,2021,0,0,"D)   Colper","D",NA,NA
"MST2021-044",0,"Corcas","Corcas.MST2021-044","white","no Cq","ddPCR",0,1.26214731581735,0.0420715771939118,0.360338948667049,NA,"white","MST2021044",8.35012777777778,55.3375166666667,"2021-05-19","Corcas",19,5,2021,0,0,"E)   Corcas","E",NA,NA
"MST2021-044",0,"Cragig","Cragig.MST2021-044","white","no Cq","ddPCR",0,0.819268298830287,0.0123110535560807,5.31343579292295,NA,"white","MST2021044",8.35012777777778,55.3375166666667,"2021-05-19","Cragig",19,5,2021,0,0,"F)   Cragig","F",NA,NA
"MST2021-044",0,"Erisin","Erisin.MST2021-044","white","no Cq","ddPCR",0,0.364685853592156,0.0548009373867898,1.68553620576858,NA,"white","MST2021044",8.35012777777778,55.3375166666667,"2021-05-19","Erisin",19,5,2021,0,0,"G)   Erisin","G",NA,NA
"MST2021-044",0,"Hemsan","Hemsan.MST2021-044","white","no Cq","ddPCR",0,0.631671659618149,0.0105278609936358,0.322470888495446,NA,"white","MST2021044",8.35012777777778,55.3375166666667,"2021-05-19","Hemsan",19,5,2021,0,0,"H)   Hemsan","H",NA,NA
"MST2021-044",0,"Hemtak","Hemtak.MST2021-044","white","no Cq","ddPCR",0,0.563037107717149,0.0281518553858574,5.6800436973572,NA,"white","MST2021044",8.35012777777778,55.3375166666667,"2021-05-19","Hemtak",19,5,2021,0,0,"I)   Hemtak","I",NA,NA
"MST2021-044",0,"Homame","Homame.MST2021-044","white","no Cq","ddPCR",0,0.615627075262864,26.1693861679721,0.335798636078835,NA,"white","MST2021044",8.35012777777778,55.3375166666667,"2021-05-19","Homame",19,5,2021,0,0,"J)   Homame","J",NA,NA
"MST2021-044",0.70007175207138,"Karmik","Karmik.MST2021-044","orange","aaLQ","ddPCR",0.70007175207138,0.249514042078587,0.0499028084157174,0.409050658345222,0.23046725130243,"black","MST2021044",8.35012777777778,55.3375166666667,"2021-05-19","Karmik",19,5,2021,0,0.70007175207138,"K)   Karmik","K",0.23046725130243,NA
"MST2021-044",0.71867473423481,"Mnelei","Mnelei.MST2021-044","white","aaLQ","ddPCR",0.71867473423481,0.565945481842138,0.00943242469736896,1.45512744784355,0.235193692572314,"black","MST2021044",8.35012777777778,55.3375166666667,"2021-05-19","Mnelei",19,5,2021,0,0.71867473423481,"L)   Mnelei","L",0.235193692572314,NA
"MST2021-044",0,"Myaare","Myaare.MST2021-044","white","no Cq","ddPCR",0,1.00471092350427,0.0167451820584044,5.1446944475174,NA,"white","MST2021044",8.35012777777778,55.3375166666667,"2021-05-19","Myaare",19,5,2021,0,0,"M)   Myaare","M",NA,NA
"MST2021-044",0,"Oncmyk","Oncmyk.MST2021-044","white","no Cq","ddPCR",0,0.483938046437317,0.0806563410728862,1.06313988566398,NA,"white","MST2021044",8.35012777777778,55.3375166666667,"2021-05-19","Oncmyk",19,5,2021,0,0,"N)   Oncmyk","N",NA,NA
"MST2021-044",0.627417489886285,"Promin","Promin.MST2021-044","white","aaLQ","ddPCR",0.627417489886285,0.558615680442301,0.01862052268141,0.560731440782545,0.211498979055617,"black","MST2021044",8.35012777777778,55.3375166666667,"2021-05-19","Promin",19,5,2021,0,0.627417489886285,"O)   Promin","O",0.211498979055617,NA
"MST2021-044",30.9552121162415,"Psefar","Psefar.MST2021-044","black","aaLQ","ddPCR",30.9552121162415,0.548095136203483,0.0274047568101742,7.0030003786087,1.50454170470753,"black","MST2021044",8.35012777777778,55.3375166666667,"2021-05-19","Psefar",19,5,2021,0,30.9552121162415,"P)   Psefar","P",1.50454170470753,NA
"MST2021-044",370.675048828125,"Psever","Psever.MST2021-044","black","aaLQ","ddPCR",370.675048828125,0.697051909649079,0.0232350636549693,0.447889193892479,2.57016340715443,"black","MST2021044",8.35012777777778,55.3375166666667,"2021-05-19","Psever",19,5,2021,0,370.675048828125,"NA)   Psever",NA,2.57016340715443,NA
"MST2021-049",0,"Bonham","Bonham.MST2021-049","white","no Cq","qPCR",0,0.617616142109215,0.0308808071054608,0.602823607623575,NA,"white","MST2021049",8.56828611111111,55.0938666666667,"2021-05-21","Bonham",21,5,2021,0,0,"A)   Bonham","A",NA,NA
"MST2021-049",0,"Calsap","Calsap.MST2021-049","white","no Cq","qPCR",0,0.63699006851343,0.0106165011418905,6.69409215450285,NA,"white","MST2021049",8.56828611111111,55.0938666666667,"2021-05-21","Calsap",21,5,2021,0,0,"B)   Calsap","B",NA,NA
"MST2021-049",0,"Caraur","Caraur.MST2021-049","white","no Cq","qPCR",0,0.0225471728962503,0.0958446595718793,3.49066555500031,NA,"white","MST2021049",8.56828611111111,55.0938666666667,"2021-05-21","Caraur",21,5,2021,0,0,"C)   Caraur","C",NA,NA
"MST2021-049",0,"Colper","Colper.MST2021-049","white","no Cq","qPCR",0,1.0579731951097,0.0176328865851616,1.05264455080033,NA,"white","MST2021049",8.56828611111111,55.0938666666667,"2021-05-21","Colper",21,5,2021,0,0,"D)   Colper","D",NA,NA
"MST2021-049",0,"Corcas","Corcas.MST2021-049","white","no Cq","qPCR",0,1.26214731581735,0.0420715771939118,0.360338948667049,NA,"white","MST2021049",8.56828611111111,55.0938666666667,"2021-05-21","Corcas",21,5,2021,0,0,"E)   Corcas","E",NA,NA
"MST2021-049",0.345758531049675,"Cragig","Cragig.MST2021-049","black","aaLQ","qPCR",0.345758531049675,0.819268298830287,0.0123110535560807,5.31343579292295,0.128967141581581,"black","MST2021049",8.56828611111111,55.0938666666667,"2021-05-21","Cragig",21,5,2021,0.345758531049675,0,"F)   Cragig","F",NA,0.128967141581581
"MST2021-049",0,"Erisin","Erisin.MST2021-049","white","no Cq","qPCR",0,0.364685853592156,0.0548009373867898,1.68553620576858,NA,"white","MST2021049",8.56828611111111,55.0938666666667,"2021-05-21","Erisin",21,5,2021,0,0,"G)   Erisin","G",NA,NA
"MST2021-049",0,"Hemsan","Hemsan.MST2021-049","white","no Cq","qPCR",0,0.631671659618149,0.0105278609936358,0.322470888495446,NA,"white","MST2021049",8.56828611111111,55.0938666666667,"2021-05-21","Hemsan",21,5,2021,0,0,"H)   Hemsan","H",NA,NA
"MST2021-049",0,"Hemtak","Hemtak.MST2021-049","white","no Cq","qPCR",0,0.563037107717149,0.0281518553858574,5.6800436973572,NA,"white","MST2021049",8.56828611111111,55.0938666666667,"2021-05-21","Hemtak",21,5,2021,0,0,"I)   Hemtak","I",NA,NA
"MST2021-049",0,"Homame","Homame.MST2021-049","white","no Cq","qPCR",0,0.615627075262864,26.1693861679721,0.335798636078835,NA,"white","MST2021049",8.56828611111111,55.0938666666667,"2021-05-21","Homame",21,5,2021,0,0,"J)   Homame","J",NA,NA
"MST2021-049",0,"Karmik","Karmik.MST2021-049","white","no Cq","qPCR",0,0.249514042078587,0.0499028084157174,0.409050658345222,NA,"white","MST2021049",8.56828611111111,55.0938666666667,"2021-05-21","Karmik",21,5,2021,0,0,"K)   Karmik","K",NA,NA
"MST2021-049",15.293733404314,"Mnelei","Mnelei.MST2021-049","black","aaLQ","qPCR",15.293733404314,0.565945481842138,0.00943242469736896,1.45512744784355,1.21202060616988,"black","MST2021049",8.56828611111111,55.0938666666667,"2021-05-21","Mnelei",21,5,2021,15.293733404314,0,"L)   Mnelei","L",NA,1.21202060616988
"MST2021-049",173.736845583299,"Myaare","Myaare.MST2021-049","black","aaLQ","qPCR",173.736845583299,1.00471092350427,0.0167451820584044,5.1446944475174,2.24238449139559,"black","MST2021049",8.56828611111111,55.0938666666667,"2021-05-21","Myaare",21,5,2021,173.736845583299,0,"M)   Myaare","M",NA,2.24238449139559
"MST2021-049",0,"Oncmyk","Oncmyk.MST2021-049","white","no Cq","qPCR",0,0.483938046437317,0.0806563410728862,1.06313988566398,NA,"white","MST2021049",8.56828611111111,55.0938666666667,"2021-05-21","Oncmyk",21,5,2021,0,0,"N)   Oncmyk","N",NA,NA
"MST2021-049",0,"Promin","Promin.MST2021-049","white","no Cq","qPCR",0,0.558615680442301,0.01862052268141,0.560731440782545,NA,"white","MST2021049",8.56828611111111,55.0938666666667,"2021-05-21","Promin",21,5,2021,0,0,"O)   Promin","O",NA,NA
"MST2021-049",1.24052199160722,"Psefar","Psefar.MST2021-049","red","1aLQ","qPCR",1.24052199160722,0.548095136203483,0.0274047568101742,7.0030003786087,0.350349211041649,"red","MST2021049",8.56828611111111,55.0938666666667,"2021-05-21","Psefar",21,5,2021,1.24052199160722,0,"P)   Psefar","P",NA,0.350349211041649
"MST2021-049",124.65611650891,"Psever","Psever.MST2021-049","black","aaLQ","qPCR",124.65611650891,0.697051909649079,0.0232350636549693,0.447889193892479,2.09918363340942,"black","MST2021049",8.56828611111111,55.0938666666667,"2021-05-21","Psever",21,5,2021,124.65611650891,0,"NA)   Psever",NA,NA,2.09918363340942
"MST2021-049",0,"Bonham","Bonham.MST2021-049","white","no Cq","ddPCR",0,0.617616142109215,0.0308808071054608,0.602823607623575,NA,"white","MST2021049",8.56828611111111,55.0938666666667,"2021-05-21","Bonham",21,5,2021,0,0,"A)   Bonham","A",NA,NA
"MST2021-049",0,"Calsap","Calsap.MST2021-049","white","no Cq","ddPCR",0,0.63699006851343,0.0106165011418905,6.69409215450285,NA,"white","MST2021049",8.56828611111111,55.0938666666667,"2021-05-21","Calsap",21,5,2021,0,0,"B)   Calsap","B",NA,NA
"MST2021-049",0.29784819111228,"Caraur","Caraur.MST2021-049","white","aaLQ","ddPCR",0.29784819111228,0.0225471728962503,0.0958446595718793,3.49066555500031,0.113223896148494,"black","MST2021049",8.56828611111111,55.0938666666667,"2021-05-21","Caraur",21,5,2021,0,0.29784819111228,"C)   Caraur","C",0.113223896148494,NA
"MST2021-049",0,"Colper","Colper.MST2021-049","white","no Cq","ddPCR",0,1.0579731951097,0.0176328865851616,1.05264455080033,NA,"white","MST2021049",8.56828611111111,55.0938666666667,"2021-05-21","Colper",21,5,2021,0,0,"D)   Colper","D",NA,NA
"MST2021-049",0,"Corcas","Corcas.MST2021-049","white","no Cq","ddPCR",0,1.26214731581735,0.0420715771939118,0.360338948667049,NA,"white","MST2021049",8.56828611111111,55.0938666666667,"2021-05-21","Corcas",21,5,2021,0,0,"E)   Corcas","E",NA,NA
"MST2021-049",1.32687151432037,"Cragig","Cragig.MST2021-049","black","aaLQ","ddPCR",1.32687151432037,0.819268298830287,0.0123110535560807,5.31343579292295,0.36677240298495,"black","MST2021049",8.56828611111111,55.0938666666667,"2021-05-21","Cragig",21,5,2021,0,1.32687151432037,"F)   Cragig","F",0.36677240298495,NA
"MST2021-049",0,"Erisin","Erisin.MST2021-049","white","no Cq","ddPCR",0,0.364685853592156,0.0548009373867898,1.68553620576858,NA,"white","MST2021049",8.56828611111111,55.0938666666667,"2021-05-21","Erisin",21,5,2021,0,0,"G)   Erisin","G",NA,NA
"MST2021-049",0,"Hemsan","Hemsan.MST2021-049","white","no Cq","ddPCR",0,0.631671659618149,0.0105278609936358,0.322470888495446,NA,"white","MST2021049",8.56828611111111,55.0938666666667,"2021-05-21","Hemsan",21,5,2021,0,0,"H)   Hemsan","H",NA,NA
"MST2021-049",0.314555913209915,"Hemtak","Hemtak.MST2021-049","white","aaLQ","ddPCR",0.314555913209915,0.563037107717149,0.0281518553858574,5.6800436973572,0.118779063079965,"black","MST2021049",8.56828611111111,55.0938666666667,"2021-05-21","Hemtak",21,5,2021,0,0.314555913209915,"I)   Hemtak","I",0.118779063079965,NA
"MST2021-049",0.33889401704073,"Homame","Homame.MST2021-049","white","bLD","ddPCR",0.33889401704073,0.615627075262864,26.1693861679721,0.335798636078835,0.126746200883515,"yellow","MST2021049",8.56828611111111,55.0938666666667,"2021-05-21","Homame",21,5,2021,0,0.33889401704073,"J)   Homame","J",0.126746200883515,NA
"MST2021-049",0,"Karmik","Karmik.MST2021-049","white","no Cq","ddPCR",0,0.249514042078587,0.0499028084157174,0.409050658345222,NA,"white","MST2021049",8.56828611111111,55.0938666666667,"2021-05-21","Karmik",21,5,2021,0,0,"K)   Karmik","K",NA,NA
"MST2021-049",17.1333992481231,"Mnelei","Mnelei.MST2021-049","black","aaLQ","ddPCR",17.1333992481231,0.565945481842138,0.00943242469736896,1.45512744784355,1.25847922363904,"black","MST2021049",8.56828611111111,55.0938666666667,"2021-05-21","Mnelei",21,5,2021,0,17.1333992481231,"L)   Mnelei","L",1.25847922363904,NA
"MST2021-049",224.003734588623,"Myaare","Myaare.MST2021-049","black","aaLQ","ddPCR",224.003734588623,1.00471092350427,0.0167451820584044,5.1446944475174,2.3521897265459,"black","MST2021049",8.56828611111111,55.0938666666667,"2021-05-21","Myaare",21,5,2021,0,224.003734588623,"M)   Myaare","M",2.3521897265459,NA
"MST2021-049",0,"Oncmyk","Oncmyk.MST2021-049","white","no Cq","ddPCR",0,0.483938046437317,0.0806563410728862,1.06313988566398,NA,"white","MST2021049",8.56828611111111,55.0938666666667,"2021-05-21","Oncmyk",21,5,2021,0,0,"N)   Oncmyk","N",NA,NA
"MST2021-049",0,"Promin","Promin.MST2021-049","white","no Cq","ddPCR",0,0.558615680442301,0.01862052268141,0.560731440782545,NA,"white","MST2021049",8.56828611111111,55.0938666666667,"2021-05-21","Promin",21,5,2021,0,0,"O)   Promin","O",NA,NA
"MST2021-049",7.0629394054413,"Psefar","Psefar.MST2021-049","red","aaLQ","ddPCR",7.0629394054413,0.548095136203483,0.0274047568101742,7.0030003786087,0.906493396004071,"black","MST2021049",8.56828611111111,55.0938666666667,"2021-05-21","Psefar",21,5,2021,0,7.0629394054413,"P)   Psefar","P",0.906493396004071,NA
"MST2021-049",157.724494934082,"Psever","Psever.MST2021-049","black","aaLQ","ddPCR",157.724494934082,0.697051909649079,0.0232350636549693,0.447889193892479,2.20064395381103,"black","MST2021049",8.56828611111111,55.0938666666667,"2021-05-21","Psever",21,5,2021,0,157.724494934082,"NA)   Psever",NA,2.20064395381103,NA
"MST2021-051",0,"Bonham","Bonham.MST2021-051","white","no Cq","qPCR",0,0.617616142109215,0.0308808071054608,0.602823607623575,NA,"white","MST2021051",9.07075,56.9543333333333,"2021-06-04","Bonham",4,6,2021,0,0,"A)   Bonham","A",NA,NA
"MST2021-051",0,"Calsap","Calsap.MST2021-051","white","no Cq","qPCR",0,0.63699006851343,0.0106165011418905,6.69409215450285,NA,"white","MST2021051",9.07075,56.9543333333333,"2021-06-04","Calsap",4,6,2021,0,0,"B)   Calsap","B",NA,NA
"MST2021-051",0,"Caraur","Caraur.MST2021-051","white","no Cq","qPCR",0,0.0225471728962503,0.0958446595718793,3.49066555500031,NA,"white","MST2021051",9.07075,56.9543333333333,"2021-06-04","Caraur",4,6,2021,0,0,"C)   Caraur","C",NA,NA
"MST2021-051",0,"Colper","Colper.MST2021-051","white","no Cq","qPCR",0,1.0579731951097,0.0176328865851616,1.05264455080033,NA,"white","MST2021051",9.07075,56.9543333333333,"2021-06-04","Colper",4,6,2021,0,0,"D)   Colper","D",NA,NA
"MST2021-051",0,"Corcas","Corcas.MST2021-051","white","no Cq","qPCR",0,1.26214731581735,0.0420715771939118,0.360338948667049,NA,"white","MST2021051",9.07075,56.9543333333333,"2021-06-04","Corcas",4,6,2021,0,0,"E)   Corcas","E",NA,NA
"MST2021-051",0,"Cragig","Cragig.MST2021-051","white","no Cq","qPCR",0,0.819268298830287,0.0123110535560807,5.31343579292295,NA,"white","MST2021051",9.07075,56.9543333333333,"2021-06-04","Cragig",4,6,2021,0,0,"F)   Cragig","F",NA,NA
"MST2021-051",0,"Erisin","Erisin.MST2021-051","white","no Cq","qPCR",0,0.364685853592156,0.0548009373867898,1.68553620576858,NA,"white","MST2021051",9.07075,56.9543333333333,"2021-06-04","Erisin",4,6,2021,0,0,"G)   Erisin","G",NA,NA
"MST2021-051",0,"Hemsan","Hemsan.MST2021-051","white","no Cq","qPCR",0,0.631671659618149,0.0105278609936358,0.322470888495446,NA,"white","MST2021051",9.07075,56.9543333333333,"2021-06-04","Hemsan",4,6,2021,0,0,"H)   Hemsan","H",NA,NA
"MST2021-051",0,"Hemtak","Hemtak.MST2021-051","white","no Cq","qPCR",0,0.563037107717149,0.0281518553858574,5.6800436973572,NA,"white","MST2021051",9.07075,56.9543333333333,"2021-06-04","Hemtak",4,6,2021,0,0,"I)   Hemtak","I",NA,NA
"MST2021-051",0,"Homame","Homame.MST2021-051","white","no Cq","qPCR",0,0.615627075262864,26.1693861679721,0.335798636078835,NA,"white","MST2021051",9.07075,56.9543333333333,"2021-06-04","Homame",4,6,2021,0,0,"J)   Homame","J",NA,NA
"MST2021-051",0,"Karmik","Karmik.MST2021-051","white","no Cq","qPCR",0,0.249514042078587,0.0499028084157174,0.409050658345222,NA,"white","MST2021051",9.07075,56.9543333333333,"2021-06-04","Karmik",4,6,2021,0,0,"K)   Karmik","K",NA,NA
"MST2021-051",0,"Mnelei","Mnelei.MST2021-051","white","no Cq","qPCR",0,0.565945481842138,0.00943242469736896,1.45512744784355,NA,"white","MST2021051",9.07075,56.9543333333333,"2021-06-04","Mnelei",4,6,2021,0,0,"L)   Mnelei","L",NA,NA
"MST2021-051",340.48536852089,"Myaare","Myaare.MST2021-051","red","1aLQ","qPCR",340.48536852089,1.00471092350427,0.0167451820584044,5.1446944475174,2.53337210038426,"red","MST2021051",9.07075,56.9543333333333,"2021-06-04","Myaare",4,6,2021,340.48536852089,0,"M)   Myaare","M",NA,2.53337210038426
"MST2021-051",0,"Oncmyk","Oncmyk.MST2021-051","white","no Cq","qPCR",0,0.483938046437317,0.0806563410728862,1.06313988566398,NA,"white","MST2021051",9.07075,56.9543333333333,"2021-06-04","Oncmyk",4,6,2021,0,0,"N)   Oncmyk","N",NA,NA
"MST2021-051",1.35060857849161,"Promin","Promin.MST2021-051","orange","aLDbLQ","qPCR",1.35060857849161,0.558615680442301,0.01862052268141,0.560731440782545,0.37118031676684,"orange","MST2021051",9.07075,56.9543333333333,"2021-06-04","Promin",4,6,2021,1.35060857849161,0,"O)   Promin","O",NA,0.37118031676684
"MST2021-051",0,"Psefar","Psefar.MST2021-051","white","no Cq","qPCR",0,0.548095136203483,0.0274047568101742,7.0030003786087,NA,"white","MST2021051",9.07075,56.9543333333333,"2021-06-04","Psefar",4,6,2021,0,0,"P)   Psefar","P",NA,NA
"MST2021-051",0,"Psever","Psever.MST2021-051","white","no Cq","qPCR",0,0.697051909649079,0.0232350636549693,0.447889193892479,NA,"white","MST2021051",9.07075,56.9543333333333,"2021-06-04","Psever",4,6,2021,0,0,"NA)   Psever",NA,NA,NA
"MST2021-051",0,"Bonham","Bonham.MST2021-051","white","no Cq","ddPCR",0,0.617616142109215,0.0308808071054608,0.602823607623575,NA,"white","MST2021051",9.07075,56.9543333333333,"2021-06-04","Bonham",4,6,2021,0,0,"A)   Bonham","A",NA,NA
"MST2021-051",0,"Calsap","Calsap.MST2021-051","white","no Cq","ddPCR",0,0.63699006851343,0.0106165011418905,6.69409215450285,NA,"white","MST2021051",9.07075,56.9543333333333,"2021-06-04","Calsap",4,6,2021,0,0,"B)   Calsap","B",NA,NA
"MST2021-051",0,"Caraur","Caraur.MST2021-051","white","no Cq","ddPCR",0,0.0225471728962503,0.0958446595718793,3.49066555500031,NA,"white","MST2021051",9.07075,56.9543333333333,"2021-06-04","Caraur",4,6,2021,0,0,"C)   Caraur","C",NA,NA
"MST2021-051",0,"Colper","Colper.MST2021-051","white","no Cq","ddPCR",0,1.0579731951097,0.0176328865851616,1.05264455080033,NA,"white","MST2021051",9.07075,56.9543333333333,"2021-06-04","Colper",4,6,2021,0,0,"D)   Colper","D",NA,NA
"MST2021-051",0,"Corcas","Corcas.MST2021-051","white","no Cq","ddPCR",0,1.26214731581735,0.0420715771939118,0.360338948667049,NA,"white","MST2021051",9.07075,56.9543333333333,"2021-06-04","Corcas",4,6,2021,0,0,"E)   Corcas","E",NA,NA
"MST2021-051",0,"Cragig","Cragig.MST2021-051","white","no Cq","ddPCR",0,0.819268298830287,0.0123110535560807,5.31343579292295,NA,"white","MST2021051",9.07075,56.9543333333333,"2021-06-04","Cragig",4,6,2021,0,0,"F)   Cragig","F",NA,NA
"MST2021-051",0.367314182221889,"Erisin","Erisin.MST2021-051","white","aaLQ","ddPCR",0.367314182221889,0.364685853592156,0.0548009373867898,1.68553620576858,0.135868318465097,"black","MST2021051",9.07075,56.9543333333333,"2021-06-04","Erisin",4,6,2021,0,0.367314182221889,"G)   Erisin","G",0.135868318465097,NA
"MST2021-051",0,"Hemsan","Hemsan.MST2021-051","white","no Cq","ddPCR",0,0.631671659618149,0.0105278609936358,0.322470888495446,NA,"white","MST2021051",9.07075,56.9543333333333,"2021-06-04","Hemsan",4,6,2021,0,0,"H)   Hemsan","H",NA,NA
"MST2021-051",0,"Hemtak","Hemtak.MST2021-051","white","no Cq","ddPCR",0,0.563037107717149,0.0281518553858574,5.6800436973572,NA,"white","MST2021051",9.07075,56.9543333333333,"2021-06-04","Hemtak",4,6,2021,0,0,"I)   Hemtak","I",NA,NA
"MST2021-051",0,"Homame","Homame.MST2021-051","white","no Cq","ddPCR",0,0.615627075262864,26.1693861679721,0.335798636078835,NA,"white","MST2021051",9.07075,56.9543333333333,"2021-06-04","Homame",4,6,2021,0,0,"J)   Homame","J",NA,NA
"MST2021-051",0,"Karmik","Karmik.MST2021-051","white","no Cq","ddPCR",0,0.249514042078587,0.0499028084157174,0.409050658345222,NA,"white","MST2021051",9.07075,56.9543333333333,"2021-06-04","Karmik",4,6,2021,0,0,"K)   Karmik","K",NA,NA
"MST2021-051",0,"Mnelei","Mnelei.MST2021-051","white","no Cq","ddPCR",0,0.565945481842138,0.00943242469736896,1.45512744784355,NA,"white","MST2021051",9.07075,56.9543333333333,"2021-06-04","Mnelei",4,6,2021,0,0,"L)   Mnelei","L",NA,NA
"MST2021-051",967.26234436035,"Myaare","Myaare.MST2021-051","red","aaLQ","ddPCR",967.26234436035,1.00471092350427,0.0167451820584044,5.1446944475174,2.98599304250646,"black","MST2021051",9.07075,56.9543333333333,"2021-06-04","Myaare",4,6,2021,0,967.26234436035,"M)   Myaare","M",2.98599304250646,NA
"MST2021-051",0,"Oncmyk","Oncmyk.MST2021-051","white","no Cq","ddPCR",0,0.483938046437317,0.0806563410728862,1.06313988566398,NA,"white","MST2021051",9.07075,56.9543333333333,"2021-06-04","Oncmyk",4,6,2021,0,0,"N)   Oncmyk","N",NA,NA
"MST2021-051",10.2739107608795,"Promin","Promin.MST2021-051","orange","aaLQ","ddPCR",10.2739107608795,0.558615680442301,0.01862052268141,0.560731440782545,1.05207459282132,"black","MST2021051",9.07075,56.9543333333333,"2021-06-04","Promin",4,6,2021,0,10.2739107608795,"O)   Promin","O",1.05207459282132,NA
"MST2021-051",0,"Psefar","Psefar.MST2021-051","white","no Cq","ddPCR",0,0.548095136203483,0.0274047568101742,7.0030003786087,NA,"white","MST2021051",9.07075,56.9543333333333,"2021-06-04","Psefar",4,6,2021,0,0,"P)   Psefar","P",NA,NA
"MST2021-051",0,"Psever","Psever.MST2021-051","white","no Cq","ddPCR",0,0.697051909649079,0.0232350636549693,0.447889193892479,NA,"white","MST2021051",9.07075,56.9543333333333,"2021-06-04","Psever",4,6,2021,0,0,"NA)   Psever",NA,NA,NA
"MST2021-055",0,"Bonham","Bonham.MST2021-055","white","no Cq","qPCR",0,0.617616142109215,0.0308808071054608,0.602823607623575,NA,"white","MST2021055",15.9833333333333,55.25,"2021-09-14","Bonham",14,9,2021,0,0,"A)   Bonham","A",NA,NA
"MST2021-055",0,"Calsap","Calsap.MST2021-055","white","no Cq","qPCR",0,0.63699006851343,0.0106165011418905,6.69409215450285,NA,"white","MST2021055",15.9833333333333,55.25,"2021-09-14","Calsap",14,9,2021,0,0,"B)   Calsap","B",NA,NA
"MST2021-055",0,"Caraur","Caraur.MST2021-055","white","no Cq","qPCR",0,0.0225471728962503,0.0958446595718793,3.49066555500031,NA,"white","MST2021055",15.9833333333333,55.25,"2021-09-14","Caraur",14,9,2021,0,0,"C)   Caraur","C",NA,NA
"MST2021-055",0,"Colper","Colper.MST2021-055","white","no Cq","qPCR",0,1.0579731951097,0.0176328865851616,1.05264455080033,NA,"white","MST2021055",15.9833333333333,55.25,"2021-09-14","Colper",14,9,2021,0,0,"D)   Colper","D",NA,NA
"MST2021-055",0,"Corcas","Corcas.MST2021-055","white","no Cq","qPCR",0,1.26214731581735,0.0420715771939118,0.360338948667049,NA,"white","MST2021055",15.9833333333333,55.25,"2021-09-14","Corcas",14,9,2021,0,0,"E)   Corcas","E",NA,NA
"MST2021-055",0,"Cragig","Cragig.MST2021-055","white","no Cq","qPCR",0,0.819268298830287,0.0123110535560807,5.31343579292295,NA,"white","MST2021055",15.9833333333333,55.25,"2021-09-14","Cragig",14,9,2021,0,0,"F)   Cragig","F",NA,NA
"MST2021-055",0,"Erisin","Erisin.MST2021-055","white","no Cq","qPCR",0,0.364685853592156,0.0548009373867898,1.68553620576858,NA,"white","MST2021055",15.9833333333333,55.25,"2021-09-14","Erisin",14,9,2021,0,0,"G)   Erisin","G",NA,NA
"MST2021-055",0,"Hemsan","Hemsan.MST2021-055","white","no Cq","qPCR",0,0.631671659618149,0.0105278609936358,0.322470888495446,NA,"white","MST2021055",15.9833333333333,55.25,"2021-09-14","Hemsan",14,9,2021,0,0,"H)   Hemsan","H",NA,NA
"MST2021-055",0,"Hemtak","Hemtak.MST2021-055","white","no Cq","qPCR",0,0.563037107717149,0.0281518553858574,5.6800436973572,NA,"white","MST2021055",15.9833333333333,55.25,"2021-09-14","Hemtak",14,9,2021,0,0,"I)   Hemtak","I",NA,NA
"MST2021-055",0,"Homame","Homame.MST2021-055","white","no Cq","qPCR",0,0.615627075262864,26.1693861679721,0.335798636078835,NA,"white","MST2021055",15.9833333333333,55.25,"2021-09-14","Homame",14,9,2021,0,0,"J)   Homame","J",NA,NA
"MST2021-055",0,"Karmik","Karmik.MST2021-055","white","no Cq","qPCR",0,0.249514042078587,0.0499028084157174,0.409050658345222,NA,"white","MST2021055",15.9833333333333,55.25,"2021-09-14","Karmik",14,9,2021,0,0,"K)   Karmik","K",NA,NA
"MST2021-055",3.0567344302607,"Mnelei","Mnelei.MST2021-055","black","aaLQ","qPCR",3.0567344302607,0.565945481842138,0.00943242469736896,1.45512744784355,0.608176578015539,"black","MST2021055",15.9833333333333,55.25,"2021-09-14","Mnelei",14,9,2021,3.0567344302607,0,"L)   Mnelei","L",NA,0.608176578015539
"MST2021-055",0,"Myaare","Myaare.MST2021-055","white","no Cq","qPCR",0,1.00471092350427,0.0167451820584044,5.1446944475174,NA,"white","MST2021055",15.9833333333333,55.25,"2021-09-14","Myaare",14,9,2021,0,0,"M)   Myaare","M",NA,NA
"MST2021-055",0,"Oncmyk","Oncmyk.MST2021-055","white","no Cq","qPCR",0,0.483938046437317,0.0806563410728862,1.06313988566398,NA,"white","MST2021055",15.9833333333333,55.25,"2021-09-14","Oncmyk",14,9,2021,0,0,"N)   Oncmyk","N",NA,NA
"MST2021-055",1.00923232933242,"Promin","Promin.MST2021-055","black","aaLQ","qPCR",1.00923232933242,0.558615680442301,0.01862052268141,0.560731440782545,0.30303015751146,"black","MST2021055",15.9833333333333,55.25,"2021-09-14","Promin",14,9,2021,1.00923232933242,0,"O)   Promin","O",NA,0.30303015751146
"MST2021-055",0,"Psefar","Psefar.MST2021-055","white","no Cq","qPCR",0,0.548095136203483,0.0274047568101742,7.0030003786087,NA,"white","MST2021055",15.9833333333333,55.25,"2021-09-14","Psefar",14,9,2021,0,0,"P)   Psefar","P",NA,NA
"MST2021-055",0,"Psever","Psever.MST2021-055","white","no Cq","qPCR",0,0.697051909649079,0.0232350636549693,0.447889193892479,NA,"white","MST2021055",15.9833333333333,55.25,"2021-09-14","Psever",14,9,2021,0,0,"NA)   Psever",NA,NA,NA
"MST2021-055",0,"Bonham","Bonham.MST2021-055","white","no Cq","ddPCR",0,0.617616142109215,0.0308808071054608,0.602823607623575,NA,"white","MST2021055",15.9833333333333,55.25,"2021-09-14","Bonham",14,9,2021,0,0,"A)   Bonham","A",NA,NA
"MST2021-055",0,"Calsap","Calsap.MST2021-055","white","no Cq","ddPCR",0,0.63699006851343,0.0106165011418905,6.69409215450285,NA,"white","MST2021055",15.9833333333333,55.25,"2021-09-14","Calsap",14,9,2021,0,0,"B)   Calsap","B",NA,NA
"MST2021-055",0,"Caraur","Caraur.MST2021-055","white","no Cq","ddPCR",0,0.0225471728962503,0.0958446595718793,3.49066555500031,NA,"white","MST2021055",15.9833333333333,55.25,"2021-09-14","Caraur",14,9,2021,0,0,"C)   Caraur","C",NA,NA
"MST2021-055",0,"Colper","Colper.MST2021-055","white","no Cq","ddPCR",0,1.0579731951097,0.0176328865851616,1.05264455080033,NA,"white","MST2021055",15.9833333333333,55.25,"2021-09-14","Colper",14,9,2021,0,0,"D)   Colper","D",NA,NA
"MST2021-055",0,"Corcas","Corcas.MST2021-055","white","no Cq","ddPCR",0,1.26214731581735,0.0420715771939118,0.360338948667049,NA,"white","MST2021055",15.9833333333333,55.25,"2021-09-14","Corcas",14,9,2021,0,0,"E)   Corcas","E",NA,NA
"MST2021-055",0,"Cragig","Cragig.MST2021-055","white","no Cq","ddPCR",0,0.819268298830287,0.0123110535560807,5.31343579292295,NA,"white","MST2021055",15.9833333333333,55.25,"2021-09-14","Cragig",14,9,2021,0,0,"F)   Cragig","F",NA,NA
"MST2021-055",0,"Erisin","Erisin.MST2021-055","white","no Cq","ddPCR",0,0.364685853592156,0.0548009373867898,1.68553620576858,NA,"white","MST2021055",15.9833333333333,55.25,"2021-09-14","Erisin",14,9,2021,0,0,"G)   Erisin","G",NA,NA
"MST2021-055",0,"Hemsan","Hemsan.MST2021-055","white","no Cq","ddPCR",0,0.631671659618149,0.0105278609936358,0.322470888495446,NA,"white","MST2021055",15.9833333333333,55.25,"2021-09-14","Hemsan",14,9,2021,0,0,"H)   Hemsan","H",NA,NA
"MST2021-055",0,"Hemtak","Hemtak.MST2021-055","white","no Cq","ddPCR",0,0.563037107717149,0.0281518553858574,5.6800436973572,NA,"white","MST2021055",15.9833333333333,55.25,"2021-09-14","Hemtak",14,9,2021,0,0,"I)   Hemtak","I",NA,NA
"MST2021-055",0,"Homame","Homame.MST2021-055","white","no Cq","ddPCR",0,0.615627075262864,26.1693861679721,0.335798636078835,NA,"white","MST2021055",15.9833333333333,55.25,"2021-09-14","Homame",14,9,2021,0,0,"J)   Homame","J",NA,NA
"MST2021-055",0,"Karmik","Karmik.MST2021-055","white","no Cq","ddPCR",0,0.249514042078587,0.0499028084157174,0.409050658345222,NA,"white","MST2021055",15.9833333333333,55.25,"2021-09-14","Karmik",14,9,2021,0,0,"K)   Karmik","K",NA,NA
"MST2021-055",6.097531914711,"Mnelei","Mnelei.MST2021-055","black","aaLQ","ddPCR",6.097531914711,0.565945481842138,0.00943242469736896,1.45512744784355,0.851107354047732,"black","MST2021055",15.9833333333333,55.25,"2021-09-14","Mnelei",14,9,2021,0,6.097531914711,"L)   Mnelei","L",0.851107354047732,NA
"MST2021-055",0,"Myaare","Myaare.MST2021-055","white","no Cq","ddPCR",0,1.00471092350427,0.0167451820584044,5.1446944475174,NA,"white","MST2021055",15.9833333333333,55.25,"2021-09-14","Myaare",14,9,2021,0,0,"M)   Myaare","M",NA,NA
"MST2021-055",0,"Oncmyk","Oncmyk.MST2021-055","white","no Cq","ddPCR",0,0.483938046437317,0.0806563410728862,1.06313988566398,NA,"white","MST2021055",15.9833333333333,55.25,"2021-09-14","Oncmyk",14,9,2021,0,0,"N)   Oncmyk","N",NA,NA
"MST2021-055",3.23176592588425,"Promin","Promin.MST2021-055","black","aaLQ","ddPCR",3.23176592588425,0.558615680442301,0.01862052268141,0.560731440782545,0.62652163730967,"black","MST2021055",15.9833333333333,55.25,"2021-09-14","Promin",14,9,2021,0,3.23176592588425,"O)   Promin","O",0.62652163730967,NA
"MST2021-055",0.496212653815747,"Psefar","Psefar.MST2021-055","white","aaLQ","ddPCR",0.496212653815747,0.548095136203483,0.0274047568101742,7.0030003786087,0.174993323351537,"black","MST2021055",15.9833333333333,55.25,"2021-09-14","Psefar",14,9,2021,0,0.496212653815747,"P)   Psefar","P",0.174993323351537,NA
"MST2021-055",0,"Psever","Psever.MST2021-055","white","no Cq","ddPCR",0,0.697051909649079,0.0232350636549693,0.447889193892479,NA,"white","MST2021055",15.9833333333333,55.25,"2021-09-14","Psever",14,9,2021,0,0,"NA)   Psever",NA,NA,NA
"MST2021-058",0,"Bonham","Bonham.MST2021-058","white","no Cq","qPCR",0,0.617616142109215,0.0308808071054608,0.602823607623575,NA,"white","MST2021058",10.0845083333333,55.6743833333333,"2021-08-30","Bonham",30,8,2021,0,0,"A)   Bonham","A",NA,NA
"MST2021-058",0,"Calsap","Calsap.MST2021-058","white","no Cq","qPCR",0,0.63699006851343,0.0106165011418905,6.69409215450285,NA,"white","MST2021058",10.0845083333333,55.6743833333333,"2021-08-30","Calsap",30,8,2021,0,0,"B)   Calsap","B",NA,NA
"MST2021-058",0,"Caraur","Caraur.MST2021-058","white","no Cq","qPCR",0,0.0225471728962503,0.0958446595718793,3.49066555500031,NA,"white","MST2021058",10.0845083333333,55.6743833333333,"2021-08-30","Caraur",30,8,2021,0,0,"C)   Caraur","C",NA,NA
"MST2021-058",0.00849552475673086,"Colper","Colper.MST2021-058","yellow","bLD","qPCR",0.00849552475673086,1.0579731951097,0.0176328865851616,1.05264455080033,0.00367397535218603,"yellow","MST2021058",10.0845083333333,55.6743833333333,"2021-08-30","Colper",30,8,2021,0.00849552475673086,0,"D)   Colper","D",NA,0.00367397535218603
"MST2021-058",0,"Corcas","Corcas.MST2021-058","white","no Cq","qPCR",0,1.26214731581735,0.0420715771939118,0.360338948667049,NA,"white","MST2021058",10.0845083333333,55.6743833333333,"2021-08-30","Corcas",30,8,2021,0,0,"E)   Corcas","E",NA,NA
"MST2021-058",0,"Cragig","Cragig.MST2021-058","white","no Cq","qPCR",0,0.819268298830287,0.0123110535560807,5.31343579292295,NA,"white","MST2021058",10.0845083333333,55.6743833333333,"2021-08-30","Cragig",30,8,2021,0,0,"F)   Cragig","F",NA,NA
"MST2021-058",0,"Erisin","Erisin.MST2021-058","white","no Cq","qPCR",0,0.364685853592156,0.0548009373867898,1.68553620576858,NA,"white","MST2021058",10.0845083333333,55.6743833333333,"2021-08-30","Erisin",30,8,2021,0,0,"G)   Erisin","G",NA,NA
"MST2021-058",0,"Hemsan","Hemsan.MST2021-058","white","no Cq","qPCR",0,0.631671659618149,0.0105278609936358,0.322470888495446,NA,"white","MST2021058",10.0845083333333,55.6743833333333,"2021-08-30","Hemsan",30,8,2021,0,0,"H)   Hemsan","H",NA,NA
"MST2021-058",0,"Hemtak","Hemtak.MST2021-058","white","no Cq","qPCR",0,0.563037107717149,0.0281518553858574,5.6800436973572,NA,"white","MST2021058",10.0845083333333,55.6743833333333,"2021-08-30","Hemtak",30,8,2021,0,0,"I)   Hemtak","I",NA,NA
"MST2021-058",0,"Homame","Homame.MST2021-058","white","no Cq","qPCR",0,0.615627075262864,26.1693861679721,0.335798636078835,NA,"white","MST2021058",10.0845083333333,55.6743833333333,"2021-08-30","Homame",30,8,2021,0,0,"J)   Homame","J",NA,NA
"MST2021-058",69.8694765384951,"Karmik","Karmik.MST2021-058","black","aaLQ","qPCR",69.8694765384951,0.249514042078587,0.0499028084157174,0.409050658345222,1.85045922495451,"black","MST2021058",10.0845083333333,55.6743833333333,"2021-08-30","Karmik",30,8,2021,69.8694765384951,0,"K)   Karmik","K",NA,1.85045922495451
"MST2021-058",8771.52614023998,"Mnelei","Mnelei.MST2021-058","black","aaLQ","qPCR",8771.52614023998,0.565945481842138,0.00943242469736896,1.45512744784355,3.94312467099346,"black","MST2021058",10.0845083333333,55.6743833333333,"2021-08-30","Mnelei",30,8,2021,8771.52614023998,0,"L)   Mnelei","L",NA,3.94312467099346
"MST2021-058",0,"Myaare","Myaare.MST2021-058","white","no Cq","qPCR",0,1.00471092350427,0.0167451820584044,5.1446944475174,NA,"white","MST2021058",10.0845083333333,55.6743833333333,"2021-08-30","Myaare",30,8,2021,0,0,"M)   Myaare","M",NA,NA
"MST2021-058",0,"Oncmyk","Oncmyk.MST2021-058","white","no Cq","qPCR",0,0.483938046437317,0.0806563410728862,1.06313988566398,NA,"white","MST2021058",10.0845083333333,55.6743833333333,"2021-08-30","Oncmyk",30,8,2021,0,0,"N)   Oncmyk","N",NA,NA
"MST2021-058",5.72891414498049,"Promin","Promin.MST2021-058","black","aaLQ","qPCR",5.72891414498049,0.558615680442301,0.01862052268141,0.560731440782545,0.827944987122798,"black","MST2021058",10.0845083333333,55.6743833333333,"2021-08-30","Promin",30,8,2021,5.72891414498049,0,"O)   Promin","O",NA,0.827944987122798
"MST2021-058",222.100329081567,"Psefar","Psefar.MST2021-058","black","aaLQ","qPCR",222.100329081567,0.548095136203483,0.0274047568101742,7.0030003786087,2.34850021088538,"black","MST2021058",10.0845083333333,55.6743833333333,"2021-08-30","Psefar",30,8,2021,222.100329081567,0,"P)   Psefar","P",NA,2.34850021088538
"MST2021-058",20.3802488338954,"Psever","Psever.MST2021-058","black","aaLQ","qPCR",20.3802488338954,0.697051909649079,0.0232350636549693,0.447889193892479,1.33001275543585,"black","MST2021058",10.0845083333333,55.6743833333333,"2021-08-30","Psever",30,8,2021,20.3802488338954,0,"NA)   Psever",NA,NA,1.33001275543585
"MST2021-058",0,"Bonham","Bonham.MST2021-058","white","no Cq","ddPCR",0,0.617616142109215,0.0308808071054608,0.602823607623575,NA,"white","MST2021058",10.0845083333333,55.6743833333333,"2021-08-30","Bonham",30,8,2021,0,0,"A)   Bonham","A",NA,NA
"MST2021-058",0,"Calsap","Calsap.MST2021-058","white","no Cq","ddPCR",0,0.63699006851343,0.0106165011418905,6.69409215450285,NA,"white","MST2021058",10.0845083333333,55.6743833333333,"2021-08-30","Calsap",30,8,2021,0,0,"B)   Calsap","B",NA,NA
"MST2021-058",0,"Caraur","Caraur.MST2021-058","white","no Cq","ddPCR",0,0.0225471728962503,0.0958446595718793,3.49066555500031,NA,"white","MST2021058",10.0845083333333,55.6743833333333,"2021-08-30","Caraur",30,8,2021,0,0,"C)   Caraur","C",NA,NA
"MST2021-058",0,"Colper","Colper.MST2021-058","yellow","no Cq","ddPCR",0,1.0579731951097,0.0176328865851616,1.05264455080033,NA,"white","MST2021058",10.0845083333333,55.6743833333333,"2021-08-30","Colper",30,8,2021,0,0,"D)   Colper","D",NA,NA
"MST2021-058",0,"Corcas","Corcas.MST2021-058","white","no Cq","ddPCR",0,1.26214731581735,0.0420715771939118,0.360338948667049,NA,"white","MST2021058",10.0845083333333,55.6743833333333,"2021-08-30","Corcas",30,8,2021,0,0,"E)   Corcas","E",NA,NA
"MST2021-058",0,"Cragig","Cragig.MST2021-058","white","no Cq","ddPCR",0,0.819268298830287,0.0123110535560807,5.31343579292295,NA,"white","MST2021058",10.0845083333333,55.6743833333333,"2021-08-30","Cragig",30,8,2021,0,0,"F)   Cragig","F",NA,NA
"MST2021-058",0,"Erisin","Erisin.MST2021-058","white","no Cq","ddPCR",0,0.364685853592156,0.0548009373867898,1.68553620576858,NA,"white","MST2021058",10.0845083333333,55.6743833333333,"2021-08-30","Erisin",30,8,2021,0,0,"G)   Erisin","G",NA,NA
"MST2021-058",0,"Hemsan","Hemsan.MST2021-058","white","no Cq","ddPCR",0,0.631671659618149,0.0105278609936358,0.322470888495446,NA,"white","MST2021058",10.0845083333333,55.6743833333333,"2021-08-30","Hemsan",30,8,2021,0,0,"H)   Hemsan","H",NA,NA
"MST2021-058",0,"Hemtak","Hemtak.MST2021-058","white","no Cq","ddPCR",0,0.563037107717149,0.0281518553858574,5.6800436973572,NA,"white","MST2021058",10.0845083333333,55.6743833333333,"2021-08-30","Hemtak",30,8,2021,0,0,"I)   Hemtak","I",NA,NA
"MST2021-058",0,"Homame","Homame.MST2021-058","white","no Cq","ddPCR",0,0.615627075262864,26.1693861679721,0.335798636078835,NA,"white","MST2021058",10.0845083333333,55.6743833333333,"2021-08-30","Homame",30,8,2021,0,0,"J)   Homame","J",NA,NA
"MST2021-058",85.7973289489745,"Karmik","Karmik.MST2021-058","black","aaLQ","ddPCR",85.7973289489745,0.249514042078587,0.0499028084157174,0.409050658345222,1.9385063606538,"black","MST2021058",10.0845083333333,55.6743833333333,"2021-08-30","Karmik",30,8,2021,0,85.7973289489745,"K)   Karmik","K",1.9385063606538,NA
"MST2021-058",13395.888671875,"Mnelei","Mnelei.MST2021-058","black","aaLQ","ddPCR",13395.888671875,0.565945481842138,0.00943242469736896,1.45512744784355,4.12700394839982,"black","MST2021058",10.0845083333333,55.6743833333333,"2021-08-30","Mnelei",30,8,2021,0,13395.888671875,"L)   Mnelei","L",4.12700394839982,NA
"MST2021-058",0,"Myaare","Myaare.MST2021-058","white","no Cq","ddPCR",0,1.00471092350427,0.0167451820584044,5.1446944475174,NA,"white","MST2021058",10.0845083333333,55.6743833333333,"2021-08-30","Myaare",30,8,2021,0,0,"M)   Myaare","M",NA,NA
"MST2021-058",0,"Oncmyk","Oncmyk.MST2021-058","white","no Cq","ddPCR",0,0.483938046437317,0.0806563410728862,1.06313988566398,NA,"white","MST2021058",10.0845083333333,55.6743833333333,"2021-08-30","Oncmyk",30,8,2021,0,0,"N)   Oncmyk","N",NA,NA
"MST2021-058",19.6321368217469,"Promin","Promin.MST2021-058","black","aaLQ","ddPCR",19.6321368217469,0.558615680442301,0.01862052268141,0.560731440782545,1.31454420915764,"black","MST2021058",10.0845083333333,55.6743833333333,"2021-08-30","Promin",30,8,2021,0,19.6321368217469,"O)   Promin","O",1.31454420915764,NA
"MST2021-058",633.29334259033,"Psefar","Psefar.MST2021-058","black","aaLQ","ddPCR",633.29334259033,0.548095136203483,0.0274047568101742,7.0030003786087,2.80229015315774,"black","MST2021058",10.0845083333333,55.6743833333333,"2021-08-30","Psefar",30,8,2021,0,633.29334259033,"P)   Psefar","P",2.80229015315774,NA
"MST2021-058",28.6642718315125,"Psever","Psever.MST2021-058","black","aaLQ","ddPCR",28.6642718315125,0.697051909649079,0.0232350636549693,0.447889193892479,1.47223369218342,"black","MST2021058",10.0845083333333,55.6743833333333,"2021-08-30","Psever",30,8,2021,0,28.6642718315125,"NA)   Psever",NA,1.47223369218342,NA
"MST2021-062",0,"Bonham","Bonham.MST2021-062","white","no Cq","qPCR",0,0.617616142109215,0.0308808071054608,0.602823607623575,NA,"white","MST2021062",10.1654166666667,54.9975833333333,"2021-05-21","Bonham",21,5,2021,0,0,"A)   Bonham","A",NA,NA
"MST2021-062",0,"Calsap","Calsap.MST2021-062","white","no Cq","qPCR",0,0.63699006851343,0.0106165011418905,6.69409215450285,NA,"white","MST2021062",10.1654166666667,54.9975833333333,"2021-05-21","Calsap",21,5,2021,0,0,"B)   Calsap","B",NA,NA
"MST2021-062",0,"Caraur","Caraur.MST2021-062","white","no Cq","qPCR",0,0.0225471728962503,0.0958446595718793,3.49066555500031,NA,"white","MST2021062",10.1654166666667,54.9975833333333,"2021-05-21","Caraur",21,5,2021,0,0,"C)   Caraur","C",NA,NA
"MST2021-062",0,"Colper","Colper.MST2021-062","white","no Cq","qPCR",0,1.0579731951097,0.0176328865851616,1.05264455080033,NA,"white","MST2021062",10.1654166666667,54.9975833333333,"2021-05-21","Colper",21,5,2021,0,0,"D)   Colper","D",NA,NA
"MST2021-062",0,"Corcas","Corcas.MST2021-062","white","no Cq","qPCR",0,1.26214731581735,0.0420715771939118,0.360338948667049,NA,"white","MST2021062",10.1654166666667,54.9975833333333,"2021-05-21","Corcas",21,5,2021,0,0,"E)   Corcas","E",NA,NA
"MST2021-062",0,"Cragig","Cragig.MST2021-062","white","no Cq","qPCR",0,0.819268298830287,0.0123110535560807,5.31343579292295,NA,"white","MST2021062",10.1654166666667,54.9975833333333,"2021-05-21","Cragig",21,5,2021,0,0,"F)   Cragig","F",NA,NA
"MST2021-062",0,"Erisin","Erisin.MST2021-062","white","no Cq","qPCR",0,0.364685853592156,0.0548009373867898,1.68553620576858,NA,"white","MST2021062",10.1654166666667,54.9975833333333,"2021-05-21","Erisin",21,5,2021,0,0,"G)   Erisin","G",NA,NA
"MST2021-062",0.155110485306234,"Hemsan","Hemsan.MST2021-062","yellow","bLD","qPCR",0.155110485306234,0.631671659618149,0.0105278609936358,0.322470888495446,0.0626235261017408,"yellow","MST2021062",10.1654166666667,54.9975833333333,"2021-05-21","Hemsan",21,5,2021,0.155110485306234,0,"H)   Hemsan","H",NA,0.0626235261017408
"MST2021-062",0,"Hemtak","Hemtak.MST2021-062","white","no Cq","qPCR",0,0.563037107717149,0.0281518553858574,5.6800436973572,NA,"white","MST2021062",10.1654166666667,54.9975833333333,"2021-05-21","Hemtak",21,5,2021,0,0,"I)   Hemtak","I",NA,NA
"MST2021-062",0,"Homame","Homame.MST2021-062","white","no Cq","qPCR",0,0.615627075262864,26.1693861679721,0.335798636078835,NA,"white","MST2021062",10.1654166666667,54.9975833333333,"2021-05-21","Homame",21,5,2021,0,0,"J)   Homame","J",NA,NA
"MST2021-062",0,"Karmik","Karmik.MST2021-062","white","no Cq","qPCR",0,0.249514042078587,0.0499028084157174,0.409050658345222,NA,"white","MST2021062",10.1654166666667,54.9975833333333,"2021-05-21","Karmik",21,5,2021,0,0,"K)   Karmik","K",NA,NA
"MST2021-062",4.76714744205028,"Mnelei","Mnelei.MST2021-062","red","1aLQ","qPCR",4.76714744205028,0.565945481842138,0.00943242469736896,1.45512744784355,0.760961054662206,"red","MST2021062",10.1654166666667,54.9975833333333,"2021-05-21","Mnelei",21,5,2021,4.76714744205028,0,"L)   Mnelei","L",NA,0.760961054662206
"MST2021-062",0,"Myaare","Myaare.MST2021-062","white","no Cq","qPCR",0,1.00471092350427,0.0167451820584044,5.1446944475174,NA,"white","MST2021062",10.1654166666667,54.9975833333333,"2021-05-21","Myaare",21,5,2021,0,0,"M)   Myaare","M",NA,NA
"MST2021-062",0,"Oncmyk","Oncmyk.MST2021-062","white","no Cq","qPCR",0,0.483938046437317,0.0806563410728862,1.06313988566398,NA,"white","MST2021062",10.1654166666667,54.9975833333333,"2021-05-21","Oncmyk",21,5,2021,0,0,"N)   Oncmyk","N",NA,NA
"MST2021-062",0,"Promin","Promin.MST2021-062","white","no Cq","qPCR",0,0.558615680442301,0.01862052268141,0.560731440782545,NA,"white","MST2021062",10.1654166666667,54.9975833333333,"2021-05-21","Promin",21,5,2021,0,0,"O)   Promin","O",NA,NA
"MST2021-062",126969.283274516,"Psefar","Psefar.MST2021-062","black","aaLQ","qPCR",126969.283274516,0.548095136203483,0.0274047568101742,7.0030003786087,5.10370208851463,"black","MST2021062",10.1654166666667,54.9975833333333,"2021-05-21","Psefar",21,5,2021,126969.283274516,0,"P)   Psefar","P",NA,5.10370208851463
"MST2021-062",0.116624529505509,"Psever","Psever.MST2021-062","orange","aLDbLQ","qPCR",0.116624529505509,0.697051909649079,0.0232350636549693,0.447889193892479,0.0479071640050743,"orange","MST2021062",10.1654166666667,54.9975833333333,"2021-05-21","Psever",21,5,2021,0.116624529505509,0,"NA)   Psever",NA,NA,0.0479071640050743
"MST2021-062",0,"Bonham","Bonham.MST2021-062","white","no Cq","ddPCR",0,0.617616142109215,0.0308808071054608,0.602823607623575,NA,"white","MST2021062",10.1654166666667,54.9975833333333,"2021-05-21","Bonham",21,5,2021,0,0,"A)   Bonham","A",NA,NA
"MST2021-062",0,"Calsap","Calsap.MST2021-062","white","no Cq","ddPCR",0,0.63699006851343,0.0106165011418905,6.69409215450285,NA,"white","MST2021062",10.1654166666667,54.9975833333333,"2021-05-21","Calsap",21,5,2021,0,0,"B)   Calsap","B",NA,NA
"MST2021-062",0,"Caraur","Caraur.MST2021-062","white","no Cq","ddPCR",0,0.0225471728962503,0.0958446595718793,3.49066555500031,NA,"white","MST2021062",10.1654166666667,54.9975833333333,"2021-05-21","Caraur",21,5,2021,0,0,"C)   Caraur","C",NA,NA
"MST2021-062",0.425071567296982,"Colper","Colper.MST2021-062","white","aaLQ","ddPCR",0.425071567296982,1.0579731951097,0.0176328865851616,1.05264455080033,0.153836675222913,"black","MST2021062",10.1654166666667,54.9975833333333,"2021-05-21","Colper",21,5,2021,0,0.425071567296982,"D)   Colper","D",0.153836675222913,NA
"MST2021-062",0,"Corcas","Corcas.MST2021-062","white","no Cq","ddPCR",0,1.26214731581735,0.0420715771939118,0.360338948667049,NA,"white","MST2021062",10.1654166666667,54.9975833333333,"2021-05-21","Corcas",21,5,2021,0,0,"E)   Corcas","E",NA,NA
"MST2021-062",0,"Cragig","Cragig.MST2021-062","white","no Cq","ddPCR",0,0.819268298830287,0.0123110535560807,5.31343579292295,NA,"white","MST2021062",10.1654166666667,54.9975833333333,"2021-05-21","Cragig",21,5,2021,0,0,"F)   Cragig","F",NA,NA
"MST2021-062",0,"Erisin","Erisin.MST2021-062","white","no Cq","ddPCR",0,0.364685853592156,0.0548009373867898,1.68553620576858,NA,"white","MST2021062",10.1654166666667,54.9975833333333,"2021-05-21","Erisin",21,5,2021,0,0,"G)   Erisin","G",NA,NA
"MST2021-062",0,"Hemsan","Hemsan.MST2021-062","yellow","no Cq","ddPCR",0,0.631671659618149,0.0105278609936358,0.322470888495446,NA,"white","MST2021062",10.1654166666667,54.9975833333333,"2021-05-21","Hemsan",21,5,2021,0,0,"H)   Hemsan","H",NA,NA
"MST2021-062",0,"Hemtak","Hemtak.MST2021-062","white","no Cq","ddPCR",0,0.563037107717149,0.0281518553858574,5.6800436973572,NA,"white","MST2021062",10.1654166666667,54.9975833333333,"2021-05-21","Hemtak",21,5,2021,0,0,"I)   Hemtak","I",NA,NA
"MST2021-062",0.692163705825805,"Homame","Homame.MST2021-062","white","bLD","ddPCR",0.692163705825805,0.615627075262864,26.1693861679721,0.335798636078835,0.228442375900184,"yellow","MST2021062",10.1654166666667,54.9975833333333,"2021-05-21","Homame",21,5,2021,0,0.692163705825805,"J)   Homame","J",0.228442375900184,NA
"MST2021-062",0,"Karmik","Karmik.MST2021-062","white","no Cq","ddPCR",0,0.249514042078587,0.0499028084157174,0.409050658345222,NA,"white","MST2021062",10.1654166666667,54.9975833333333,"2021-05-21","Karmik",21,5,2021,0,0,"K)   Karmik","K",NA,NA
"MST2021-062",4.36438620090485,"Mnelei","Mnelei.MST2021-062","red","aaLQ","ddPCR",4.36438620090485,0.565945481842138,0.00943242469736896,1.45512744784355,0.729520036682206,"black","MST2021062",10.1654166666667,54.9975833333333,"2021-05-21","Mnelei",21,5,2021,0,4.36438620090485,"L)   Mnelei","L",0.729520036682206,NA
"MST2021-062",0,"Myaare","Myaare.MST2021-062","white","no Cq","ddPCR",0,1.00471092350427,0.0167451820584044,5.1446944475174,NA,"white","MST2021062",10.1654166666667,54.9975833333333,"2021-05-21","Myaare",21,5,2021,0,0,"M)   Myaare","M",NA,NA
"MST2021-062",0,"Oncmyk","Oncmyk.MST2021-062","white","no Cq","ddPCR",0,0.483938046437317,0.0806563410728862,1.06313988566398,NA,"white","MST2021062",10.1654166666667,54.9975833333333,"2021-05-21","Oncmyk",21,5,2021,0,0,"N)   Oncmyk","N",NA,NA
"MST2021-062",0,"Promin","Promin.MST2021-062","white","no Cq","ddPCR",0,0.558615680442301,0.01862052268141,0.560731440782545,NA,"white","MST2021062",10.1654166666667,54.9975833333333,"2021-05-21","Promin",21,5,2021,0,0,"O)   Promin","O",NA,NA
"MST2021-062",5e+06,"Psefar","Psefar.MST2021-062","black","aaLQ","ddPCR",5e+06,0.548095136203483,0.0274047568101742,7.0030003786087,6.69897009119491,"black","MST2021062",10.1654166666667,54.9975833333333,"2021-05-21","Psefar",21,5,2021,0,5e+06,"P)   Psefar","P",6.69897009119491,NA
"MST2021-062",11.0848391056061,"Psever","Psever.MST2021-062","orange","aaLQ","ddPCR",11.0848391056061,0.697051909649079,0.0232350636549693,0.447889193892479,1.08224087269877,"black","MST2021062",10.1654166666667,54.9975833333333,"2021-05-21","Psever",21,5,2021,0,11.0848391056061,"NA)   Psever",NA,1.08224087269877,NA
"MST2021-064",0,"Bonham","Bonham.MST2021-064","white","no Cq","qPCR",0,0.617616142109215,0.0308808071054608,0.602823607623575,NA,"white","MST2021064",9.05020833333333,56.954,"2021-09-02","Bonham",2,9,2021,0,0,"A)   Bonham","A",NA,NA
"MST2021-064",0,"Calsap","Calsap.MST2021-064","white","no Cq","qPCR",0,0.63699006851343,0.0106165011418905,6.69409215450285,NA,"white","MST2021064",9.05020833333333,56.954,"2021-09-02","Calsap",2,9,2021,0,0,"B)   Calsap","B",NA,NA
"MST2021-064",0,"Caraur","Caraur.MST2021-064","white","no Cq","qPCR",0,0.0225471728962503,0.0958446595718793,3.49066555500031,NA,"white","MST2021064",9.05020833333333,56.954,"2021-09-02","Caraur",2,9,2021,0,0,"C)   Caraur","C",NA,NA
"MST2021-064",0,"Colper","Colper.MST2021-064","white","no Cq","qPCR",0,1.0579731951097,0.0176328865851616,1.05264455080033,NA,"white","MST2021064",9.05020833333333,56.954,"2021-09-02","Colper",2,9,2021,0,0,"D)   Colper","D",NA,NA
"MST2021-064",0,"Corcas","Corcas.MST2021-064","white","no Cq","qPCR",0,1.26214731581735,0.0420715771939118,0.360338948667049,NA,"white","MST2021064",9.05020833333333,56.954,"2021-09-02","Corcas",2,9,2021,0,0,"E)   Corcas","E",NA,NA
"MST2021-064",0,"Cragig","Cragig.MST2021-064","white","no Cq","qPCR",0,0.819268298830287,0.0123110535560807,5.31343579292295,NA,"white","MST2021064",9.05020833333333,56.954,"2021-09-02","Cragig",2,9,2021,0,0,"F)   Cragig","F",NA,NA
"MST2021-064",0,"Erisin","Erisin.MST2021-064","white","no Cq","qPCR",0,0.364685853592156,0.0548009373867898,1.68553620576858,NA,"white","MST2021064",9.05020833333333,56.954,"2021-09-02","Erisin",2,9,2021,0,0,"G)   Erisin","G",NA,NA
"MST2021-064",0,"Hemsan","Hemsan.MST2021-064","white","no Cq","qPCR",0,0.631671659618149,0.0105278609936358,0.322470888495446,NA,"white","MST2021064",9.05020833333333,56.954,"2021-09-02","Hemsan",2,9,2021,0,0,"H)   Hemsan","H",NA,NA
"MST2021-064",0,"Hemtak","Hemtak.MST2021-064","white","no Cq","qPCR",0,0.563037107717149,0.0281518553858574,5.6800436973572,NA,"white","MST2021064",9.05020833333333,56.954,"2021-09-02","Hemtak",2,9,2021,0,0,"I)   Hemtak","I",NA,NA
"MST2021-064",0,"Homame","Homame.MST2021-064","white","no Cq","qPCR",0,0.615627075262864,26.1693861679721,0.335798636078835,NA,"white","MST2021064",9.05020833333333,56.954,"2021-09-02","Homame",2,9,2021,0,0,"J)   Homame","J",NA,NA
"MST2021-064",186.386989432705,"Karmik","Karmik.MST2021-064","black","aaLQ","qPCR",186.386989432705,0.249514042078587,0.0499028084157174,0.409050658345222,2.27273943386373,"black","MST2021064",9.05020833333333,56.954,"2021-09-02","Karmik",2,9,2021,186.386989432705,0,"K)   Karmik","K",NA,2.27273943386373
"MST2021-064",11228.9871880612,"Mnelei","Mnelei.MST2021-064","black","aaLQ","qPCR",11228.9871880612,0.565945481842138,0.00943242469736896,1.45512744784355,4.05037926078884,"black","MST2021064",9.05020833333333,56.954,"2021-09-02","Mnelei",2,9,2021,11228.9871880612,0,"L)   Mnelei","L",NA,4.05037926078884
"MST2021-064",0,"Myaare","Myaare.MST2021-064","white","no Cq","qPCR",0,1.00471092350427,0.0167451820584044,5.1446944475174,NA,"white","MST2021064",9.05020833333333,56.954,"2021-09-02","Myaare",2,9,2021,0,0,"M)   Myaare","M",NA,NA
"MST2021-064",0,"Oncmyk","Oncmyk.MST2021-064","white","no Cq","qPCR",0,0.483938046437317,0.0806563410728862,1.06313988566398,NA,"white","MST2021064",9.05020833333333,56.954,"2021-09-02","Oncmyk",2,9,2021,0,0,"N)   Oncmyk","N",NA,NA
"MST2021-064",0.112309682552925,"Promin","Promin.MST2021-064","orange","aLDbLQ","qPCR",0.112309682552925,0.558615680442301,0.01862052268141,0.560731440782545,0.046225717731394,"orange","MST2021064",9.05020833333333,56.954,"2021-09-02","Promin",2,9,2021,0.112309682552925,0,"O)   Promin","O",NA,0.046225717731394
"MST2021-064",0.0296154071928615,"Psefar","Psefar.MST2021-064","yellow","bLD","qPCR",0.0296154071928615,0.548095136203483,0.0274047568101742,7.0030003786087,0.0126750327393538,"yellow","MST2021064",9.05020833333333,56.954,"2021-09-02","Psefar",2,9,2021,0.0296154071928615,0,"P)   Psefar","P",NA,0.0126750327393538
"MST2021-064",0.748169049690011,"Psever","Psever.MST2021-064","red","1aLQ","qPCR",0.748169049690011,0.697051909649079,0.0232350636549693,0.447889193892479,0.242583427038464,"red","MST2021064",9.05020833333333,56.954,"2021-09-02","Psever",2,9,2021,0.748169049690011,0,"NA)   Psever",NA,NA,0.242583427038464
"MST2021-064",0.290651619434357,"Bonham","Bonham.MST2021-064","white","aaLQ","ddPCR",0.290651619434357,0.617616142109215,0.0308808071054608,0.602823607623575,0.110809030666652,"black","MST2021064",9.05020833333333,56.954,"2021-09-02","Bonham",2,9,2021,0,0.290651619434357,"A)   Bonham","A",0.110809030666652,NA
"MST2021-064",0,"Calsap","Calsap.MST2021-064","white","no Cq","ddPCR",0,0.63699006851343,0.0106165011418905,6.69409215450285,NA,"white","MST2021064",9.05020833333333,56.954,"2021-09-02","Calsap",2,9,2021,0,0,"B)   Calsap","B",NA,NA
"MST2021-064",0,"Caraur","Caraur.MST2021-064","white","no Cq","ddPCR",0,0.0225471728962503,0.0958446595718793,3.49066555500031,NA,"white","MST2021064",9.05020833333333,56.954,"2021-09-02","Caraur",2,9,2021,0,0,"C)   Caraur","C",NA,NA
"MST2021-064",0,"Colper","Colper.MST2021-064","white","no Cq","ddPCR",0,1.0579731951097,0.0176328865851616,1.05264455080033,NA,"white","MST2021064",9.05020833333333,56.954,"2021-09-02","Colper",2,9,2021,0,0,"D)   Colper","D",NA,NA
"MST2021-064",0,"Corcas","Corcas.MST2021-064","white","no Cq","ddPCR",0,1.26214731581735,0.0420715771939118,0.360338948667049,NA,"white","MST2021064",9.05020833333333,56.954,"2021-09-02","Corcas",2,9,2021,0,0,"E)   Corcas","E",NA,NA
"MST2021-064",0,"Cragig","Cragig.MST2021-064","white","no Cq","ddPCR",0,0.819268298830287,0.0123110535560807,5.31343579292295,NA,"white","MST2021064",9.05020833333333,56.954,"2021-09-02","Cragig",2,9,2021,0,0,"F)   Cragig","F",NA,NA
"MST2021-064",0,"Erisin","Erisin.MST2021-064","white","no Cq","ddPCR",0,0.364685853592156,0.0548009373867898,1.68553620576858,NA,"white","MST2021064",9.05020833333333,56.954,"2021-09-02","Erisin",2,9,2021,0,0,"G)   Erisin","G",NA,NA
"MST2021-064",0,"Hemsan","Hemsan.MST2021-064","white","no Cq","ddPCR",0,0.631671659618149,0.0105278609936358,0.322470888495446,NA,"white","MST2021064",9.05020833333333,56.954,"2021-09-02","Hemsan",2,9,2021,0,0,"H)   Hemsan","H",NA,NA
"MST2021-064",0,"Hemtak","Hemtak.MST2021-064","white","no Cq","ddPCR",0,0.563037107717149,0.0281518553858574,5.6800436973572,NA,"white","MST2021064",9.05020833333333,56.954,"2021-09-02","Hemtak",2,9,2021,0,0,"I)   Hemtak","I",NA,NA
"MST2021-064",0,"Homame","Homame.MST2021-064","white","no Cq","ddPCR",0,0.615627075262864,26.1693861679721,0.335798636078835,NA,"white","MST2021064",9.05020833333333,56.954,"2021-09-02","Homame",2,9,2021,0,0,"J)   Homame","J",NA,NA
"MST2021-064",299.734058380127,"Karmik","Karmik.MST2021-064","black","aaLQ","ddPCR",299.734058380127,0.249514042078587,0.0499028084157174,0.409050658345222,2.47818261509404,"black","MST2021064",9.05020833333333,56.954,"2021-09-02","Karmik",2,9,2021,0,299.734058380127,"K)   Karmik","K",2.47818261509404,NA
"MST2021-064",15801.7199707032,"Mnelei","Mnelei.MST2021-064","black","aaLQ","ddPCR",15801.7199707032,0.565945481842138,0.00943242469736896,1.45512744784355,4.19873184433425,"black","MST2021064",9.05020833333333,56.954,"2021-09-02","Mnelei",2,9,2021,0,15801.7199707032,"L)   Mnelei","L",4.19873184433425,NA
"MST2021-064",0,"Myaare","Myaare.MST2021-064","white","no Cq","ddPCR",0,1.00471092350427,0.0167451820584044,5.1446944475174,NA,"white","MST2021064",9.05020833333333,56.954,"2021-09-02","Myaare",2,9,2021,0,0,"M)   Myaare","M",NA,NA
"MST2021-064",0,"Oncmyk","Oncmyk.MST2021-064","white","no Cq","ddPCR",0,0.483938046437317,0.0806563410728862,1.06313988566398,NA,"white","MST2021064",9.05020833333333,56.954,"2021-09-02","Oncmyk",2,9,2021,0,0,"N)   Oncmyk","N",NA,NA
"MST2021-064",0.51774438470602,"Promin","Promin.MST2021-064","orange","aaLQ","ddPCR",0.51774438470602,0.558615680442301,0.01862052268141,0.560731440782545,0.181198634761458,"black","MST2021064",9.05020833333333,56.954,"2021-09-02","Promin",2,9,2021,0,0.51774438470602,"O)   Promin","O",0.181198634761458,NA
"MST2021-064",0,"Psefar","Psefar.MST2021-064","yellow","no Cq","ddPCR",0,0.548095136203483,0.0274047568101742,7.0030003786087,NA,"white","MST2021064",9.05020833333333,56.954,"2021-09-02","Psefar",2,9,2021,0,0,"P)   Psefar","P",NA,NA
"MST2021-064",1.24415248632431,"Psever","Psever.MST2021-064","red","aaLQ","ddPCR",1.24415248632431,0.697051909649079,0.0232350636549693,0.447889193892479,0.351052363154204,"black","MST2021064",9.05020833333333,56.954,"2021-09-02","Psever",2,9,2021,0,1.24415248632431,"NA)   Psever",NA,0.351052363154204,NA
"MST2021-070",0,"Bonham","Bonham.MST2021-070","white","no Cq","qPCR",0,0.617616142109215,0.0308808071054608,0.602823607623575,NA,"white","MST2021070",9.96678333333333,56.6626666666667,"2021-10-26","Bonham",26,10,2021,0,0,"A)   Bonham","A",NA,NA
"MST2021-070",0,"Calsap","Calsap.MST2021-070","white","no Cq","qPCR",0,0.63699006851343,0.0106165011418905,6.69409215450285,NA,"white","MST2021070",9.96678333333333,56.6626666666667,"2021-10-26","Calsap",26,10,2021,0,0,"B)   Calsap","B",NA,NA
"MST2021-070",0,"Caraur","Caraur.MST2021-070","white","no Cq","qPCR",0,0.0225471728962503,0.0958446595718793,3.49066555500031,NA,"white","MST2021070",9.96678333333333,56.6626666666667,"2021-10-26","Caraur",26,10,2021,0,0,"C)   Caraur","C",NA,NA
"MST2021-070",0,"Colper","Colper.MST2021-070","white","no Cq","qPCR",0,1.0579731951097,0.0176328865851616,1.05264455080033,NA,"white","MST2021070",9.96678333333333,56.6626666666667,"2021-10-26","Colper",26,10,2021,0,0,"D)   Colper","D",NA,NA
"MST2021-070",0,"Corcas","Corcas.MST2021-070","white","no Cq","qPCR",0,1.26214731581735,0.0420715771939118,0.360338948667049,NA,"white","MST2021070",9.96678333333333,56.6626666666667,"2021-10-26","Corcas",26,10,2021,0,0,"E)   Corcas","E",NA,NA
"MST2021-070",0,"Cragig","Cragig.MST2021-070","white","no Cq","qPCR",0,0.819268298830287,0.0123110535560807,5.31343579292295,NA,"white","MST2021070",9.96678333333333,56.6626666666667,"2021-10-26","Cragig",26,10,2021,0,0,"F)   Cragig","F",NA,NA
"MST2021-070",0,"Erisin","Erisin.MST2021-070","white","no Cq","qPCR",0,0.364685853592156,0.0548009373867898,1.68553620576858,NA,"white","MST2021070",9.96678333333333,56.6626666666667,"2021-10-26","Erisin",26,10,2021,0,0,"G)   Erisin","G",NA,NA
"MST2021-070",0,"Hemsan","Hemsan.MST2021-070","white","no Cq","qPCR",0,0.631671659618149,0.0105278609936358,0.322470888495446,NA,"white","MST2021070",9.96678333333333,56.6626666666667,"2021-10-26","Hemsan",26,10,2021,0,0,"H)   Hemsan","H",NA,NA
"MST2021-070",0,"Hemtak","Hemtak.MST2021-070","white","no Cq","qPCR",0,0.563037107717149,0.0281518553858574,5.6800436973572,NA,"white","MST2021070",9.96678333333333,56.6626666666667,"2021-10-26","Hemtak",26,10,2021,0,0,"I)   Hemtak","I",NA,NA
"MST2021-070",0,"Homame","Homame.MST2021-070","white","no Cq","qPCR",0,0.615627075262864,26.1693861679721,0.335798636078835,NA,"white","MST2021070",9.96678333333333,56.6626666666667,"2021-10-26","Homame",26,10,2021,0,0,"J)   Homame","J",NA,NA
"MST2021-070",0,"Karmik","Karmik.MST2021-070","white","no Cq","qPCR",0,0.249514042078587,0.0499028084157174,0.409050658345222,NA,"white","MST2021070",9.96678333333333,56.6626666666667,"2021-10-26","Karmik",26,10,2021,0,0,"K)   Karmik","K",NA,NA
"MST2021-070",1.23187466547639,"Mnelei","Mnelei.MST2021-070","black","aaLQ","qPCR",1.23187466547639,0.565945481842138,0.00943242469736896,1.45512744784355,0.348669802442813,"black","MST2021070",9.96678333333333,56.6626666666667,"2021-10-26","Mnelei",26,10,2021,1.23187466547639,0,"L)   Mnelei","L",NA,0.348669802442813
"MST2021-070",0.0873093792525207,"Myaare","Myaare.MST2021-070","yellow","bLD","qPCR",0.0873093792525207,1.00471092350427,0.0167451820584044,5.1446944475174,0.0363531343208527,"yellow","MST2021070",9.96678333333333,56.6626666666667,"2021-10-26","Myaare",26,10,2021,0.0873093792525207,0,"M)   Myaare","M",NA,0.0363531343208527
"MST2021-070",0,"Oncmyk","Oncmyk.MST2021-070","white","no Cq","qPCR",0,0.483938046437317,0.0806563410728862,1.06313988566398,NA,"white","MST2021070",9.96678333333333,56.6626666666667,"2021-10-26","Oncmyk",26,10,2021,0,0,"N)   Oncmyk","N",NA,NA
"MST2021-070",0,"Promin","Promin.MST2021-070","white","no Cq","qPCR",0,0.558615680442301,0.01862052268141,0.560731440782545,NA,"white","MST2021070",9.96678333333333,56.6626666666667,"2021-10-26","Promin",26,10,2021,0,0,"O)   Promin","O",NA,NA
"MST2021-070",0,"Psefar","Psefar.MST2021-070","white","no Cq","qPCR",0,0.548095136203483,0.0274047568101742,7.0030003786087,NA,"white","MST2021070",9.96678333333333,56.6626666666667,"2021-10-26","Psefar",26,10,2021,0,0,"P)   Psefar","P",NA,NA
"MST2021-070",0,"Psever","Psever.MST2021-070","white","no Cq","qPCR",0,0.697051909649079,0.0232350636549693,0.447889193892479,NA,"white","MST2021070",9.96678333333333,56.6626666666667,"2021-10-26","Psever",26,10,2021,0,0,"NA)   Psever",NA,NA,NA
"MST2021-070",0,"Bonham","Bonham.MST2021-070","white","no Cq","ddPCR",0,0.617616142109215,0.0308808071054608,0.602823607623575,NA,"white","MST2021070",9.96678333333333,56.6626666666667,"2021-10-26","Bonham",26,10,2021,0,0,"A)   Bonham","A",NA,NA
"MST2021-070",0,"Calsap","Calsap.MST2021-070","white","no Cq","ddPCR",0,0.63699006851343,0.0106165011418905,6.69409215450285,NA,"white","MST2021070",9.96678333333333,56.6626666666667,"2021-10-26","Calsap",26,10,2021,0,0,"B)   Calsap","B",NA,NA
"MST2021-070",0,"Caraur","Caraur.MST2021-070","white","no Cq","ddPCR",0,0.0225471728962503,0.0958446595718793,3.49066555500031,NA,"white","MST2021070",9.96678333333333,56.6626666666667,"2021-10-26","Caraur",26,10,2021,0,0,"C)   Caraur","C",NA,NA
"MST2021-070",0,"Colper","Colper.MST2021-070","white","no Cq","ddPCR",0,1.0579731951097,0.0176328865851616,1.05264455080033,NA,"white","MST2021070",9.96678333333333,56.6626666666667,"2021-10-26","Colper",26,10,2021,0,0,"D)   Colper","D",NA,NA
"MST2021-070",0,"Corcas","Corcas.MST2021-070","white","no Cq","ddPCR",0,1.26214731581735,0.0420715771939118,0.360338948667049,NA,"white","MST2021070",9.96678333333333,56.6626666666667,"2021-10-26","Corcas",26,10,2021,0,0,"E)   Corcas","E",NA,NA
"MST2021-070",0,"Cragig","Cragig.MST2021-070","white","no Cq","ddPCR",0,0.819268298830287,0.0123110535560807,5.31343579292295,NA,"white","MST2021070",9.96678333333333,56.6626666666667,"2021-10-26","Cragig",26,10,2021,0,0,"F)   Cragig","F",NA,NA
"MST2021-070",0,"Erisin","Erisin.MST2021-070","white","no Cq","ddPCR",0,0.364685853592156,0.0548009373867898,1.68553620576858,NA,"white","MST2021070",9.96678333333333,56.6626666666667,"2021-10-26","Erisin",26,10,2021,0,0,"G)   Erisin","G",NA,NA
"MST2021-070",0,"Hemsan","Hemsan.MST2021-070","white","no Cq","ddPCR",0,0.631671659618149,0.0105278609936358,0.322470888495446,NA,"white","MST2021070",9.96678333333333,56.6626666666667,"2021-10-26","Hemsan",26,10,2021,0,0,"H)   Hemsan","H",NA,NA
"MST2021-070",0,"Hemtak","Hemtak.MST2021-070","white","no Cq","ddPCR",0,0.563037107717149,0.0281518553858574,5.6800436973572,NA,"white","MST2021070",9.96678333333333,56.6626666666667,"2021-10-26","Hemtak",26,10,2021,0,0,"I)   Hemtak","I",NA,NA
"MST2021-070",0,"Homame","Homame.MST2021-070","white","no Cq","ddPCR",0,0.615627075262864,26.1693861679721,0.335798636078835,NA,"white","MST2021070",9.96678333333333,56.6626666666667,"2021-10-26","Homame",26,10,2021,0,0,"J)   Homame","J",NA,NA
"MST2021-070",0,"Karmik","Karmik.MST2021-070","white","no Cq","ddPCR",0,0.249514042078587,0.0499028084157174,0.409050658345222,NA,"white","MST2021070",9.96678333333333,56.6626666666667,"2021-10-26","Karmik",26,10,2021,0,0,"K)   Karmik","K",NA,NA
"MST2021-070",1.09646514058113,"Mnelei","Mnelei.MST2021-070","black","aaLQ","ddPCR",1.09646514058113,0.565945481842138,0.00943242469736896,1.45512744784355,0.321487645475994,"black","MST2021070",9.96678333333333,56.6626666666667,"2021-10-26","Mnelei",26,10,2021,0,1.09646514058113,"L)   Mnelei","L",0.321487645475994,NA
"MST2021-070",0.310307964682579,"Myaare","Myaare.MST2021-070","yellow","aaLQ","ddPCR",0.310307964682579,1.00471092350427,0.0167451820584044,5.1446944475174,0.117373380879855,"black","MST2021070",9.96678333333333,56.6626666666667,"2021-10-26","Myaare",26,10,2021,0,0.310307964682579,"M)   Myaare","M",0.117373380879855,NA
"MST2021-070",0,"Oncmyk","Oncmyk.MST2021-070","white","no Cq","ddPCR",0,0.483938046437317,0.0806563410728862,1.06313988566398,NA,"white","MST2021070",9.96678333333333,56.6626666666667,"2021-10-26","Oncmyk",26,10,2021,0,0,"N)   Oncmyk","N",NA,NA
"MST2021-070",0,"Promin","Promin.MST2021-070","white","no Cq","ddPCR",0,0.558615680442301,0.01862052268141,0.560731440782545,NA,"white","MST2021070",9.96678333333333,56.6626666666667,"2021-10-26","Promin",26,10,2021,0,0,"O)   Promin","O",NA,NA
"MST2021-070",0,"Psefar","Psefar.MST2021-070","white","no Cq","ddPCR",0,0.548095136203483,0.0274047568101742,7.0030003786087,NA,"white","MST2021070",9.96678333333333,56.6626666666667,"2021-10-26","Psefar",26,10,2021,0,0,"P)   Psefar","P",NA,NA
"MST2021-070",0,"Psever","Psever.MST2021-070","white","no Cq","ddPCR",0,0.697051909649079,0.0232350636549693,0.447889193892479,NA,"white","MST2021070",9.96678333333333,56.6626666666667,"2021-10-26","Psever",26,10,2021,0,0,"NA)   Psever",NA,NA,NA
"MST2021-071",0,"Bonham","Bonham.MST2021-071","white","no Cq","qPCR",0,0.617616142109215,0.0308808071054608,0.602823607623575,NA,"white","MST2021071",10.5169277777778,55.4782833333333,"2021-10-13","Bonham",13,10,2021,0,0,"A)   Bonham","A",NA,NA
"MST2021-071",0,"Calsap","Calsap.MST2021-071","white","no Cq","qPCR",0,0.63699006851343,0.0106165011418905,6.69409215450285,NA,"white","MST2021071",10.5169277777778,55.4782833333333,"2021-10-13","Calsap",13,10,2021,0,0,"B)   Calsap","B",NA,NA
"MST2021-071",0,"Caraur","Caraur.MST2021-071","white","no Cq","qPCR",0,0.0225471728962503,0.0958446595718793,3.49066555500031,NA,"white","MST2021071",10.5169277777778,55.4782833333333,"2021-10-13","Caraur",13,10,2021,0,0,"C)   Caraur","C",NA,NA
"MST2021-071",0.079794689426718,"Colper","Colper.MST2021-071","orange","aLDbLQ","qPCR",0.079794689426718,1.0579731951097,0.0176328865851616,1.05264455080033,0.0333411872226995,"orange","MST2021071",10.5169277777778,55.4782833333333,"2021-10-13","Colper",13,10,2021,0.079794689426718,0,"D)   Colper","D",NA,0.0333411872226995
"MST2021-071",0,"Corcas","Corcas.MST2021-071","white","no Cq","qPCR",0,1.26214731581735,0.0420715771939118,0.360338948667049,NA,"white","MST2021071",10.5169277777778,55.4782833333333,"2021-10-13","Corcas",13,10,2021,0,0,"E)   Corcas","E",NA,NA
"MST2021-071",0,"Cragig","Cragig.MST2021-071","white","no Cq","qPCR",0,0.819268298830287,0.0123110535560807,5.31343579292295,NA,"white","MST2021071",10.5169277777778,55.4782833333333,"2021-10-13","Cragig",13,10,2021,0,0,"F)   Cragig","F",NA,NA
"MST2021-071",0,"Erisin","Erisin.MST2021-071","white","no Cq","qPCR",0,0.364685853592156,0.0548009373867898,1.68553620576858,NA,"white","MST2021071",10.5169277777778,55.4782833333333,"2021-10-13","Erisin",13,10,2021,0,0,"G)   Erisin","G",NA,NA
"MST2021-071",0,"Hemsan","Hemsan.MST2021-071","white","no Cq","qPCR",0,0.631671659618149,0.0105278609936358,0.322470888495446,NA,"white","MST2021071",10.5169277777778,55.4782833333333,"2021-10-13","Hemsan",13,10,2021,0,0,"H)   Hemsan","H",NA,NA
"MST2021-071",0,"Hemtak","Hemtak.MST2021-071","white","no Cq","qPCR",0,0.563037107717149,0.0281518553858574,5.6800436973572,NA,"white","MST2021071",10.5169277777778,55.4782833333333,"2021-10-13","Hemtak",13,10,2021,0,0,"I)   Hemtak","I",NA,NA
"MST2021-071",0,"Homame","Homame.MST2021-071","white","no Cq","qPCR",0,0.615627075262864,26.1693861679721,0.335798636078835,NA,"white","MST2021071",10.5169277777778,55.4782833333333,"2021-10-13","Homame",13,10,2021,0,0,"J)   Homame","J",NA,NA
"MST2021-071",77.1525141889445,"Karmik","Karmik.MST2021-071","black","aaLQ","qPCR",77.1525141889445,0.249514042078587,0.0499028084157174,0.409050658345222,1.89294295395881,"black","MST2021071",10.5169277777778,55.4782833333333,"2021-10-13","Karmik",13,10,2021,77.1525141889445,0,"K)   Karmik","K",NA,1.89294295395881
"MST2021-071",470.55222673608,"Mnelei","Mnelei.MST2021-071","black","aaLQ","qPCR",470.55222673608,0.565945481842138,0.00943242469736896,1.45512744784355,2.6735297999942,"black","MST2021071",10.5169277777778,55.4782833333333,"2021-10-13","Mnelei",13,10,2021,470.55222673608,0,"L)   Mnelei","L",NA,2.6735297999942
"MST2021-071",24.9324597394936,"Myaare","Myaare.MST2021-071","black","aaLQ","qPCR",24.9324597394936,1.00471092350427,0.0167451820584044,5.1446944475174,1.41384371231986,"black","MST2021071",10.5169277777778,55.4782833333333,"2021-10-13","Myaare",13,10,2021,24.9324597394936,0,"M)   Myaare","M",NA,1.41384371231986
"MST2021-071",0,"Oncmyk","Oncmyk.MST2021-071","white","no Cq","qPCR",0,0.483938046437317,0.0806563410728862,1.06313988566398,NA,"white","MST2021071",10.5169277777778,55.4782833333333,"2021-10-13","Oncmyk",13,10,2021,0,0,"N)   Oncmyk","N",NA,NA
"MST2021-071",34.8265842551306,"Promin","Promin.MST2021-071","black","aaLQ","qPCR",34.8265842551306,0.558615680442301,0.01862052268141,0.560731440782545,1.55420540403933,"black","MST2021071",10.5169277777778,55.4782833333333,"2021-10-13","Promin",13,10,2021,34.8265842551306,0,"O)   Promin","O",NA,1.55420540403933
"MST2021-071",0.904356974735748,"Psefar","Psefar.MST2021-071","black","aaLQ","qPCR",0.904356974735748,0.548095136203483,0.0274047568101742,7.0030003786087,0.279748360869093,"black","MST2021071",10.5169277777778,55.4782833333333,"2021-10-13","Psefar",13,10,2021,0.904356974735748,0,"P)   Psefar","P",NA,0.279748360869093
"MST2021-071",2.02377404434782,"Psever","Psever.MST2021-071","black","aaLQ","qPCR",2.02377404434782,0.697051909649079,0.0232350636549693,0.447889193892479,0.480549334792363,"black","MST2021071",10.5169277777778,55.4782833333333,"2021-10-13","Psever",13,10,2021,2.02377404434782,0,"NA)   Psever",NA,NA,0.480549334792363
"MST2021-071",0,"Bonham","Bonham.MST2021-071","white","no Cq","ddPCR",0,0.617616142109215,0.0308808071054608,0.602823607623575,NA,"white","MST2021071",10.5169277777778,55.4782833333333,"2021-10-13","Bonham",13,10,2021,0,0,"A)   Bonham","A",NA,NA
"MST2021-071",0,"Calsap","Calsap.MST2021-071","white","no Cq","ddPCR",0,0.63699006851343,0.0106165011418905,6.69409215450285,NA,"white","MST2021071",10.5169277777778,55.4782833333333,"2021-10-13","Calsap",13,10,2021,0,0,"B)   Calsap","B",NA,NA
"MST2021-071",0,"Caraur","Caraur.MST2021-071","white","no Cq","ddPCR",0,0.0225471728962503,0.0958446595718793,3.49066555500031,NA,"white","MST2021071",10.5169277777778,55.4782833333333,"2021-10-13","Caraur",13,10,2021,0,0,"C)   Caraur","C",NA,NA
"MST2021-071",0.419194921851158,"Colper","Colper.MST2021-071","orange","aaLQ","ddPCR",0.419194921851158,1.0579731951097,0.0176328865851616,1.05264455080033,0.152042048502331,"black","MST2021071",10.5169277777778,55.4782833333333,"2021-10-13","Colper",13,10,2021,0,0.419194921851158,"D)   Colper","D",0.152042048502331,NA
"MST2021-071",0,"Corcas","Corcas.MST2021-071","white","no Cq","ddPCR",0,1.26214731581735,0.0420715771939118,0.360338948667049,NA,"white","MST2021071",10.5169277777778,55.4782833333333,"2021-10-13","Corcas",13,10,2021,0,0,"E)   Corcas","E",NA,NA
"MST2021-071",0,"Cragig","Cragig.MST2021-071","white","no Cq","ddPCR",0,0.819268298830287,0.0123110535560807,5.31343579292295,NA,"white","MST2021071",10.5169277777778,55.4782833333333,"2021-10-13","Cragig",13,10,2021,0,0,"F)   Cragig","F",NA,NA
"MST2021-071",0.474708713591099,"Erisin","Erisin.MST2021-071","white","aaLQ","ddPCR",0.474708713591099,0.364685853592156,0.0548009373867898,1.68553620576858,0.168706246366492,"black","MST2021071",10.5169277777778,55.4782833333333,"2021-10-13","Erisin",13,10,2021,0,0.474708713591099,"G)   Erisin","G",0.168706246366492,NA
"MST2021-071",0,"Hemsan","Hemsan.MST2021-071","white","no Cq","ddPCR",0,0.631671659618149,0.0105278609936358,0.322470888495446,NA,"white","MST2021071",10.5169277777778,55.4782833333333,"2021-10-13","Hemsan",13,10,2021,0,0,"H)   Hemsan","H",NA,NA
"MST2021-071",0,"Hemtak","Hemtak.MST2021-071","white","no Cq","ddPCR",0,0.563037107717149,0.0281518553858574,5.6800436973572,NA,"white","MST2021071",10.5169277777778,55.4782833333333,"2021-10-13","Hemtak",13,10,2021,0,0,"I)   Hemtak","I",NA,NA
"MST2021-071",0.349484756588936,"Homame","Homame.MST2021-071","white","bLD","ddPCR",0.349484756588936,0.615627075262864,26.1693861679721,0.335798636078835,0.130167983248445,"yellow","MST2021071",10.5169277777778,55.4782833333333,"2021-10-13","Homame",13,10,2021,0,0.349484756588936,"J)   Homame","J",0.130167983248445,NA
"MST2021-071",85.958957672119,"Karmik","Karmik.MST2021-071","black","aaLQ","ddPCR",85.958957672119,0.249514042078587,0.0499028084157174,0.409050658345222,1.93931432546692,"black","MST2021071",10.5169277777778,55.4782833333333,"2021-10-13","Karmik",13,10,2021,0,85.958957672119,"K)   Karmik","K",1.93931432546692,NA
"MST2021-071",561.784439086915,"Mnelei","Mnelei.MST2021-071","black","aaLQ","ddPCR",561.784439086915,0.565945481842138,0.00943242469736896,1.45512744784355,2.75034208074545,"black","MST2021071",10.5169277777778,55.4782833333333,"2021-10-13","Mnelei",13,10,2021,0,561.784439086915,"L)   Mnelei","L",2.75034208074545,NA
"MST2021-071",36.6991496086121,"Myaare","Myaare.MST2021-071","black","aaLQ","ddPCR",36.6991496086121,1.00471092350427,0.0167451820584044,5.1446944475174,1.57633155380121,"black","MST2021071",10.5169277777778,55.4782833333333,"2021-10-13","Myaare",13,10,2021,0,36.6991496086121,"M)   Myaare","M",1.57633155380121,NA
"MST2021-071",0,"Oncmyk","Oncmyk.MST2021-071","white","no Cq","ddPCR",0,0.483938046437317,0.0806563410728862,1.06313988566398,NA,"white","MST2021071",10.5169277777778,55.4782833333333,"2021-10-13","Oncmyk",13,10,2021,0,0,"N)   Oncmyk","N",NA,NA
"MST2021-071",153.78511428833,"Promin","Promin.MST2021-071","black","aaLQ","ddPCR",153.78511428833,0.558615680442301,0.01862052268141,0.560731440782545,2.18972919217835,"black","MST2021071",10.5169277777778,55.4782833333333,"2021-10-13","Promin",13,10,2021,0,153.78511428833,"O)   Promin","O",2.18972919217835,NA
"MST2021-071",3.81531804800034,"Psefar","Psefar.MST2021-071","black","aaLQ","ddPCR",3.81531804800034,0.548095136203483,0.0274047568101742,7.0030003786087,0.682624977219609,"black","MST2021071",10.5169277777778,55.4782833333333,"2021-10-13","Psefar",13,10,2021,0,3.81531804800034,"P)   Psefar","P",0.682624977219609,NA
"MST2021-071",2.67535090446472,"Psever","Psever.MST2021-071","black","aaLQ","ddPCR",2.67535090446472,0.697051909649079,0.0232350636549693,0.447889193892479,0.565298809705239,"black","MST2021071",10.5169277777778,55.4782833333333,"2021-10-13","Psever",13,10,2021,0,2.67535090446472,"NA)   Psever",NA,0.565298809705239,NA
"MST2021-075",0.0315533224602019,"Bonham","Bonham.MST2021-075","orange","aLDbLQ","qPCR",0.0315533224602019,0.617616142109215,0.0308808071054608,0.602823607623575,0.0134916821896269,"orange","MST2021075",10.0845083333333,55.6743833333333,"2021-05-11","Bonham",11,5,2021,0.0315533224602019,0,"A)   Bonham","A",NA,0.0134916821896269
"MST2021-075",0,"Calsap","Calsap.MST2021-075","white","no Cq","qPCR",0,0.63699006851343,0.0106165011418905,6.69409215450285,NA,"white","MST2021075",10.0845083333333,55.6743833333333,"2021-05-11","Calsap",11,5,2021,0,0,"B)   Calsap","B",NA,NA
"MST2021-075",0,"Caraur","Caraur.MST2021-075","white","no Cq","qPCR",0,0.0225471728962503,0.0958446595718793,3.49066555500031,NA,"white","MST2021075",10.0845083333333,55.6743833333333,"2021-05-11","Caraur",11,5,2021,0,0,"C)   Caraur","C",NA,NA
"MST2021-075",0,"Colper","Colper.MST2021-075","white","no Cq","qPCR",0,1.0579731951097,0.0176328865851616,1.05264455080033,NA,"white","MST2021075",10.0845083333333,55.6743833333333,"2021-05-11","Colper",11,5,2021,0,0,"D)   Colper","D",NA,NA
"MST2021-075",0,"Corcas","Corcas.MST2021-075","white","no Cq","qPCR",0,1.26214731581735,0.0420715771939118,0.360338948667049,NA,"white","MST2021075",10.0845083333333,55.6743833333333,"2021-05-11","Corcas",11,5,2021,0,0,"E)   Corcas","E",NA,NA
"MST2021-075",0,"Cragig","Cragig.MST2021-075","white","no Cq","qPCR",0,0.819268298830287,0.0123110535560807,5.31343579292295,NA,"white","MST2021075",10.0845083333333,55.6743833333333,"2021-05-11","Cragig",11,5,2021,0,0,"F)   Cragig","F",NA,NA
"MST2021-075",0,"Erisin","Erisin.MST2021-075","white","no Cq","qPCR",0,0.364685853592156,0.0548009373867898,1.68553620576858,NA,"white","MST2021075",10.0845083333333,55.6743833333333,"2021-05-11","Erisin",11,5,2021,0,0,"G)   Erisin","G",NA,NA
"MST2021-075",0,"Hemsan","Hemsan.MST2021-075","white","no Cq","qPCR",0,0.631671659618149,0.0105278609936358,0.322470888495446,NA,"white","MST2021075",10.0845083333333,55.6743833333333,"2021-05-11","Hemsan",11,5,2021,0,0,"H)   Hemsan","H",NA,NA
"MST2021-075",0,"Hemtak","Hemtak.MST2021-075","white","no Cq","qPCR",0,0.563037107717149,0.0281518553858574,5.6800436973572,NA,"white","MST2021075",10.0845083333333,55.6743833333333,"2021-05-11","Hemtak",11,5,2021,0,0,"I)   Hemtak","I",NA,NA
"MST2021-075",0,"Homame","Homame.MST2021-075","white","no Cq","qPCR",0,0.615627075262864,26.1693861679721,0.335798636078835,NA,"white","MST2021075",10.0845083333333,55.6743833333333,"2021-05-11","Homame",11,5,2021,0,0,"J)   Homame","J",NA,NA
"MST2021-075",0,"Karmik","Karmik.MST2021-075","white","no Cq","qPCR",0,0.249514042078587,0.0499028084157174,0.409050658345222,NA,"white","MST2021075",10.0845083333333,55.6743833333333,"2021-05-11","Karmik",11,5,2021,0,0,"K)   Karmik","K",NA,NA
"MST2021-075",0.899853316128999,"Mnelei","Mnelei.MST2021-075","red","1aLQ","qPCR",0.899853316128999,0.565945481842138,0.00943242469736896,1.45512744784355,0.27872007123971,"red","MST2021075",10.0845083333333,55.6743833333333,"2021-05-11","Mnelei",11,5,2021,0.899853316128999,0,"L)   Mnelei","L",NA,0.27872007123971
"MST2021-075",0,"Myaare","Myaare.MST2021-075","white","no Cq","qPCR",0,1.00471092350427,0.0167451820584044,5.1446944475174,NA,"white","MST2021075",10.0845083333333,55.6743833333333,"2021-05-11","Myaare",11,5,2021,0,0,"M)   Myaare","M",NA,NA
"MST2021-075",0,"Oncmyk","Oncmyk.MST2021-075","white","no Cq","qPCR",0,0.483938046437317,0.0806563410728862,1.06313988566398,NA,"white","MST2021075",10.0845083333333,55.6743833333333,"2021-05-11","Oncmyk",11,5,2021,0,0,"N)   Oncmyk","N",NA,NA
"MST2021-075",0,"Promin","Promin.MST2021-075","white","no Cq","qPCR",0,0.558615680442301,0.01862052268141,0.560731440782545,NA,"white","MST2021075",10.0845083333333,55.6743833333333,"2021-05-11","Promin",11,5,2021,0,0,"O)   Promin","O",NA,NA
"MST2021-075",7449.22189560112,"Psefar","Psefar.MST2021-075","black","aaLQ","qPCR",7449.22189560112,0.548095136203483,0.0274047568101742,7.0030003786087,3.87216920786239,"black","MST2021075",10.0845083333333,55.6743833333333,"2021-05-11","Psefar",11,5,2021,7449.22189560112,0,"P)   Psefar","P",NA,3.87216920786239
"MST2021-075",NA,"Psever","Psever.MST2021-075","yellow","bLD","qPCR",0,0.697051909649079,0.0232350636549693,0.447889193892479,NA,"yellow","MST2021075",10.0845083333333,55.6743833333333,"2021-05-11","Psever",11,5,2021,0,0,"NA)   Psever",NA,NA,NA
"MST2021-075",0,"Bonham","Bonham.MST2021-075","orange","no Cq","ddPCR",0,0.617616142109215,0.0308808071054608,0.602823607623575,NA,"white","MST2021075",10.0845083333333,55.6743833333333,"2021-05-11","Bonham",11,5,2021,0,0,"A)   Bonham","A",NA,NA
"MST2021-075",0,"Calsap","Calsap.MST2021-075","white","no Cq","ddPCR",0,0.63699006851343,0.0106165011418905,6.69409215450285,NA,"white","MST2021075",10.0845083333333,55.6743833333333,"2021-05-11","Calsap",11,5,2021,0,0,"B)   Calsap","B",NA,NA
"MST2021-075",0,"Caraur","Caraur.MST2021-075","white","no Cq","ddPCR",0,0.0225471728962503,0.0958446595718793,3.49066555500031,NA,"white","MST2021075",10.0845083333333,55.6743833333333,"2021-05-11","Caraur",11,5,2021,0,0,"C)   Caraur","C",NA,NA
"MST2021-075",0,"Colper","Colper.MST2021-075","white","no Cq","ddPCR",0,1.0579731951097,0.0176328865851616,1.05264455080033,NA,"white","MST2021075",10.0845083333333,55.6743833333333,"2021-05-11","Colper",11,5,2021,0,0,"D)   Colper","D",NA,NA
"MST2021-075",0,"Corcas","Corcas.MST2021-075","white","no Cq","ddPCR",0,1.26214731581735,0.0420715771939118,0.360338948667049,NA,"white","MST2021075",10.0845083333333,55.6743833333333,"2021-05-11","Corcas",11,5,2021,0,0,"E)   Corcas","E",NA,NA
"MST2021-075",0,"Cragig","Cragig.MST2021-075","white","no Cq","ddPCR",0,0.819268298830287,0.0123110535560807,5.31343579292295,NA,"white","MST2021075",10.0845083333333,55.6743833333333,"2021-05-11","Cragig",11,5,2021,0,0,"F)   Cragig","F",NA,NA
"MST2021-075",0,"Erisin","Erisin.MST2021-075","white","no Cq","ddPCR",0,0.364685853592156,0.0548009373867898,1.68553620576858,NA,"white","MST2021075",10.0845083333333,55.6743833333333,"2021-05-11","Erisin",11,5,2021,0,0,"G)   Erisin","G",NA,NA
"MST2021-075",0,"Hemsan","Hemsan.MST2021-075","white","no Cq","ddPCR",0,0.631671659618149,0.0105278609936358,0.322470888495446,NA,"white","MST2021075",10.0845083333333,55.6743833333333,"2021-05-11","Hemsan",11,5,2021,0,0,"H)   Hemsan","H",NA,NA
"MST2021-075",0,"Hemtak","Hemtak.MST2021-075","white","no Cq","ddPCR",0,0.563037107717149,0.0281518553858574,5.6800436973572,NA,"white","MST2021075",10.0845083333333,55.6743833333333,"2021-05-11","Hemtak",11,5,2021,0,0,"I)   Hemtak","I",NA,NA
"MST2021-075",0,"Homame","Homame.MST2021-075","white","no Cq","ddPCR",0,0.615627075262864,26.1693861679721,0.335798636078835,NA,"white","MST2021075",10.0845083333333,55.6743833333333,"2021-05-11","Homame",11,5,2021,0,0,"J)   Homame","J",NA,NA
"MST2021-075",0,"Karmik","Karmik.MST2021-075","white","no Cq","ddPCR",0,0.249514042078587,0.0499028084157174,0.409050658345222,NA,"white","MST2021075",10.0845083333333,55.6743833333333,"2021-05-11","Karmik",11,5,2021,0,0,"K)   Karmik","K",NA,NA
"MST2021-075",0,"Mnelei","Mnelei.MST2021-075","red","no Cq","ddPCR",0,0.565945481842138,0.00943242469736896,1.45512744784355,NA,"white","MST2021075",10.0845083333333,55.6743833333333,"2021-05-11","Mnelei",11,5,2021,0,0,"L)   Mnelei","L",NA,NA
"MST2021-075",0,"Myaare","Myaare.MST2021-075","white","no Cq","ddPCR",0,1.00471092350427,0.0167451820584044,5.1446944475174,NA,"white","MST2021075",10.0845083333333,55.6743833333333,"2021-05-11","Myaare",11,5,2021,0,0,"M)   Myaare","M",NA,NA
"MST2021-075",0,"Oncmyk","Oncmyk.MST2021-075","white","no Cq","ddPCR",0,0.483938046437317,0.0806563410728862,1.06313988566398,NA,"white","MST2021075",10.0845083333333,55.6743833333333,"2021-05-11","Oncmyk",11,5,2021,0,0,"N)   Oncmyk","N",NA,NA
"MST2021-075",0.489319376647472,"Promin","Promin.MST2021-075","white","aaLQ","ddPCR",0.489319376647472,0.558615680442301,0.01862052268141,0.560731440782545,0.172987839889494,"black","MST2021075",10.0845083333333,55.6743833333333,"2021-05-11","Promin",11,5,2021,0,0.489319376647472,"O)   Promin","O",0.172987839889494,NA
"MST2021-075",17290.5944824219,"Psefar","Psefar.MST2021-075","black","aaLQ","ddPCR",17290.5944824219,0.548095136203483,0.0274047568101742,7.0030003786087,4.23783504202981,"black","MST2021075",10.0845083333333,55.6743833333333,"2021-05-11","Psefar",11,5,2021,0,17290.5944824219,"P)   Psefar","P",4.23783504202981,NA
"MST2021-075",NA,"Psever","Psever.MST2021-075","yellow","no Cq","ddPCR",0,0.697051909649079,0.0232350636549693,0.447889193892479,NA,"white","MST2021075",10.0845083333333,55.6743833333333,"2021-05-11","Psever",11,5,2021,0,0,"NA)   Psever",NA,NA,NA
"MST2021-076",0,"Bonham","Bonham.MST2021-076","white","no Cq","qPCR",0,0.617616142109215,0.0308808071054608,0.602823607623575,NA,"white","MST2021076",13.3,54.9996666666667,"2021-09-02","Bonham",2,9,2021,0,0,"A)   Bonham","A",NA,NA
"MST2021-076",0,"Calsap","Calsap.MST2021-076","white","no Cq","qPCR",0,0.63699006851343,0.0106165011418905,6.69409215450285,NA,"white","MST2021076",13.3,54.9996666666667,"2021-09-02","Calsap",2,9,2021,0,0,"B)   Calsap","B",NA,NA
"MST2021-076",0,"Caraur","Caraur.MST2021-076","white","no Cq","qPCR",0,0.0225471728962503,0.0958446595718793,3.49066555500031,NA,"white","MST2021076",13.3,54.9996666666667,"2021-09-02","Caraur",2,9,2021,0,0,"C)   Caraur","C",NA,NA
"MST2021-076",0,"Colper","Colper.MST2021-076","white","no Cq","qPCR",0,1.0579731951097,0.0176328865851616,1.05264455080033,NA,"white","MST2021076",13.3,54.9996666666667,"2021-09-02","Colper",2,9,2021,0,0,"D)   Colper","D",NA,NA
"MST2021-076",0,"Corcas","Corcas.MST2021-076","white","no Cq","qPCR",0,1.26214731581735,0.0420715771939118,0.360338948667049,NA,"white","MST2021076",13.3,54.9996666666667,"2021-09-02","Corcas",2,9,2021,0,0,"E)   Corcas","E",NA,NA
"MST2021-076",0,"Cragig","Cragig.MST2021-076","white","no Cq","qPCR",0,0.819268298830287,0.0123110535560807,5.31343579292295,NA,"white","MST2021076",13.3,54.9996666666667,"2021-09-02","Cragig",2,9,2021,0,0,"F)   Cragig","F",NA,NA
"MST2021-076",0,"Erisin","Erisin.MST2021-076","white","no Cq","qPCR",0,0.364685853592156,0.0548009373867898,1.68553620576858,NA,"white","MST2021076",13.3,54.9996666666667,"2021-09-02","Erisin",2,9,2021,0,0,"G)   Erisin","G",NA,NA
"MST2021-076",0,"Hemsan","Hemsan.MST2021-076","white","no Cq","qPCR",0,0.631671659618149,0.0105278609936358,0.322470888495446,NA,"white","MST2021076",13.3,54.9996666666667,"2021-09-02","Hemsan",2,9,2021,0,0,"H)   Hemsan","H",NA,NA
"MST2021-076",0,"Hemtak","Hemtak.MST2021-076","white","no Cq","qPCR",0,0.563037107717149,0.0281518553858574,5.6800436973572,NA,"white","MST2021076",13.3,54.9996666666667,"2021-09-02","Hemtak",2,9,2021,0,0,"I)   Hemtak","I",NA,NA
"MST2021-076",0,"Homame","Homame.MST2021-076","white","no Cq","qPCR",0,0.615627075262864,26.1693861679721,0.335798636078835,NA,"white","MST2021076",13.3,54.9996666666667,"2021-09-02","Homame",2,9,2021,0,0,"J)   Homame","J",NA,NA
"MST2021-076",0,"Karmik","Karmik.MST2021-076","white","no Cq","qPCR",0,0.249514042078587,0.0499028084157174,0.409050658345222,NA,"white","MST2021076",13.3,54.9996666666667,"2021-09-02","Karmik",2,9,2021,0,0,"K)   Karmik","K",NA,NA
"MST2021-076",32.6361894528966,"Mnelei","Mnelei.MST2021-076","black","aaLQ","qPCR",32.6361894528966,0.565945481842138,0.00943242469736896,1.45512744784355,1.5268067899405,"black","MST2021076",13.3,54.9996666666667,"2021-09-02","Mnelei",2,9,2021,32.6361894528966,0,"L)   Mnelei","L",NA,1.5268067899405
"MST2021-076",0,"Myaare","Myaare.MST2021-076","white","no Cq","qPCR",0,1.00471092350427,0.0167451820584044,5.1446944475174,NA,"white","MST2021076",13.3,54.9996666666667,"2021-09-02","Myaare",2,9,2021,0,0,"M)   Myaare","M",NA,NA
"MST2021-076",0,"Oncmyk","Oncmyk.MST2021-076","white","no Cq","qPCR",0,0.483938046437317,0.0806563410728862,1.06313988566398,NA,"white","MST2021076",13.3,54.9996666666667,"2021-09-02","Oncmyk",2,9,2021,0,0,"N)   Oncmyk","N",NA,NA
"MST2021-076",0.138238760386788,"Promin","Promin.MST2021-076","orange","aLDbLQ","qPCR",0.138238760386788,0.558615680442301,0.01862052268141,0.560731440782545,0.056233370532086,"orange","MST2021076",13.3,54.9996666666667,"2021-09-02","Promin",2,9,2021,0.138238760386788,0,"O)   Promin","O",NA,0.056233370532086
"MST2021-076",0.0470996420377527,"Psefar","Psefar.MST2021-076","orange","aLDbLQ","qPCR",0.0470996420377527,0.548095136203483,0.0274047568101742,7.0030003786087,0.0199880111230823,"orange","MST2021076",13.3,54.9996666666667,"2021-09-02","Psefar",2,9,2021,0.0470996420377527,0,"P)   Psefar","P",NA,0.0199880111230823
"MST2021-076",0,"Psever","Psever.MST2021-076","white","no Cq","qPCR",0,0.697051909649079,0.0232350636549693,0.447889193892479,NA,"white","MST2021076",13.3,54.9996666666667,"2021-09-02","Psever",2,9,2021,0,0,"NA)   Psever",NA,NA,NA
"MST2021-076",0,"Bonham","Bonham.MST2021-076","white","no Cq","ddPCR",0,0.617616142109215,0.0308808071054608,0.602823607623575,NA,"white","MST2021076",13.3,54.9996666666667,"2021-09-02","Bonham",2,9,2021,0,0,"A)   Bonham","A",NA,NA
"MST2021-076",0,"Calsap","Calsap.MST2021-076","white","no Cq","ddPCR",0,0.63699006851343,0.0106165011418905,6.69409215450285,NA,"white","MST2021076",13.3,54.9996666666667,"2021-09-02","Calsap",2,9,2021,0,0,"B)   Calsap","B",NA,NA
"MST2021-076",0,"Caraur","Caraur.MST2021-076","white","no Cq","ddPCR",0,0.0225471728962503,0.0958446595718793,3.49066555500031,NA,"white","MST2021076",13.3,54.9996666666667,"2021-09-02","Caraur",2,9,2021,0,0,"C)   Caraur","C",NA,NA
"MST2021-076",0,"Colper","Colper.MST2021-076","white","no Cq","ddPCR",0,1.0579731951097,0.0176328865851616,1.05264455080033,NA,"white","MST2021076",13.3,54.9996666666667,"2021-09-02","Colper",2,9,2021,0,0,"D)   Colper","D",NA,NA
"MST2021-076",0,"Corcas","Corcas.MST2021-076","white","no Cq","ddPCR",0,1.26214731581735,0.0420715771939118,0.360338948667049,NA,"white","MST2021076",13.3,54.9996666666667,"2021-09-02","Corcas",2,9,2021,0,0,"E)   Corcas","E",NA,NA
"MST2021-076",0,"Cragig","Cragig.MST2021-076","white","no Cq","ddPCR",0,0.819268298830287,0.0123110535560807,5.31343579292295,NA,"white","MST2021076",13.3,54.9996666666667,"2021-09-02","Cragig",2,9,2021,0,0,"F)   Cragig","F",NA,NA
"MST2021-076",0,"Erisin","Erisin.MST2021-076","white","no Cq","ddPCR",0,0.364685853592156,0.0548009373867898,1.68553620576858,NA,"white","MST2021076",13.3,54.9996666666667,"2021-09-02","Erisin",2,9,2021,0,0,"G)   Erisin","G",NA,NA
"MST2021-076",0,"Hemsan","Hemsan.MST2021-076","white","no Cq","ddPCR",0,0.631671659618149,0.0105278609936358,0.322470888495446,NA,"white","MST2021076",13.3,54.9996666666667,"2021-09-02","Hemsan",2,9,2021,0,0,"H)   Hemsan","H",NA,NA
"MST2021-076",0,"Hemtak","Hemtak.MST2021-076","white","no Cq","ddPCR",0,0.563037107717149,0.0281518553858574,5.6800436973572,NA,"white","MST2021076",13.3,54.9996666666667,"2021-09-02","Hemtak",2,9,2021,0,0,"I)   Hemtak","I",NA,NA
"MST2021-076",0,"Homame","Homame.MST2021-076","white","no Cq","ddPCR",0,0.615627075262864,26.1693861679721,0.335798636078835,NA,"white","MST2021076",13.3,54.9996666666667,"2021-09-02","Homame",2,9,2021,0,0,"J)   Homame","J",NA,NA
"MST2021-076",0,"Karmik","Karmik.MST2021-076","white","no Cq","ddPCR",0,0.249514042078587,0.0499028084157174,0.409050658345222,NA,"white","MST2021076",13.3,54.9996666666667,"2021-09-02","Karmik",2,9,2021,0,0,"K)   Karmik","K",NA,NA
"MST2021-076",31.2760496139527,"Mnelei","Mnelei.MST2021-076","black","aaLQ","ddPCR",31.2760496139527,0.565945481842138,0.00943242469736896,1.45512744784355,1.50888037438186,"black","MST2021076",13.3,54.9996666666667,"2021-09-02","Mnelei",2,9,2021,0,31.2760496139527,"L)   Mnelei","L",1.50888037438186,NA
"MST2021-076",0,"Myaare","Myaare.MST2021-076","white","no Cq","ddPCR",0,1.00471092350427,0.0167451820584044,5.1446944475174,NA,"white","MST2021076",13.3,54.9996666666667,"2021-09-02","Myaare",2,9,2021,0,0,"M)   Myaare","M",NA,NA
"MST2021-076",0,"Oncmyk","Oncmyk.MST2021-076","white","no Cq","ddPCR",0,0.483938046437317,0.0806563410728862,1.06313988566398,NA,"white","MST2021076",13.3,54.9996666666667,"2021-09-02","Oncmyk",2,9,2021,0,0,"N)   Oncmyk","N",NA,NA
"MST2021-076",1.1587418615818,"Promin","Promin.MST2021-076","orange","aaLQ","ddPCR",1.1587418615818,0.558615680442301,0.01862052268141,0.560731440782545,0.334200713296174,"black","MST2021076",13.3,54.9996666666667,"2021-09-02","Promin",2,9,2021,0,1.1587418615818,"O)   Promin","O",0.334200713296174,NA
"MST2021-076",0,"Psefar","Psefar.MST2021-076","orange","no Cq","ddPCR",0,0.548095136203483,0.0274047568101742,7.0030003786087,NA,"white","MST2021076",13.3,54.9996666666667,"2021-09-02","Psefar",2,9,2021,0,0,"P)   Psefar","P",NA,NA
"MST2021-076",0,"Psever","Psever.MST2021-076","white","no Cq","ddPCR",0,0.697051909649079,0.0232350636549693,0.447889193892479,NA,"white","MST2021076",13.3,54.9996666666667,"2021-09-02","Psever",2,9,2021,0,0,"NA)   Psever",NA,NA,NA
"MST2021-079",0,"Bonham","Bonham.MST2021-079","white","no Cq","qPCR",0,0.617616142109215,0.0308808071054608,0.602823607623575,NA,"white","MST2021079",9.06681944444444,56.6208333333333,"2021-09-06","Bonham",6,9,2021,0,0,"A)   Bonham","A",NA,NA
"MST2021-079",0,"Calsap","Calsap.MST2021-079","white","no Cq","qPCR",0,0.63699006851343,0.0106165011418905,6.69409215450285,NA,"white","MST2021079",9.06681944444444,56.6208333333333,"2021-09-06","Calsap",6,9,2021,0,0,"B)   Calsap","B",NA,NA
"MST2021-079",0,"Caraur","Caraur.MST2021-079","white","no Cq","qPCR",0,0.0225471728962503,0.0958446595718793,3.49066555500031,NA,"white","MST2021079",9.06681944444444,56.6208333333333,"2021-09-06","Caraur",6,9,2021,0,0,"C)   Caraur","C",NA,NA
"MST2021-079",0,"Colper","Colper.MST2021-079","white","no Cq","qPCR",0,1.0579731951097,0.0176328865851616,1.05264455080033,NA,"white","MST2021079",9.06681944444444,56.6208333333333,"2021-09-06","Colper",6,9,2021,0,0,"D)   Colper","D",NA,NA
"MST2021-079",0,"Corcas","Corcas.MST2021-079","white","no Cq","qPCR",0,1.26214731581735,0.0420715771939118,0.360338948667049,NA,"white","MST2021079",9.06681944444444,56.6208333333333,"2021-09-06","Corcas",6,9,2021,0,0,"E)   Corcas","E",NA,NA
"MST2021-079",0,"Cragig","Cragig.MST2021-079","white","no Cq","qPCR",0,0.819268298830287,0.0123110535560807,5.31343579292295,NA,"white","MST2021079",9.06681944444444,56.6208333333333,"2021-09-06","Cragig",6,9,2021,0,0,"F)   Cragig","F",NA,NA
"MST2021-079",0,"Erisin","Erisin.MST2021-079","white","no Cq","qPCR",0,0.364685853592156,0.0548009373867898,1.68553620576858,NA,"white","MST2021079",9.06681944444444,56.6208333333333,"2021-09-06","Erisin",6,9,2021,0,0,"G)   Erisin","G",NA,NA
"MST2021-079",0,"Hemsan","Hemsan.MST2021-079","white","no Cq","qPCR",0,0.631671659618149,0.0105278609936358,0.322470888495446,NA,"white","MST2021079",9.06681944444444,56.6208333333333,"2021-09-06","Hemsan",6,9,2021,0,0,"H)   Hemsan","H",NA,NA
"MST2021-079",0,"Hemtak","Hemtak.MST2021-079","white","no Cq","qPCR",0,0.563037107717149,0.0281518553858574,5.6800436973572,NA,"white","MST2021079",9.06681944444444,56.6208333333333,"2021-09-06","Hemtak",6,9,2021,0,0,"I)   Hemtak","I",NA,NA
"MST2021-079",0,"Homame","Homame.MST2021-079","white","no Cq","qPCR",0,0.615627075262864,26.1693861679721,0.335798636078835,NA,"white","MST2021079",9.06681944444444,56.6208333333333,"2021-09-06","Homame",6,9,2021,0,0,"J)   Homame","J",NA,NA
"MST2021-079",1.49070778250729,"Karmik","Karmik.MST2021-079","yellow","bLD","qPCR",1.49070778250729,0.249514042078587,0.0499028084157174,0.409050658345222,0.396322777761737,"yellow","MST2021079",9.06681944444444,56.6208333333333,"2021-09-06","Karmik",6,9,2021,1.49070778250729,0,"K)   Karmik","K",NA,0.396322777761737
"MST2021-079",0.0783268546869519,"Mnelei","Mnelei.MST2021-079","orange","aLDbLQ","qPCR",0.0783268546869519,0.565945481842138,0.00943242469736896,1.45512744784355,0.0327504210280312,"orange","MST2021079",9.06681944444444,56.6208333333333,"2021-09-06","Mnelei",6,9,2021,0.0783268546869519,0,"L)   Mnelei","L",NA,0.0327504210280312
"MST2021-079",0.416240572153112,"Myaare","Myaare.MST2021-079","yellow","bLD","qPCR",0.416240572153112,1.00471092350427,0.0167451820584044,5.1446944475174,0.151137031803134,"yellow","MST2021079",9.06681944444444,56.6208333333333,"2021-09-06","Myaare",6,9,2021,0.416240572153112,0,"M)   Myaare","M",NA,0.151137031803134
"MST2021-079",0,"Oncmyk","Oncmyk.MST2021-079","white","no Cq","qPCR",0,0.483938046437317,0.0806563410728862,1.06313988566398,NA,"white","MST2021079",9.06681944444444,56.6208333333333,"2021-09-06","Oncmyk",6,9,2021,0,0,"N)   Oncmyk","N",NA,NA
"MST2021-079",0.0921777941138734,"Promin","Promin.MST2021-079","orange","aLDbLQ","qPCR",0.0921777941138734,0.558615680442301,0.01862052268141,0.560731440782545,0.0382933423223515,"orange","MST2021079",9.06681944444444,56.6208333333333,"2021-09-06","Promin",6,9,2021,0.0921777941138734,0,"O)   Promin","O",NA,0.0382933423223515
"MST2021-079",0.036868532828621,"Psefar","Psefar.MST2021-079","orange","aLDbLQ","qPCR",0.036868532828621,0.548095136203483,0.0274047568101742,7.0030003786087,0.0157236945890724,"orange","MST2021079",9.06681944444444,56.6208333333333,"2021-09-06","Psefar",6,9,2021,0.036868532828621,0,"P)   Psefar","P",NA,0.0157236945890724
"MST2021-079",0,"Psever","Psever.MST2021-079","white","no Cq","qPCR",0,0.697051909649079,0.0232350636549693,0.447889193892479,NA,"white","MST2021079",9.06681944444444,56.6208333333333,"2021-09-06","Psever",6,9,2021,0,0,"NA)   Psever",NA,NA,NA
"MST2021-079",0,"Bonham","Bonham.MST2021-079","white","no Cq","ddPCR",0,0.617616142109215,0.0308808071054608,0.602823607623575,NA,"white","MST2021079",9.06681944444444,56.6208333333333,"2021-09-06","Bonham",6,9,2021,0,0,"A)   Bonham","A",NA,NA
"MST2021-079",0.395944714546204,"Calsap","Calsap.MST2021-079","white","aaLQ","ddPCR",0.395944714546204,0.63699006851343,0.0106165011418905,6.69409215450285,0.144868218686168,"black","MST2021079",9.06681944444444,56.6208333333333,"2021-09-06","Calsap",6,9,2021,0,0.395944714546204,"B)   Calsap","B",0.144868218686168,NA
"MST2021-079",0.330999232828617,"Caraur","Caraur.MST2021-079","white","aaLQ","ddPCR",0.330999232828617,0.0225471728962503,0.0958446595718793,3.49066555500031,0.124177805152816,"black","MST2021079",9.06681944444444,56.6208333333333,"2021-09-06","Caraur",6,9,2021,0,0.330999232828617,"C)   Caraur","C",0.124177805152816,NA
"MST2021-079",0,"Colper","Colper.MST2021-079","white","no Cq","ddPCR",0,1.0579731951097,0.0176328865851616,1.05264455080033,NA,"white","MST2021079",9.06681944444444,56.6208333333333,"2021-09-06","Colper",6,9,2021,0,0,"D)   Colper","D",NA,NA
"MST2021-079",0,"Corcas","Corcas.MST2021-079","white","no Cq","ddPCR",0,1.26214731581735,0.0420715771939118,0.360338948667049,NA,"white","MST2021079",9.06681944444444,56.6208333333333,"2021-09-06","Corcas",6,9,2021,0,0,"E)   Corcas","E",NA,NA
"MST2021-079",0,"Cragig","Cragig.MST2021-079","white","no Cq","ddPCR",0,0.819268298830287,0.0123110535560807,5.31343579292295,NA,"white","MST2021079",9.06681944444444,56.6208333333333,"2021-09-06","Cragig",6,9,2021,0,0,"F)   Cragig","F",NA,NA
"MST2021-079",0,"Erisin","Erisin.MST2021-079","white","no Cq","ddPCR",0,0.364685853592156,0.0548009373867898,1.68553620576858,NA,"white","MST2021079",9.06681944444444,56.6208333333333,"2021-09-06","Erisin",6,9,2021,0,0,"G)   Erisin","G",NA,NA
"MST2021-079",0,"Hemsan","Hemsan.MST2021-079","white","no Cq","ddPCR",0,0.631671659618149,0.0105278609936358,0.322470888495446,NA,"white","MST2021079",9.06681944444444,56.6208333333333,"2021-09-06","Hemsan",6,9,2021,0,0,"H)   Hemsan","H",NA,NA
"MST2021-079",0,"Hemtak","Hemtak.MST2021-079","white","no Cq","ddPCR",0,0.563037107717149,0.0281518553858574,5.6800436973572,NA,"white","MST2021079",9.06681944444444,56.6208333333333,"2021-09-06","Hemtak",6,9,2021,0,0,"I)   Hemtak","I",NA,NA
"MST2021-079",0,"Homame","Homame.MST2021-079","white","no Cq","ddPCR",0,0.615627075262864,26.1693861679721,0.335798636078835,NA,"white","MST2021079",9.06681944444444,56.6208333333333,"2021-09-06","Homame",6,9,2021,0,0,"J)   Homame","J",NA,NA
"MST2021-079",1.32433235645294,"Karmik","Karmik.MST2021-079","yellow","aaLQ","ddPCR",1.32433235645294,0.249514042078587,0.0499028084157174,0.409050658345222,0.366298227958143,"black","MST2021079",9.06681944444444,56.6208333333333,"2021-09-06","Karmik",6,9,2021,0,1.32433235645294,"K)   Karmik","K",0.366298227958143,NA
"MST2021-079",0.373993255198002,"Mnelei","Mnelei.MST2021-079","orange","aaLQ","ddPCR",0.373993255198002,0.565945481842138,0.00943242469736896,1.45512744784355,0.137984600818525,"black","MST2021079",9.06681944444444,56.6208333333333,"2021-09-06","Mnelei",6,9,2021,0,0.373993255198002,"L)   Mnelei","L",0.137984600818525,NA
"MST2021-079",0.918185114860535,"Myaare","Myaare.MST2021-079","yellow","aaLQ","ddPCR",0.918185114860535,1.00471092350427,0.0167451820584044,5.1446944475174,0.282890516538027,"black","MST2021079",9.06681944444444,56.6208333333333,"2021-09-06","Myaare",6,9,2021,0,0.918185114860535,"M)   Myaare","M",0.282890516538027,NA
"MST2021-079",0,"Oncmyk","Oncmyk.MST2021-079","white","no Cq","ddPCR",0,0.483938046437317,0.0806563410728862,1.06313988566398,NA,"white","MST2021079",9.06681944444444,56.6208333333333,"2021-09-06","Oncmyk",6,9,2021,0,0,"N)   Oncmyk","N",NA,NA
"MST2021-079",0.54696664214134,"Promin","Promin.MST2021-079","orange","aaLQ","ddPCR",0.54696664214134,0.558615680442301,0.01862052268141,0.560731440782545,0.189480948935218,"black","MST2021079",9.06681944444444,56.6208333333333,"2021-09-06","Promin",6,9,2021,0,0.54696664214134,"O)   Promin","O",0.189480948935218,NA
"MST2021-079",0.318111181259155,"Psefar","Psefar.MST2021-079","orange","aaLQ","ddPCR",0.318111181259155,0.548095136203483,0.0274047568101742,7.0030003786087,0.119952044075043,"black","MST2021079",9.06681944444444,56.6208333333333,"2021-09-06","Psefar",6,9,2021,0,0.318111181259155,"P)   Psefar","P",0.119952044075043,NA
"MST2021-079",0,"Psever","Psever.MST2021-079","white","no Cq","ddPCR",0,0.697051909649079,0.0232350636549693,0.447889193892479,NA,"white","MST2021079",9.06681944444444,56.6208333333333,"2021-09-06","Psever",6,9,2021,0,0,"NA)   Psever",NA,NA,NA
"MST2021-081",0,"Bonham","Bonham.MST2021-081","white","no Cq","qPCR",0,0.617616142109215,0.0308808071054608,0.602823607623575,NA,"white","MST2021081",8.35012777777778,55.3375166666667,"2021-09-20","Bonham",20,9,2021,0,0,"A)   Bonham","A",NA,NA
"MST2021-081",0,"Calsap","Calsap.MST2021-081","white","no Cq","qPCR",0,0.63699006851343,0.0106165011418905,6.69409215450285,NA,"white","MST2021081",8.35012777777778,55.3375166666667,"2021-09-20","Calsap",20,9,2021,0,0,"B)   Calsap","B",NA,NA
"MST2021-081",0,"Caraur","Caraur.MST2021-081","white","no Cq","qPCR",0,0.0225471728962503,0.0958446595718793,3.49066555500031,NA,"white","MST2021081",8.35012777777778,55.3375166666667,"2021-09-20","Caraur",20,9,2021,0,0,"C)   Caraur","C",NA,NA
"MST2021-081",0,"Colper","Colper.MST2021-081","white","no Cq","qPCR",0,1.0579731951097,0.0176328865851616,1.05264455080033,NA,"white","MST2021081",8.35012777777778,55.3375166666667,"2021-09-20","Colper",20,9,2021,0,0,"D)   Colper","D",NA,NA
"MST2021-081",0,"Corcas","Corcas.MST2021-081","white","no Cq","qPCR",0,1.26214731581735,0.0420715771939118,0.360338948667049,NA,"white","MST2021081",8.35012777777778,55.3375166666667,"2021-09-20","Corcas",20,9,2021,0,0,"E)   Corcas","E",NA,NA
"MST2021-081",0,"Cragig","Cragig.MST2021-081","white","no Cq","qPCR",0,0.819268298830287,0.0123110535560807,5.31343579292295,NA,"white","MST2021081",8.35012777777778,55.3375166666667,"2021-09-20","Cragig",20,9,2021,0,0,"F)   Cragig","F",NA,NA
"MST2021-081",0,"Erisin","Erisin.MST2021-081","white","no Cq","qPCR",0,0.364685853592156,0.0548009373867898,1.68553620576858,NA,"white","MST2021081",8.35012777777778,55.3375166666667,"2021-09-20","Erisin",20,9,2021,0,0,"G)   Erisin","G",NA,NA
"MST2021-081",0,"Hemsan","Hemsan.MST2021-081","white","no Cq","qPCR",0,0.631671659618149,0.0105278609936358,0.322470888495446,NA,"white","MST2021081",8.35012777777778,55.3375166666667,"2021-09-20","Hemsan",20,9,2021,0,0,"H)   Hemsan","H",NA,NA
"MST2021-081",0.023979124820887,"Hemtak","Hemtak.MST2021-081","orange","aLDbLQ","qPCR",0.023979124820887,0.563037107717149,0.0281518553858574,5.6800436973572,0.0102911030582613,"orange","MST2021081",8.35012777777778,55.3375166666667,"2021-09-20","Hemtak",20,9,2021,0.023979124820887,0,"I)   Hemtak","I",NA,0.0102911030582613
"MST2021-081",0,"Homame","Homame.MST2021-081","white","no Cq","qPCR",0,0.615627075262864,26.1693861679721,0.335798636078835,NA,"white","MST2021081",8.35012777777778,55.3375166666667,"2021-09-20","Homame",20,9,2021,0,0,"J)   Homame","J",NA,NA
"MST2021-081",11.1116920072331,"Karmik","Karmik.MST2021-081","black","aaLQ","qPCR",11.1116920072331,0.249514042078587,0.0499028084157174,0.409050658345222,1.08320481845885,"black","MST2021081",8.35012777777778,55.3375166666667,"2021-09-20","Karmik",20,9,2021,11.1116920072331,0,"K)   Karmik","K",NA,1.08320481845885
"MST2021-081",332.147115010019,"Mnelei","Mnelei.MST2021-081","black","aaLQ","qPCR",332.147115010019,0.565945481842138,0.00943242469736896,1.45512744784355,2.5226360567137,"black","MST2021081",8.35012777777778,55.3375166666667,"2021-09-20","Mnelei",20,9,2021,332.147115010019,0,"L)   Mnelei","L",NA,2.5226360567137
"MST2021-081",0,"Myaare","Myaare.MST2021-081","white","no Cq","qPCR",0,1.00471092350427,0.0167451820584044,5.1446944475174,NA,"white","MST2021081",8.35012777777778,55.3375166666667,"2021-09-20","Myaare",20,9,2021,0,0,"M)   Myaare","M",NA,NA
"MST2021-081",0,"Oncmyk","Oncmyk.MST2021-081","white","no Cq","qPCR",0,0.483938046437317,0.0806563410728862,1.06313988566398,NA,"white","MST2021081",8.35012777777778,55.3375166666667,"2021-09-20","Oncmyk",20,9,2021,0,0,"N)   Oncmyk","N",NA,NA
"MST2021-081",0.431375442119332,"Promin","Promin.MST2021-081","orange","aLDbLQ","qPCR",0.431375442119332,0.558615680442301,0.01862052268141,0.560731440782545,0.15575356182053,"orange","MST2021081",8.35012777777778,55.3375166666667,"2021-09-20","Promin",20,9,2021,0.431375442119332,0,"O)   Promin","O",NA,0.15575356182053
"MST2021-081",0,"Psefar","Psefar.MST2021-081","white","no Cq","qPCR",0,0.548095136203483,0.0274047568101742,7.0030003786087,NA,"white","MST2021081",8.35012777777778,55.3375166666667,"2021-09-20","Psefar",20,9,2021,0,0,"P)   Psefar","P",NA,NA
"MST2021-081",0.0347906353127073,"Psever","Psever.MST2021-081","orange","aLDbLQ","qPCR",0.0347906353127073,0.697051909649079,0.0232350636549693,0.447889193892479,0.0148524897677191,"orange","MST2021081",8.35012777777778,55.3375166666667,"2021-09-20","Psever",20,9,2021,0.0347906353127073,0,"NA)   Psever",NA,NA,0.0148524897677191
"MST2021-081",0,"Bonham","Bonham.MST2021-081","white","no Cq","ddPCR",0,0.617616142109215,0.0308808071054608,0.602823607623575,NA,"white","MST2021081",8.35012777777778,55.3375166666667,"2021-09-20","Bonham",20,9,2021,0,0,"A)   Bonham","A",NA,NA
"MST2021-081",0,"Calsap","Calsap.MST2021-081","white","no Cq","ddPCR",0,0.63699006851343,0.0106165011418905,6.69409215450285,NA,"white","MST2021081",8.35012777777778,55.3375166666667,"2021-09-20","Calsap",20,9,2021,0,0,"B)   Calsap","B",NA,NA
"MST2021-081",0,"Caraur","Caraur.MST2021-081","white","no Cq","ddPCR",0,0.0225471728962503,0.0958446595718793,3.49066555500031,NA,"white","MST2021081",8.35012777777778,55.3375166666667,"2021-09-20","Caraur",20,9,2021,0,0,"C)   Caraur","C",NA,NA
"MST2021-081",0,"Colper","Colper.MST2021-081","white","no Cq","ddPCR",0,1.0579731951097,0.0176328865851616,1.05264455080033,NA,"white","MST2021081",8.35012777777778,55.3375166666667,"2021-09-20","Colper",20,9,2021,0,0,"D)   Colper","D",NA,NA
"MST2021-081",0,"Corcas","Corcas.MST2021-081","white","no Cq","ddPCR",0,1.26214731581735,0.0420715771939118,0.360338948667049,NA,"white","MST2021081",8.35012777777778,55.3375166666667,"2021-09-20","Corcas",20,9,2021,0,0,"E)   Corcas","E",NA,NA
"MST2021-081",0,"Cragig","Cragig.MST2021-081","white","no Cq","ddPCR",0,0.819268298830287,0.0123110535560807,5.31343579292295,NA,"white","MST2021081",8.35012777777778,55.3375166666667,"2021-09-20","Cragig",20,9,2021,0,0,"F)   Cragig","F",NA,NA
"MST2021-081",0,"Erisin","Erisin.MST2021-081","white","no Cq","ddPCR",0,0.364685853592156,0.0548009373867898,1.68553620576858,NA,"white","MST2021081",8.35012777777778,55.3375166666667,"2021-09-20","Erisin",20,9,2021,0,0,"G)   Erisin","G",NA,NA
"MST2021-081",0.332740508019924,"Hemsan","Hemsan.MST2021-081","white","aaLQ","ddPCR",0.332740508019924,0.631671659618149,0.0105278609936358,0.322470888495446,0.124745598096833,"black","MST2021081",8.35012777777778,55.3375166666667,"2021-09-20","Hemsan",20,9,2021,0,0.332740508019924,"H)   Hemsan","H",0.124745598096833,NA
"MST2021-081",0,"Hemtak","Hemtak.MST2021-081","orange","no Cq","ddPCR",0,0.563037107717149,0.0281518553858574,5.6800436973572,NA,"white","MST2021081",8.35012777777778,55.3375166666667,"2021-09-20","Hemtak",20,9,2021,0,0,"I)   Hemtak","I",NA,NA
"MST2021-081",0,"Homame","Homame.MST2021-081","white","no Cq","ddPCR",0,0.615627075262864,26.1693861679721,0.335798636078835,NA,"white","MST2021081",8.35012777777778,55.3375166666667,"2021-09-20","Homame",20,9,2021,0,0,"J)   Homame","J",NA,NA
"MST2021-081",18.0782926082611,"Karmik","Karmik.MST2021-081","black","aaLQ","ddPCR",18.0782926082611,0.249514042078587,0.0499028084157174,0.409050658345222,1.28053950537908,"black","MST2021081",8.35012777777778,55.3375166666667,"2021-09-20","Karmik",20,9,2021,0,18.0782926082611,"K)   Karmik","K",1.28053950537908,NA
"MST2021-081",682.213439941405,"Mnelei","Mnelei.MST2021-081","black","aaLQ","ddPCR",682.213439941405,0.565945481842138,0.00943242469736896,1.45512744784355,2.83455640105767,"black","MST2021081",8.35012777777778,55.3375166666667,"2021-09-20","Mnelei",20,9,2021,0,682.213439941405,"L)   Mnelei","L",2.83455640105767,NA
"MST2021-081",0,"Myaare","Myaare.MST2021-081","white","no Cq","ddPCR",0,1.00471092350427,0.0167451820584044,5.1446944475174,NA,"white","MST2021081",8.35012777777778,55.3375166666667,"2021-09-20","Myaare",20,9,2021,0,0,"M)   Myaare","M",NA,NA
"MST2021-081",0,"Oncmyk","Oncmyk.MST2021-081","white","no Cq","ddPCR",0,0.483938046437317,0.0806563410728862,1.06313988566398,NA,"white","MST2021081",8.35012777777778,55.3375166666667,"2021-09-20","Oncmyk",20,9,2021,0,0,"N)   Oncmyk","N",NA,NA
"MST2021-081",1.27724528312683,"Promin","Promin.MST2021-081","orange","aaLQ","ddPCR",1.27724528312683,0.558615680442301,0.01862052268141,0.560731440782545,0.357409811191052,"black","MST2021081",8.35012777777778,55.3375166666667,"2021-09-20","Promin",20,9,2021,0,1.27724528312683,"O)   Promin","O",0.357409811191052,NA
"MST2021-081",0,"Psefar","Psefar.MST2021-081","white","no Cq","ddPCR",0,0.548095136203483,0.0274047568101742,7.0030003786087,NA,"white","MST2021081",8.35012777777778,55.3375166666667,"2021-09-20","Psefar",20,9,2021,0,0,"P)   Psefar","P",NA,NA
"MST2021-081",0,"Psever","Psever.MST2021-081","orange","no Cq","ddPCR",0,0.697051909649079,0.0232350636549693,0.447889193892479,NA,"white","MST2021081",8.35012777777778,55.3375166666667,"2021-09-20","Psever",20,9,2021,0,0,"NA)   Psever",NA,NA,NA
"MST2021-082",0,"Bonham","Bonham.MST2021-082","white","no Cq","qPCR",0,0.617616142109215,0.0308808071054608,0.602823607623575,NA,"white","MST2021082",10.7845083333333,56.8561,"2021-09-07","Bonham",7,9,2021,0,0,"A)   Bonham","A",NA,NA
"MST2021-082",0,"Calsap","Calsap.MST2021-082","white","no Cq","qPCR",0,0.63699006851343,0.0106165011418905,6.69409215450285,NA,"white","MST2021082",10.7845083333333,56.8561,"2021-09-07","Calsap",7,9,2021,0,0,"B)   Calsap","B",NA,NA
"MST2021-082",0,"Caraur","Caraur.MST2021-082","white","no Cq","qPCR",0,0.0225471728962503,0.0958446595718793,3.49066555500031,NA,"white","MST2021082",10.7845083333333,56.8561,"2021-09-07","Caraur",7,9,2021,0,0,"C)   Caraur","C",NA,NA
"MST2021-082",0,"Colper","Colper.MST2021-082","white","no Cq","qPCR",0,1.0579731951097,0.0176328865851616,1.05264455080033,NA,"white","MST2021082",10.7845083333333,56.8561,"2021-09-07","Colper",7,9,2021,0,0,"D)   Colper","D",NA,NA
"MST2021-082",0,"Corcas","Corcas.MST2021-082","white","no Cq","qPCR",0,1.26214731581735,0.0420715771939118,0.360338948667049,NA,"white","MST2021082",10.7845083333333,56.8561,"2021-09-07","Corcas",7,9,2021,0,0,"E)   Corcas","E",NA,NA
"MST2021-082",0,"Cragig","Cragig.MST2021-082","white","no Cq","qPCR",0,0.819268298830287,0.0123110535560807,5.31343579292295,NA,"white","MST2021082",10.7845083333333,56.8561,"2021-09-07","Cragig",7,9,2021,0,0,"F)   Cragig","F",NA,NA
"MST2021-082",0,"Erisin","Erisin.MST2021-082","white","no Cq","qPCR",0,0.364685853592156,0.0548009373867898,1.68553620576858,NA,"white","MST2021082",10.7845083333333,56.8561,"2021-09-07","Erisin",7,9,2021,0,0,"G)   Erisin","G",NA,NA
"MST2021-082",0,"Hemsan","Hemsan.MST2021-082","white","no Cq","qPCR",0,0.631671659618149,0.0105278609936358,0.322470888495446,NA,"white","MST2021082",10.7845083333333,56.8561,"2021-09-07","Hemsan",7,9,2021,0,0,"H)   Hemsan","H",NA,NA
"MST2021-082",0,"Hemtak","Hemtak.MST2021-082","white","no Cq","qPCR",0,0.563037107717149,0.0281518553858574,5.6800436973572,NA,"white","MST2021082",10.7845083333333,56.8561,"2021-09-07","Hemtak",7,9,2021,0,0,"I)   Hemtak","I",NA,NA
"MST2021-082",0,"Homame","Homame.MST2021-082","white","no Cq","qPCR",0,0.615627075262864,26.1693861679721,0.335798636078835,NA,"white","MST2021082",10.7845083333333,56.8561,"2021-09-07","Homame",7,9,2021,0,0,"J)   Homame","J",NA,NA
"MST2021-082",162.599984087879,"Karmik","Karmik.MST2021-082","black","aaLQ","qPCR",162.599984087879,0.249514042078587,0.0499028084157174,0.409050658345222,2.2137832570948,"black","MST2021082",10.7845083333333,56.8561,"2021-09-07","Karmik",7,9,2021,162.599984087879,0,"K)   Karmik","K",NA,2.2137832570948
"MST2021-082",666.243597790828,"Mnelei","Mnelei.MST2021-082","black","aaLQ","qPCR",666.243597790828,0.565945481842138,0.00943242469736896,1.45512744784355,2.82428441541952,"black","MST2021082",10.7845083333333,56.8561,"2021-09-07","Mnelei",7,9,2021,666.243597790828,0,"L)   Mnelei","L",NA,2.82428441541952
"MST2021-082",0,"Myaare","Myaare.MST2021-082","white","no Cq","qPCR",0,1.00471092350427,0.0167451820584044,5.1446944475174,NA,"white","MST2021082",10.7845083333333,56.8561,"2021-09-07","Myaare",7,9,2021,0,0,"M)   Myaare","M",NA,NA
"MST2021-082",0,"Oncmyk","Oncmyk.MST2021-082","white","no Cq","qPCR",0,0.483938046437317,0.0806563410728862,1.06313988566398,NA,"white","MST2021082",10.7845083333333,56.8561,"2021-09-07","Oncmyk",7,9,2021,0,0,"N)   Oncmyk","N",NA,NA
"MST2021-082",1.61626136874639,"Promin","Promin.MST2021-082","black","aaLQ","qPCR",1.61626136874639,0.558615680442301,0.01862052268141,0.560731440782545,0.417681128541428,"black","MST2021082",10.7845083333333,56.8561,"2021-09-07","Promin",7,9,2021,1.61626136874639,0,"O)   Promin","O",NA,0.417681128541428
"MST2021-082",237.142495597374,"Psefar","Psefar.MST2021-082","black","aaLQ","qPCR",237.142495597374,0.548095136203483,0.0274047568101742,7.0030003786087,2.37683690047284,"black","MST2021082",10.7845083333333,56.8561,"2021-09-07","Psefar",7,9,2021,237.142495597374,0,"P)   Psefar","P",NA,2.37683690047284
"MST2021-082",119.985868714261,"Psever","Psever.MST2021-082","black","aaLQ","qPCR",119.985868714261,0.697051909649079,0.0232350636549693,0.447889193892479,2.082734647194,"black","MST2021082",10.7845083333333,56.8561,"2021-09-07","Psever",7,9,2021,119.985868714261,0,"NA)   Psever",NA,NA,2.082734647194
"MST2021-082",0,"Bonham","Bonham.MST2021-082","white","no Cq","ddPCR",0,0.617616142109215,0.0308808071054608,0.602823607623575,NA,"white","MST2021082",10.7845083333333,56.8561,"2021-09-07","Bonham",7,9,2021,0,0,"A)   Bonham","A",NA,NA
"MST2021-082",0,"Calsap","Calsap.MST2021-082","white","no Cq","ddPCR",0,0.63699006851343,0.0106165011418905,6.69409215450285,NA,"white","MST2021082",10.7845083333333,56.8561,"2021-09-07","Calsap",7,9,2021,0,0,"B)   Calsap","B",NA,NA
"MST2021-082",0,"Caraur","Caraur.MST2021-082","white","no Cq","ddPCR",0,0.0225471728962503,0.0958446595718793,3.49066555500031,NA,"white","MST2021082",10.7845083333333,56.8561,"2021-09-07","Caraur",7,9,2021,0,0,"C)   Caraur","C",NA,NA
"MST2021-082",0,"Colper","Colper.MST2021-082","white","no Cq","ddPCR",0,1.0579731951097,0.0176328865851616,1.05264455080033,NA,"white","MST2021082",10.7845083333333,56.8561,"2021-09-07","Colper",7,9,2021,0,0,"D)   Colper","D",NA,NA
"MST2021-082",0,"Corcas","Corcas.MST2021-082","white","no Cq","ddPCR",0,1.26214731581735,0.0420715771939118,0.360338948667049,NA,"white","MST2021082",10.7845083333333,56.8561,"2021-09-07","Corcas",7,9,2021,0,0,"E)   Corcas","E",NA,NA
"MST2021-082",0,"Cragig","Cragig.MST2021-082","white","no Cq","ddPCR",0,0.819268298830287,0.0123110535560807,5.31343579292295,NA,"white","MST2021082",10.7845083333333,56.8561,"2021-09-07","Cragig",7,9,2021,0,0,"F)   Cragig","F",NA,NA
"MST2021-082",0.346234627068043,"Erisin","Erisin.MST2021-082","white","aaLQ","ddPCR",0.346234627068043,0.364685853592156,0.0548009373867898,1.68553620576858,0.12912075703574,"black","MST2021082",10.7845083333333,56.8561,"2021-09-07","Erisin",7,9,2021,0,0.346234627068043,"G)   Erisin","G",0.12912075703574,NA
"MST2021-082",0,"Hemsan","Hemsan.MST2021-082","white","no Cq","ddPCR",0,0.631671659618149,0.0105278609936358,0.322470888495446,NA,"white","MST2021082",10.7845083333333,56.8561,"2021-09-07","Hemsan",7,9,2021,0,0,"H)   Hemsan","H",NA,NA
"MST2021-082",0,"Hemtak","Hemtak.MST2021-082","white","no Cq","ddPCR",0,0.563037107717149,0.0281518553858574,5.6800436973572,NA,"white","MST2021082",10.7845083333333,56.8561,"2021-09-07","Hemtak",7,9,2021,0,0,"I)   Hemtak","I",NA,NA
"MST2021-082",0,"Homame","Homame.MST2021-082","white","no Cq","ddPCR",0,0.615627075262864,26.1693861679721,0.335798636078835,NA,"white","MST2021082",10.7845083333333,56.8561,"2021-09-07","Homame",7,9,2021,0,0,"J)   Homame","J",NA,NA
"MST2021-082",213.857364654541,"Karmik","Karmik.MST2021-082","black","aaLQ","ddPCR",213.857364654541,0.249514042078587,0.0499028084157174,0.409050658345222,2.33215024456408,"black","MST2021082",10.7845083333333,56.8561,"2021-09-07","Karmik",7,9,2021,0,213.857364654541,"K)   Karmik","K",2.33215024456408,NA
"MST2021-082",666.31477355957,"Mnelei","Mnelei.MST2021-082","black","aaLQ","ddPCR",666.31477355957,0.565945481842138,0.00943242469736896,1.45512744784355,2.82433073972321,"black","MST2021082",10.7845083333333,56.8561,"2021-09-07","Mnelei",7,9,2021,0,666.31477355957,"L)   Mnelei","L",2.82433073972321,NA
"MST2021-082",0,"Myaare","Myaare.MST2021-082","white","no Cq","ddPCR",0,1.00471092350427,0.0167451820584044,5.1446944475174,NA,"white","MST2021082",10.7845083333333,56.8561,"2021-09-07","Myaare",7,9,2021,0,0,"M)   Myaare","M",NA,NA
"MST2021-082",0,"Oncmyk","Oncmyk.MST2021-082","white","no Cq","ddPCR",0,0.483938046437317,0.0806563410728862,1.06313988566398,NA,"white","MST2021082",10.7845083333333,56.8561,"2021-09-07","Oncmyk",7,9,2021,0,0,"N)   Oncmyk","N",NA,NA
"MST2021-082",5.56601762771605,"Promin","Promin.MST2021-082","black","aaLQ","ddPCR",5.56601762771605,0.558615680442301,0.01862052268141,0.560731440782545,0.817302044340554,"black","MST2021082",10.7845083333333,56.8561,"2021-09-07","Promin",7,9,2021,0,5.56601762771605,"O)   Promin","O",0.817302044340554,NA
"MST2021-082",737.81639099121,"Psefar","Psefar.MST2021-082","black","aaLQ","ddPCR",737.81639099121,0.548095136203483,0.0274047568101742,7.0030003786087,2.86853652190365,"black","MST2021082",10.7845083333333,56.8561,"2021-09-07","Psefar",7,9,2021,0,737.81639099121,"P)   Psefar","P",2.86853652190365,NA
"MST2021-082",155.42407989502,"Psever","Psever.MST2021-082","black","aaLQ","ddPCR",155.42407989502,0.697051909649079,0.0232350636549693,0.447889193892479,2.19430360908545,"black","MST2021082",10.7845083333333,56.8561,"2021-09-07","Psever",7,9,2021,0,155.42407989502,"NA)   Psever",NA,2.19430360908545,NA
"MST2021-083",0,"Bonham","Bonham.MST2021-083","white","no Cq","qPCR",0,0.617616142109215,0.0308808071054608,0.602823607623575,NA,"white","MST2021083",10.1517305555556,54.9976833333333,"2021-10-22","Bonham",22,10,2021,0,0,"A)   Bonham","A",NA,NA
"MST2021-083",0,"Calsap","Calsap.MST2021-083","white","no Cq","qPCR",0,0.63699006851343,0.0106165011418905,6.69409215450285,NA,"white","MST2021083",10.1517305555556,54.9976833333333,"2021-10-22","Calsap",22,10,2021,0,0,"B)   Calsap","B",NA,NA
"MST2021-083",0,"Caraur","Caraur.MST2021-083","white","no Cq","qPCR",0,0.0225471728962503,0.0958446595718793,3.49066555500031,NA,"white","MST2021083",10.1517305555556,54.9976833333333,"2021-10-22","Caraur",22,10,2021,0,0,"C)   Caraur","C",NA,NA
"MST2021-083",0,"Colper","Colper.MST2021-083","white","no Cq","qPCR",0,1.0579731951097,0.0176328865851616,1.05264455080033,NA,"white","MST2021083",10.1517305555556,54.9976833333333,"2021-10-22","Colper",22,10,2021,0,0,"D)   Colper","D",NA,NA
"MST2021-083",0,"Corcas","Corcas.MST2021-083","white","no Cq","qPCR",0,1.26214731581735,0.0420715771939118,0.360338948667049,NA,"white","MST2021083",10.1517305555556,54.9976833333333,"2021-10-22","Corcas",22,10,2021,0,0,"E)   Corcas","E",NA,NA
"MST2021-083",0,"Cragig","Cragig.MST2021-083","white","no Cq","qPCR",0,0.819268298830287,0.0123110535560807,5.31343579292295,NA,"white","MST2021083",10.1517305555556,54.9976833333333,"2021-10-22","Cragig",22,10,2021,0,0,"F)   Cragig","F",NA,NA
"MST2021-083",0,"Erisin","Erisin.MST2021-083","white","no Cq","qPCR",0,0.364685853592156,0.0548009373867898,1.68553620576858,NA,"white","MST2021083",10.1517305555556,54.9976833333333,"2021-10-22","Erisin",22,10,2021,0,0,"G)   Erisin","G",NA,NA
"MST2021-083",0,"Hemsan","Hemsan.MST2021-083","white","no Cq","qPCR",0,0.631671659618149,0.0105278609936358,0.322470888495446,NA,"white","MST2021083",10.1517305555556,54.9976833333333,"2021-10-22","Hemsan",22,10,2021,0,0,"H)   Hemsan","H",NA,NA
"MST2021-083",0,"Hemtak","Hemtak.MST2021-083","white","no Cq","qPCR",0,0.563037107717149,0.0281518553858574,5.6800436973572,NA,"white","MST2021083",10.1517305555556,54.9976833333333,"2021-10-22","Hemtak",22,10,2021,0,0,"I)   Hemtak","I",NA,NA
"MST2021-083",0,"Homame","Homame.MST2021-083","white","no Cq","qPCR",0,0.615627075262864,26.1693861679721,0.335798636078835,NA,"white","MST2021083",10.1517305555556,54.9976833333333,"2021-10-22","Homame",22,10,2021,0,0,"J)   Homame","J",NA,NA
"MST2021-083",8.28691581307895,"Karmik","Karmik.MST2021-083","black","aaLQ","qPCR",8.28691581307895,0.249514042078587,0.0499028084157174,0.409050658345222,0.967871508638269,"black","MST2021083",10.1517305555556,54.9976833333333,"2021-10-22","Karmik",22,10,2021,8.28691581307895,0,"K)   Karmik","K",NA,0.967871508638269
"MST2021-083",20174.6987710459,"Mnelei","Mnelei.MST2021-083","black","aaLQ","qPCR",20174.6987710459,0.565945481842138,0.00943242469736896,1.45512744784355,4.30482858513656,"black","MST2021083",10.1517305555556,54.9976833333333,"2021-10-22","Mnelei",22,10,2021,20174.6987710459,0,"L)   Mnelei","L",NA,4.30482858513656
"MST2021-083",0.0498671521699284,"Myaare","Myaare.MST2021-083","yellow","bLD","qPCR",0.0498671521699284,1.00471092350427,0.0167451820584044,5.1446944475174,0.0211343478988125,"yellow","MST2021083",10.1517305555556,54.9976833333333,"2021-10-22","Myaare",22,10,2021,0.0498671521699284,0,"M)   Myaare","M",NA,0.0211343478988125
"MST2021-083",0,"Oncmyk","Oncmyk.MST2021-083","white","no Cq","qPCR",0,0.483938046437317,0.0806563410728862,1.06313988566398,NA,"white","MST2021083",10.1517305555556,54.9976833333333,"2021-10-22","Oncmyk",22,10,2021,0,0,"N)   Oncmyk","N",NA,NA
"MST2021-083",25.6218392096202,"Promin","Promin.MST2021-083","black","aaLQ","qPCR",25.6218392096202,0.558615680442301,0.01862052268141,0.560731440782545,1.42523805605965,"black","MST2021083",10.1517305555556,54.9976833333333,"2021-10-22","Promin",22,10,2021,25.6218392096202,0,"O)   Promin","O",NA,1.42523805605965
"MST2021-083",0.265521643760799,"Psefar","Psefar.MST2021-083","orange","aLDbLQ","qPCR",0.265521643760799,0.548095136203483,0.0274047568101742,7.0030003786087,0.102269577139869,"orange","MST2021083",10.1517305555556,54.9976833333333,"2021-10-22","Psefar",22,10,2021,0.265521643760799,0,"P)   Psefar","P",NA,0.102269577139869
"MST2021-083",0.13777618245275,"Psever","Psever.MST2021-083","yellow","bLD","qPCR",0.13777618245275,0.697051909649079,0.0232350636549693,0.447889193892479,0.056056838257901,"yellow","MST2021083",10.1517305555556,54.9976833333333,"2021-10-22","Psever",22,10,2021,0.13777618245275,0,"NA)   Psever",NA,NA,0.056056838257901
"MST2021-083",0,"Bonham","Bonham.MST2021-083","white","no Cq","ddPCR",0,0.617616142109215,0.0308808071054608,0.602823607623575,NA,"white","MST2021083",10.1517305555556,54.9976833333333,"2021-10-22","Bonham",22,10,2021,0,0,"A)   Bonham","A",NA,NA
"MST2021-083",0,"Calsap","Calsap.MST2021-083","white","no Cq","ddPCR",0,0.63699006851343,0.0106165011418905,6.69409215450285,NA,"white","MST2021083",10.1517305555556,54.9976833333333,"2021-10-22","Calsap",22,10,2021,0,0,"B)   Calsap","B",NA,NA
"MST2021-083",0,"Caraur","Caraur.MST2021-083","white","no Cq","ddPCR",0,0.0225471728962503,0.0958446595718793,3.49066555500031,NA,"white","MST2021083",10.1517305555556,54.9976833333333,"2021-10-22","Caraur",22,10,2021,0,0,"C)   Caraur","C",NA,NA
"MST2021-083",0,"Colper","Colper.MST2021-083","white","no Cq","ddPCR",0,1.0579731951097,0.0176328865851616,1.05264455080033,NA,"white","MST2021083",10.1517305555556,54.9976833333333,"2021-10-22","Colper",22,10,2021,0,0,"D)   Colper","D",NA,NA
"MST2021-083",0,"Corcas","Corcas.MST2021-083","white","no Cq","ddPCR",0,1.26214731581735,0.0420715771939118,0.360338948667049,NA,"white","MST2021083",10.1517305555556,54.9976833333333,"2021-10-22","Corcas",22,10,2021,0,0,"E)   Corcas","E",NA,NA
"MST2021-083",0,"Cragig","Cragig.MST2021-083","white","no Cq","ddPCR",0,0.819268298830287,0.0123110535560807,5.31343579292295,NA,"white","MST2021083",10.1517305555556,54.9976833333333,"2021-10-22","Cragig",22,10,2021,0,0,"F)   Cragig","F",NA,NA
"MST2021-083",0,"Erisin","Erisin.MST2021-083","white","no Cq","ddPCR",0,0.364685853592156,0.0548009373867898,1.68553620576858,NA,"white","MST2021083",10.1517305555556,54.9976833333333,"2021-10-22","Erisin",22,10,2021,0,0,"G)   Erisin","G",NA,NA
"MST2021-083",0,"Hemsan","Hemsan.MST2021-083","white","no Cq","ddPCR",0,0.631671659618149,0.0105278609936358,0.322470888495446,NA,"white","MST2021083",10.1517305555556,54.9976833333333,"2021-10-22","Hemsan",22,10,2021,0,0,"H)   Hemsan","H",NA,NA
"MST2021-083",0.391882546246052,"Hemtak","Hemtak.MST2021-083","white","aaLQ","ddPCR",0.391882546246052,0.563037107717149,0.0281518553858574,5.6800436973572,0.143602588960339,"black","MST2021083",10.1517305555556,54.9976833333333,"2021-10-22","Hemtak",22,10,2021,0,0.391882546246052,"I)   Hemtak","I",0.143602588960339,NA
"MST2021-083",0,"Homame","Homame.MST2021-083","white","no Cq","ddPCR",0,0.615627075262864,26.1693861679721,0.335798636078835,NA,"white","MST2021083",10.1517305555556,54.9976833333333,"2021-10-22","Homame",22,10,2021,0,0,"J)   Homame","J",NA,NA
"MST2021-083",9.066259264946,"Karmik","Karmik.MST2021-083","black","aaLQ","ddPCR",9.066259264946,0.249514042078587,0.0499028084157174,0.409050658345222,1.00286811182362,"black","MST2021083",10.1517305555556,54.9976833333333,"2021-10-22","Karmik",22,10,2021,0,9.066259264946,"K)   Karmik","K",1.00286811182362,NA
"MST2021-083",21478.2299804688,"Mnelei","Mnelei.MST2021-083","black","aaLQ","ddPCR",21478.2299804688,0.565945481842138,0.00943242469736896,1.45512744784355,4.33201870806906,"black","MST2021083",10.1517305555556,54.9976833333333,"2021-10-22","Mnelei",22,10,2021,0,21478.2299804688,"L)   Mnelei","L",4.33201870806906,NA
"MST2021-083",0,"Myaare","Myaare.MST2021-083","yellow","no Cq","ddPCR",0,1.00471092350427,0.0167451820584044,5.1446944475174,NA,"white","MST2021083",10.1517305555556,54.9976833333333,"2021-10-22","Myaare",22,10,2021,0,0,"M)   Myaare","M",NA,NA
"MST2021-083",0,"Oncmyk","Oncmyk.MST2021-083","white","no Cq","ddPCR",0,0.483938046437317,0.0806563410728862,1.06313988566398,NA,"white","MST2021083",10.1517305555556,54.9976833333333,"2021-10-22","Oncmyk",22,10,2021,0,0,"N)   Oncmyk","N",NA,NA
"MST2021-083",133.214864730835,"Promin","Promin.MST2021-083","black","aaLQ","ddPCR",133.214864730835,0.558615680442301,0.01862052268141,0.560731440782545,2.1278006180168,"black","MST2021083",10.1517305555556,54.9976833333333,"2021-10-22","Promin",22,10,2021,0,133.214864730835,"O)   Promin","O",2.1278006180168,NA
"MST2021-083",1.09858117997647,"Psefar","Psefar.MST2021-083","orange","aaLQ","ddPCR",1.09858117997647,0.548095136203483,0.0274047568101742,7.0030003786087,0.32192577380193,"black","MST2021083",10.1517305555556,54.9976833333333,"2021-10-22","Psefar",22,10,2021,0,1.09858117997647,"P)   Psefar","P",0.32192577380193,NA
"MST2021-083",0,"Psever","Psever.MST2021-083","yellow","no Cq","ddPCR",0,0.697051909649079,0.0232350636549693,0.447889193892479,NA,"white","MST2021083",10.1517305555556,54.9976833333333,"2021-10-22","Psever",22,10,2021,0,0,"NA)   Psever",NA,NA,NA
"MST2021-085",0,"Bonham","Bonham.MST2021-085","white","no Cq","qPCR",0,0.617616142109215,0.0308808071054608,0.602823607623575,NA,"white","MST2021085",11.1501055555556,56.1305,"2021-09-16","Bonham",16,9,2021,0,0,"A)   Bonham","A",NA,NA
"MST2021-085",0,"Calsap","Calsap.MST2021-085","white","no Cq","qPCR",0,0.63699006851343,0.0106165011418905,6.69409215450285,NA,"white","MST2021085",11.1501055555556,56.1305,"2021-09-16","Calsap",16,9,2021,0,0,"B)   Calsap","B",NA,NA
"MST2021-085",0,"Caraur","Caraur.MST2021-085","white","no Cq","qPCR",0,0.0225471728962503,0.0958446595718793,3.49066555500031,NA,"white","MST2021085",11.1501055555556,56.1305,"2021-09-16","Caraur",16,9,2021,0,0,"C)   Caraur","C",NA,NA
"MST2021-085",0,"Colper","Colper.MST2021-085","white","no Cq","qPCR",0,1.0579731951097,0.0176328865851616,1.05264455080033,NA,"white","MST2021085",11.1501055555556,56.1305,"2021-09-16","Colper",16,9,2021,0,0,"D)   Colper","D",NA,NA
"MST2021-085",0,"Corcas","Corcas.MST2021-085","white","no Cq","qPCR",0,1.26214731581735,0.0420715771939118,0.360338948667049,NA,"white","MST2021085",11.1501055555556,56.1305,"2021-09-16","Corcas",16,9,2021,0,0,"E)   Corcas","E",NA,NA
"MST2021-085",0,"Cragig","Cragig.MST2021-085","white","no Cq","qPCR",0,0.819268298830287,0.0123110535560807,5.31343579292295,NA,"white","MST2021085",11.1501055555556,56.1305,"2021-09-16","Cragig",16,9,2021,0,0,"F)   Cragig","F",NA,NA
"MST2021-085",0,"Erisin","Erisin.MST2021-085","white","no Cq","qPCR",0,0.364685853592156,0.0548009373867898,1.68553620576858,NA,"white","MST2021085",11.1501055555556,56.1305,"2021-09-16","Erisin",16,9,2021,0,0,"G)   Erisin","G",NA,NA
"MST2021-085",0,"Hemsan","Hemsan.MST2021-085","white","no Cq","qPCR",0,0.631671659618149,0.0105278609936358,0.322470888495446,NA,"white","MST2021085",11.1501055555556,56.1305,"2021-09-16","Hemsan",16,9,2021,0,0,"H)   Hemsan","H",NA,NA
"MST2021-085",0,"Hemtak","Hemtak.MST2021-085","white","no Cq","qPCR",0,0.563037107717149,0.0281518553858574,5.6800436973572,NA,"white","MST2021085",11.1501055555556,56.1305,"2021-09-16","Hemtak",16,9,2021,0,0,"I)   Hemtak","I",NA,NA
"MST2021-085",0,"Homame","Homame.MST2021-085","white","no Cq","qPCR",0,0.615627075262864,26.1693861679721,0.335798636078835,NA,"white","MST2021085",11.1501055555556,56.1305,"2021-09-16","Homame",16,9,2021,0,0,"J)   Homame","J",NA,NA
"MST2021-085",29.3761198873857,"Karmik","Karmik.MST2021-085","black","aaLQ","qPCR",29.3761198873857,0.249514042078587,0.0499028084157174,0.409050658345222,1.48253229819308,"black","MST2021085",11.1501055555556,56.1305,"2021-09-16","Karmik",16,9,2021,29.3761198873857,0,"K)   Karmik","K",NA,1.48253229819308
"MST2021-085",215.059283100012,"Mnelei","Mnelei.MST2021-085","black","aaLQ","qPCR",215.059283100012,0.565945481842138,0.00943242469736896,1.45512744784355,2.3345729307375,"black","MST2021085",11.1501055555556,56.1305,"2021-09-16","Mnelei",16,9,2021,215.059283100012,0,"L)   Mnelei","L",NA,2.3345729307375
"MST2021-085",0.0467637117617708,"Myaare","Myaare.MST2021-085","yellow","bLD","qPCR",0.0467637117617708,1.00471092350427,0.0167451820584044,5.1446944475174,0.0198486585085478,"yellow","MST2021085",11.1501055555556,56.1305,"2021-09-16","Myaare",16,9,2021,0.0467637117617708,0,"M)   Myaare","M",NA,0.0198486585085478
"MST2021-085",0,"Oncmyk","Oncmyk.MST2021-085","white","no Cq","qPCR",0,0.483938046437317,0.0806563410728862,1.06313988566398,NA,"white","MST2021085",11.1501055555556,56.1305,"2021-09-16","Oncmyk",16,9,2021,0,0,"N)   Oncmyk","N",NA,NA
"MST2021-085",0.935370922696164,"Promin","Promin.MST2021-085","black","aaLQ","qPCR",0.935370922696164,0.558615680442301,0.01862052268141,0.560731440782545,0.286764211857454,"black","MST2021085",11.1501055555556,56.1305,"2021-09-16","Promin",16,9,2021,0.935370922696164,0,"O)   Promin","O",NA,0.286764211857454
"MST2021-085",742.851607934454,"Psefar","Psefar.MST2021-085","black","aaLQ","qPCR",742.851607934454,0.548095136203483,0.0274047568101742,7.0030003786087,2.87148630613325,"black","MST2021085",11.1501055555556,56.1305,"2021-09-16","Psefar",16,9,2021,742.851607934454,0,"P)   Psefar","P",NA,2.87148630613325
"MST2021-085",13.4980229792935,"Psever","Psever.MST2021-085","black","aaLQ","qPCR",13.4980229792935,0.697051909649079,0.0232350636549693,0.447889193892479,1.16130878377133,"black","MST2021085",11.1501055555556,56.1305,"2021-09-16","Psever",16,9,2021,13.4980229792935,0,"NA)   Psever",NA,NA,1.16130878377133
"MST2021-085",0,"Bonham","Bonham.MST2021-085","white","no Cq","ddPCR",0,0.617616142109215,0.0308808071054608,0.602823607623575,NA,"white","MST2021085",11.1501055555556,56.1305,"2021-09-16","Bonham",16,9,2021,0,0,"A)   Bonham","A",NA,NA
"MST2021-085",0,"Calsap","Calsap.MST2021-085","white","no Cq","ddPCR",0,0.63699006851343,0.0106165011418905,6.69409215450285,NA,"white","MST2021085",11.1501055555556,56.1305,"2021-09-16","Calsap",16,9,2021,0,0,"B)   Calsap","B",NA,NA
"MST2021-085",0,"Caraur","Caraur.MST2021-085","white","no Cq","ddPCR",0,0.0225471728962503,0.0958446595718793,3.49066555500031,NA,"white","MST2021085",11.1501055555556,56.1305,"2021-09-16","Caraur",16,9,2021,0,0,"C)   Caraur","C",NA,NA
"MST2021-085",0,"Colper","Colper.MST2021-085","white","no Cq","ddPCR",0,1.0579731951097,0.0176328865851616,1.05264455080033,NA,"white","MST2021085",11.1501055555556,56.1305,"2021-09-16","Colper",16,9,2021,0,0,"D)   Colper","D",NA,NA
"MST2021-085",0,"Corcas","Corcas.MST2021-085","white","no Cq","ddPCR",0,1.26214731581735,0.0420715771939118,0.360338948667049,NA,"white","MST2021085",11.1501055555556,56.1305,"2021-09-16","Corcas",16,9,2021,0,0,"E)   Corcas","E",NA,NA
"MST2021-085",0.362626910209656,"Cragig","Cragig.MST2021-085","white","aaLQ","ddPCR",0.362626910209656,0.819268298830287,0.0123110535560807,5.31343579292295,0.134376961471248,"black","MST2021085",11.1501055555556,56.1305,"2021-09-16","Cragig",16,9,2021,0,0.362626910209656,"F)   Cragig","F",0.134376961471248,NA
"MST2021-085",0,"Erisin","Erisin.MST2021-085","white","no Cq","ddPCR",0,0.364685853592156,0.0548009373867898,1.68553620576858,NA,"white","MST2021085",11.1501055555556,56.1305,"2021-09-16","Erisin",16,9,2021,0,0,"G)   Erisin","G",NA,NA
"MST2021-085",0,"Hemsan","Hemsan.MST2021-085","white","no Cq","ddPCR",0,0.631671659618149,0.0105278609936358,0.322470888495446,NA,"white","MST2021085",11.1501055555556,56.1305,"2021-09-16","Hemsan",16,9,2021,0,0,"H)   Hemsan","H",NA,NA
"MST2021-085",0,"Hemtak","Hemtak.MST2021-085","white","no Cq","ddPCR",0,0.563037107717149,0.0281518553858574,5.6800436973572,NA,"white","MST2021085",11.1501055555556,56.1305,"2021-09-16","Hemtak",16,9,2021,0,0,"I)   Hemtak","I",NA,NA
"MST2021-085",0,"Homame","Homame.MST2021-085","white","no Cq","ddPCR",0,0.615627075262864,26.1693861679721,0.335798636078835,NA,"white","MST2021085",11.1501055555556,56.1305,"2021-09-16","Homame",16,9,2021,0,0,"J)   Homame","J",NA,NA
"MST2021-085",63.224048614502,"Karmik","Karmik.MST2021-085","black","aaLQ","ddPCR",63.224048614502,0.249514042078587,0.0499028084157174,0.409050658345222,1.80769767954746,"black","MST2021085",11.1501055555556,56.1305,"2021-09-16","Karmik",16,9,2021,0,63.224048614502,"K)   Karmik","K",1.80769767954746,NA
"MST2021-085",204.865303039551,"Mnelei","Mnelei.MST2021-085","black","aaLQ","ddPCR",204.865303039551,0.565945481842138,0.00943242469736896,1.45512744784355,2.3135831559029,"black","MST2021085",11.1501055555556,56.1305,"2021-09-16","Mnelei",16,9,2021,0,204.865303039551,"L)   Mnelei","L",2.3135831559029,NA
"MST2021-085",0,"Myaare","Myaare.MST2021-085","yellow","no Cq","ddPCR",0,1.00471092350427,0.0167451820584044,5.1446944475174,NA,"white","MST2021085",11.1501055555556,56.1305,"2021-09-16","Myaare",16,9,2021,0,0,"M)   Myaare","M",NA,NA
"MST2021-085",0,"Oncmyk","Oncmyk.MST2021-085","white","no Cq","ddPCR",0,0.483938046437317,0.0806563410728862,1.06313988566398,NA,"white","MST2021085",11.1501055555556,56.1305,"2021-09-16","Oncmyk",16,9,2021,0,0,"N)   Oncmyk","N",NA,NA
"MST2021-085",5.83972334861755,"Promin","Promin.MST2021-085","black","aaLQ","ddPCR",5.83972334861755,0.558615680442301,0.01862052268141,0.560731440782545,0.835038535843122,"black","MST2021085",11.1501055555556,56.1305,"2021-09-16","Promin",16,9,2021,0,5.83972334861755,"O)   Promin","O",0.835038535843122,NA
"MST2021-085",2291.787109375,"Psefar","Psefar.MST2021-085","black","aaLQ","ddPCR",2291.787109375,0.548095136203483,0.0274047568101742,7.0030003786087,3.36036373134748,"black","MST2021085",11.1501055555556,56.1305,"2021-09-16","Psefar",16,9,2021,0,2291.787109375,"P)   Psefar","P",3.36036373134748,NA
"MST2021-085",11.8898367881775,"Psever","Psever.MST2021-085","black","aaLQ","ddPCR",11.8898367881775,0.697051909649079,0.0232350636549693,0.447889193892479,1.1102474183276,"black","MST2021085",11.1501055555556,56.1305,"2021-09-16","Psever",16,9,2021,0,11.8898367881775,"NA)   Psever",NA,1.1102474183276,NA
"MST2021-088",0.139862606581421,"Bonham","Bonham.MST2021-088","orange","aLDbLQ","qPCR",0.139862606581421,0.617616142109215,0.0308808071054608,0.602823607623575,0.056852506775499,"orange","MST2021088",10.8276944444444,55.4392166666667,"2021-05-20","Bonham",20,5,2021,0.139862606581421,0,"A)   Bonham","A",NA,0.056852506775499
"MST2021-088",0,"Calsap","Calsap.MST2021-088","white","no Cq","qPCR",0,0.63699006851343,0.0106165011418905,6.69409215450285,NA,"white","MST2021088",10.8276944444444,55.4392166666667,"2021-05-20","Calsap",20,5,2021,0,0,"B)   Calsap","B",NA,NA
"MST2021-088",0,"Caraur","Caraur.MST2021-088","white","no Cq","qPCR",0,0.0225471728962503,0.0958446595718793,3.49066555500031,NA,"white","MST2021088",10.8276944444444,55.4392166666667,"2021-05-20","Caraur",20,5,2021,0,0,"C)   Caraur","C",NA,NA
"MST2021-088",0,"Colper","Colper.MST2021-088","white","no Cq","qPCR",0,1.0579731951097,0.0176328865851616,1.05264455080033,NA,"white","MST2021088",10.8276944444444,55.4392166666667,"2021-05-20","Colper",20,5,2021,0,0,"D)   Colper","D",NA,NA
"MST2021-088",0,"Corcas","Corcas.MST2021-088","white","no Cq","qPCR",0,1.26214731581735,0.0420715771939118,0.360338948667049,NA,"white","MST2021088",10.8276944444444,55.4392166666667,"2021-05-20","Corcas",20,5,2021,0,0,"E)   Corcas","E",NA,NA
"MST2021-088",0,"Cragig","Cragig.MST2021-088","white","no Cq","qPCR",0,0.819268298830287,0.0123110535560807,5.31343579292295,NA,"white","MST2021088",10.8276944444444,55.4392166666667,"2021-05-20","Cragig",20,5,2021,0,0,"F)   Cragig","F",NA,NA
"MST2021-088",0,"Erisin","Erisin.MST2021-088","white","no Cq","qPCR",0,0.364685853592156,0.0548009373867898,1.68553620576858,NA,"white","MST2021088",10.8276944444444,55.4392166666667,"2021-05-20","Erisin",20,5,2021,0,0,"G)   Erisin","G",NA,NA
"MST2021-088",0,"Hemsan","Hemsan.MST2021-088","white","no Cq","qPCR",0,0.631671659618149,0.0105278609936358,0.322470888495446,NA,"white","MST2021088",10.8276944444444,55.4392166666667,"2021-05-20","Hemsan",20,5,2021,0,0,"H)   Hemsan","H",NA,NA
"MST2021-088",0,"Hemtak","Hemtak.MST2021-088","white","no Cq","qPCR",0,0.563037107717149,0.0281518553858574,5.6800436973572,NA,"white","MST2021088",10.8276944444444,55.4392166666667,"2021-05-20","Hemtak",20,5,2021,0,0,"I)   Hemtak","I",NA,NA
"MST2021-088",0,"Homame","Homame.MST2021-088","white","no Cq","qPCR",0,0.615627075262864,26.1693861679721,0.335798636078835,NA,"white","MST2021088",10.8276944444444,55.4392166666667,"2021-05-20","Homame",20,5,2021,0,0,"J)   Homame","J",NA,NA
"MST2021-088",0,"Karmik","Karmik.MST2021-088","white","no Cq","qPCR",0,0.249514042078587,0.0499028084157174,0.409050658345222,NA,"white","MST2021088",10.8276944444444,55.4392166666667,"2021-05-20","Karmik",20,5,2021,0,0,"K)   Karmik","K",NA,NA
"MST2021-088",3.36486030370809,"Mnelei","Mnelei.MST2021-088","black","aaLQ","qPCR",3.36486030370809,0.565945481842138,0.00943242469736896,1.45512744784355,0.639970348774793,"black","MST2021088",10.8276944444444,55.4392166666667,"2021-05-20","Mnelei",20,5,2021,3.36486030370809,0,"L)   Mnelei","L",NA,0.639970348774793
"MST2021-088",0,"Myaare","Myaare.MST2021-088","white","no Cq","qPCR",0,1.00471092350427,0.0167451820584044,5.1446944475174,NA,"white","MST2021088",10.8276944444444,55.4392166666667,"2021-05-20","Myaare",20,5,2021,0,0,"M)   Myaare","M",NA,NA
"MST2021-088",0,"Oncmyk","Oncmyk.MST2021-088","white","no Cq","qPCR",0,0.483938046437317,0.0806563410728862,1.06313988566398,NA,"white","MST2021088",10.8276944444444,55.4392166666667,"2021-05-20","Oncmyk",20,5,2021,0,0,"N)   Oncmyk","N",NA,NA
"MST2021-088",0,"Promin","Promin.MST2021-088","white","no Cq","qPCR",0,0.558615680442301,0.01862052268141,0.560731440782545,NA,"white","MST2021088",10.8276944444444,55.4392166666667,"2021-05-20","Promin",20,5,2021,0,0,"O)   Promin","O",NA,NA
"MST2021-088",2640.60056730923,"Psefar","Psefar.MST2021-088","black","aaLQ","qPCR",2640.60056730923,0.548095136203483,0.0274047568101742,7.0030003786087,3.42186714918766,"black","MST2021088",10.8276944444444,55.4392166666667,"2021-05-20","Psefar",20,5,2021,2640.60056730923,0,"P)   Psefar","P",NA,3.42186714918766
"MST2021-088",0,"Psever","Psever.MST2021-088","white","no Cq","qPCR",0,0.697051909649079,0.0232350636549693,0.447889193892479,NA,"white","MST2021088",10.8276944444444,55.4392166666667,"2021-05-20","Psever",20,5,2021,0,0,"NA)   Psever",NA,NA,NA
"MST2021-088",0.672730207443235,"Bonham","Bonham.MST2021-088","orange","aaLQ","ddPCR",0.672730207443235,0.617616142109215,0.0308808071054608,0.602823607623575,0.223425899798493,"black","MST2021088",10.8276944444444,55.4392166666667,"2021-05-20","Bonham",20,5,2021,0,0.672730207443235,"A)   Bonham","A",0.223425899798493,NA
"MST2021-088",0,"Calsap","Calsap.MST2021-088","white","no Cq","ddPCR",0,0.63699006851343,0.0106165011418905,6.69409215450285,NA,"white","MST2021088",10.8276944444444,55.4392166666667,"2021-05-20","Calsap",20,5,2021,0,0,"B)   Calsap","B",NA,NA
"MST2021-088",0,"Caraur","Caraur.MST2021-088","white","no Cq","ddPCR",0,0.0225471728962503,0.0958446595718793,3.49066555500031,NA,"white","MST2021088",10.8276944444444,55.4392166666667,"2021-05-20","Caraur",20,5,2021,0,0,"C)   Caraur","C",NA,NA
"MST2021-088",0,"Colper","Colper.MST2021-088","white","no Cq","ddPCR",0,1.0579731951097,0.0176328865851616,1.05264455080033,NA,"white","MST2021088",10.8276944444444,55.4392166666667,"2021-05-20","Colper",20,5,2021,0,0,"D)   Colper","D",NA,NA
"MST2021-088",0,"Corcas","Corcas.MST2021-088","white","no Cq","ddPCR",0,1.26214731581735,0.0420715771939118,0.360338948667049,NA,"white","MST2021088",10.8276944444444,55.4392166666667,"2021-05-20","Corcas",20,5,2021,0,0,"E)   Corcas","E",NA,NA
"MST2021-088",0,"Cragig","Cragig.MST2021-088","white","no Cq","ddPCR",0,0.819268298830287,0.0123110535560807,5.31343579292295,NA,"white","MST2021088",10.8276944444444,55.4392166666667,"2021-05-20","Cragig",20,5,2021,0,0,"F)   Cragig","F",NA,NA
"MST2021-088",0,"Erisin","Erisin.MST2021-088","white","no Cq","ddPCR",0,0.364685853592156,0.0548009373867898,1.68553620576858,NA,"white","MST2021088",10.8276944444444,55.4392166666667,"2021-05-20","Erisin",20,5,2021,0,0,"G)   Erisin","G",NA,NA
"MST2021-088",0,"Hemsan","Hemsan.MST2021-088","white","no Cq","ddPCR",0,0.631671659618149,0.0105278609936358,0.322470888495446,NA,"white","MST2021088",10.8276944444444,55.4392166666667,"2021-05-20","Hemsan",20,5,2021,0,0,"H)   Hemsan","H",NA,NA
"MST2021-088",0,"Hemtak","Hemtak.MST2021-088","white","no Cq","ddPCR",0,0.563037107717149,0.0281518553858574,5.6800436973572,NA,"white","MST2021088",10.8276944444444,55.4392166666667,"2021-05-20","Hemtak",20,5,2021,0,0,"I)   Hemtak","I",NA,NA
"MST2021-088",0,"Homame","Homame.MST2021-088","white","no Cq","ddPCR",0,0.615627075262864,26.1693861679721,0.335798636078835,NA,"white","MST2021088",10.8276944444444,55.4392166666667,"2021-05-20","Homame",20,5,2021,0,0,"J)   Homame","J",NA,NA
"MST2021-088",0,"Karmik","Karmik.MST2021-088","white","no Cq","ddPCR",0,0.249514042078587,0.0499028084157174,0.409050658345222,NA,"white","MST2021088",10.8276944444444,55.4392166666667,"2021-05-20","Karmik",20,5,2021,0,0,"K)   Karmik","K",NA,NA
"MST2021-088",5.8852958679199,"Mnelei","Mnelei.MST2021-088","black","aaLQ","ddPCR",5.8852958679199,0.565945481842138,0.00943242469736896,1.45512744784355,0.837922607053973,"black","MST2021088",10.8276944444444,55.4392166666667,"2021-05-20","Mnelei",20,5,2021,0,5.8852958679199,"L)   Mnelei","L",0.837922607053973,NA
"MST2021-088",0,"Myaare","Myaare.MST2021-088","white","no Cq","ddPCR",0,1.00471092350427,0.0167451820584044,5.1446944475174,NA,"white","MST2021088",10.8276944444444,55.4392166666667,"2021-05-20","Myaare",20,5,2021,0,0,"M)   Myaare","M",NA,NA
"MST2021-088",0,"Oncmyk","Oncmyk.MST2021-088","white","no Cq","ddPCR",0,0.483938046437317,0.0806563410728862,1.06313988566398,NA,"white","MST2021088",10.8276944444444,55.4392166666667,"2021-05-20","Oncmyk",20,5,2021,0,0,"N)   Oncmyk","N",NA,NA
"MST2021-088",0,"Promin","Promin.MST2021-088","white","no Cq","ddPCR",0,0.558615680442301,0.01862052268141,0.560731440782545,NA,"white","MST2021088",10.8276944444444,55.4392166666667,"2021-05-20","Promin",20,5,2021,0,0,"O)   Promin","O",NA,NA
"MST2021-088",6457.6940917969,"Psefar","Psefar.MST2021-088","black","aaLQ","ddPCR",6457.6940917969,0.548095136203483,0.0274047568101742,7.0030003786087,3.81014471519948,"black","MST2021088",10.8276944444444,55.4392166666667,"2021-05-20","Psefar",20,5,2021,0,6457.6940917969,"P)   Psefar","P",3.81014471519948,NA
"MST2021-088",0.307678580284119,"Psever","Psever.MST2021-088","white","aaLQ","ddPCR",0.307678580284119,0.697051909649079,0.0232350636549693,0.447889193892479,0.116501010071676,"black","MST2021088",10.8276944444444,55.4392166666667,"2021-05-20","Psever",20,5,2021,0,0.307678580284119,"NA)   Psever",NA,0.116501010071676,NA
"MST2021-089",0,"Bonham","Bonham.MST2021-089","white","no Cq","qPCR",0,0.617616142109215,0.0308808071054608,0.602823607623575,NA,"white","MST2021089",10.6003444444444,56.2094,"2021-05-17","Bonham",17,5,2021,0,0,"A)   Bonham","A",NA,NA
"MST2021-089",0,"Calsap","Calsap.MST2021-089","white","no Cq","qPCR",0,0.63699006851343,0.0106165011418905,6.69409215450285,NA,"white","MST2021089",10.6003444444444,56.2094,"2021-05-17","Calsap",17,5,2021,0,0,"B)   Calsap","B",NA,NA
"MST2021-089",0,"Caraur","Caraur.MST2021-089","white","no Cq","qPCR",0,0.0225471728962503,0.0958446595718793,3.49066555500031,NA,"white","MST2021089",10.6003444444444,56.2094,"2021-05-17","Caraur",17,5,2021,0,0,"C)   Caraur","C",NA,NA
"MST2021-089",0,"Colper","Colper.MST2021-089","white","no Cq","qPCR",0,1.0579731951097,0.0176328865851616,1.05264455080033,NA,"white","MST2021089",10.6003444444444,56.2094,"2021-05-17","Colper",17,5,2021,0,0,"D)   Colper","D",NA,NA
"MST2021-089",0,"Corcas","Corcas.MST2021-089","white","no Cq","qPCR",0,1.26214731581735,0.0420715771939118,0.360338948667049,NA,"white","MST2021089",10.6003444444444,56.2094,"2021-05-17","Corcas",17,5,2021,0,0,"E)   Corcas","E",NA,NA
"MST2021-089",0,"Cragig","Cragig.MST2021-089","white","no Cq","qPCR",0,0.819268298830287,0.0123110535560807,5.31343579292295,NA,"white","MST2021089",10.6003444444444,56.2094,"2021-05-17","Cragig",17,5,2021,0,0,"F)   Cragig","F",NA,NA
"MST2021-089",0,"Erisin","Erisin.MST2021-089","white","no Cq","qPCR",0,0.364685853592156,0.0548009373867898,1.68553620576858,NA,"white","MST2021089",10.6003444444444,56.2094,"2021-05-17","Erisin",17,5,2021,0,0,"G)   Erisin","G",NA,NA
"MST2021-089",0,"Hemsan","Hemsan.MST2021-089","white","no Cq","qPCR",0,0.631671659618149,0.0105278609936358,0.322470888495446,NA,"white","MST2021089",10.6003444444444,56.2094,"2021-05-17","Hemsan",17,5,2021,0,0,"H)   Hemsan","H",NA,NA
"MST2021-089",0,"Hemtak","Hemtak.MST2021-089","white","no Cq","qPCR",0,0.563037107717149,0.0281518553858574,5.6800436973572,NA,"white","MST2021089",10.6003444444444,56.2094,"2021-05-17","Hemtak",17,5,2021,0,0,"I)   Hemtak","I",NA,NA
"MST2021-089",0,"Homame","Homame.MST2021-089","white","no Cq","qPCR",0,0.615627075262864,26.1693861679721,0.335798636078835,NA,"white","MST2021089",10.6003444444444,56.2094,"2021-05-17","Homame",17,5,2021,0,0,"J)   Homame","J",NA,NA
"MST2021-089",0,"Karmik","Karmik.MST2021-089","white","no Cq","qPCR",0,0.249514042078587,0.0499028084157174,0.409050658345222,NA,"white","MST2021089",10.6003444444444,56.2094,"2021-05-17","Karmik",17,5,2021,0,0,"K)   Karmik","K",NA,NA
"MST2021-089",0.237734832072487,"Mnelei","Mnelei.MST2021-089","yellow","bLD","qPCR",0.237734832072487,0.565945481842138,0.00943242469736896,1.45512744784355,0.0926276129372054,"yellow","MST2021089",10.6003444444444,56.2094,"2021-05-17","Mnelei",17,5,2021,0.237734832072487,0,"L)   Mnelei","L",NA,0.0926276129372054
"MST2021-089",0.0260108494640549,"Myaare","Myaare.MST2021-089","yellow","bLD","qPCR",0.0260108494640549,1.00471092350427,0.0167451820584044,5.1446944475174,0.0111519532099671,"yellow","MST2021089",10.6003444444444,56.2094,"2021-05-17","Myaare",17,5,2021,0.0260108494640549,0,"M)   Myaare","M",NA,0.0111519532099671
"MST2021-089",0,"Oncmyk","Oncmyk.MST2021-089","white","no Cq","qPCR",0,0.483938046437317,0.0806563410728862,1.06313988566398,NA,"white","MST2021089",10.6003444444444,56.2094,"2021-05-17","Oncmyk",17,5,2021,0,0,"N)   Oncmyk","N",NA,NA
"MST2021-089",0,"Promin","Promin.MST2021-089","white","no Cq","qPCR",0,0.558615680442301,0.01862052268141,0.560731440782545,NA,"white","MST2021089",10.6003444444444,56.2094,"2021-05-17","Promin",17,5,2021,0,0,"O)   Promin","O",NA,NA
"MST2021-089",1704.27137629494,"Psefar","Psefar.MST2021-089","black","aaLQ","qPCR",1704.27137629494,0.548095136203483,0.0274047568101742,7.0030003786087,3.23179350230156,"black","MST2021089",10.6003444444444,56.2094,"2021-05-17","Psefar",17,5,2021,1704.27137629494,0,"P)   Psefar","P",NA,3.23179350230156
"MST2021-089",0,"Psever","Psever.MST2021-089","yellow","bLD","qPCR",0,0.697051909649079,0.0232350636549693,0.447889193892479,NA,"yellow","MST2021089",10.6003444444444,56.2094,"2021-05-17","Psever",17,5,2021,0,0,"NA)   Psever",NA,NA,NA
"MST2021-089",0,"Bonham","Bonham.MST2021-089","white","no Cq","ddPCR",0,0.617616142109215,0.0308808071054608,0.602823607623575,NA,"white","MST2021089",10.6003444444444,56.2094,"2021-05-17","Bonham",17,5,2021,0,0,"A)   Bonham","A",NA,NA
"MST2021-089",0,"Calsap","Calsap.MST2021-089","white","no Cq","ddPCR",0,0.63699006851343,0.0106165011418905,6.69409215450285,NA,"white","MST2021089",10.6003444444444,56.2094,"2021-05-17","Calsap",17,5,2021,0,0,"B)   Calsap","B",NA,NA
"MST2021-089",0,"Caraur","Caraur.MST2021-089","white","no Cq","ddPCR",0,0.0225471728962503,0.0958446595718793,3.49066555500031,NA,"white","MST2021089",10.6003444444444,56.2094,"2021-05-17","Caraur",17,5,2021,0,0,"C)   Caraur","C",NA,NA
"MST2021-089",0,"Colper","Colper.MST2021-089","white","no Cq","ddPCR",0,1.0579731951097,0.0176328865851616,1.05264455080033,NA,"white","MST2021089",10.6003444444444,56.2094,"2021-05-17","Colper",17,5,2021,0,0,"D)   Colper","D",NA,NA
"MST2021-089",0,"Corcas","Corcas.MST2021-089","white","no Cq","ddPCR",0,1.26214731581735,0.0420715771939118,0.360338948667049,NA,"white","MST2021089",10.6003444444444,56.2094,"2021-05-17","Corcas",17,5,2021,0,0,"E)   Corcas","E",NA,NA
"MST2021-089",0,"Cragig","Cragig.MST2021-089","white","no Cq","ddPCR",0,0.819268298830287,0.0123110535560807,5.31343579292295,NA,"white","MST2021089",10.6003444444444,56.2094,"2021-05-17","Cragig",17,5,2021,0,0,"F)   Cragig","F",NA,NA
"MST2021-089",0,"Erisin","Erisin.MST2021-089","white","no Cq","ddPCR",0,0.364685853592156,0.0548009373867898,1.68553620576858,NA,"white","MST2021089",10.6003444444444,56.2094,"2021-05-17","Erisin",17,5,2021,0,0,"G)   Erisin","G",NA,NA
"MST2021-089",0,"Hemsan","Hemsan.MST2021-089","white","no Cq","ddPCR",0,0.631671659618149,0.0105278609936358,0.322470888495446,NA,"white","MST2021089",10.6003444444444,56.2094,"2021-05-17","Hemsan",17,5,2021,0,0,"H)   Hemsan","H",NA,NA
"MST2021-089",0,"Hemtak","Hemtak.MST2021-089","white","no Cq","ddPCR",0,0.563037107717149,0.0281518553858574,5.6800436973572,NA,"white","MST2021089",10.6003444444444,56.2094,"2021-05-17","Hemtak",17,5,2021,0,0,"I)   Hemtak","I",NA,NA
"MST2021-089",0,"Homame","Homame.MST2021-089","white","no Cq","ddPCR",0,0.615627075262864,26.1693861679721,0.335798636078835,NA,"white","MST2021089",10.6003444444444,56.2094,"2021-05-17","Homame",17,5,2021,0,0,"J)   Homame","J",NA,NA
"MST2021-089",0,"Karmik","Karmik.MST2021-089","white","no Cq","ddPCR",0,0.249514042078587,0.0499028084157174,0.409050658345222,NA,"white","MST2021089",10.6003444444444,56.2094,"2021-05-17","Karmik",17,5,2021,0,0,"K)   Karmik","K",NA,NA
"MST2021-089",0.7263957709074,"Mnelei","Mnelei.MST2021-089","yellow","aaLQ","ddPCR",0.7263957709074,0.565945481842138,0.00943242469736896,1.45512744784355,0.237140363463818,"black","MST2021089",10.6003444444444,56.2094,"2021-05-17","Mnelei",17,5,2021,0,0.7263957709074,"L)   Mnelei","L",0.237140363463818,NA
"MST2021-089",0,"Myaare","Myaare.MST2021-089","yellow","no Cq","ddPCR",0,1.00471092350427,0.0167451820584044,5.1446944475174,NA,"white","MST2021089",10.6003444444444,56.2094,"2021-05-17","Myaare",17,5,2021,0,0,"M)   Myaare","M",NA,NA
"MST2021-089",0,"Oncmyk","Oncmyk.MST2021-089","white","no Cq","ddPCR",0,0.483938046437317,0.0806563410728862,1.06313988566398,NA,"white","MST2021089",10.6003444444444,56.2094,"2021-05-17","Oncmyk",17,5,2021,0,0,"N)   Oncmyk","N",NA,NA
"MST2021-089",0,"Promin","Promin.MST2021-089","white","no Cq","ddPCR",0,0.558615680442301,0.01862052268141,0.560731440782545,NA,"white","MST2021089",10.6003444444444,56.2094,"2021-05-17","Promin",17,5,2021,0,0,"O)   Promin","O",NA,NA
"MST2021-089",4020.24597167969,"Psefar","Psefar.MST2021-089","black","aaLQ","ddPCR",4020.24597167969,0.548095136203483,0.0274047568101742,7.0030003786087,3.60436063885173,"black","MST2021089",10.6003444444444,56.2094,"2021-05-17","Psefar",17,5,2021,0,4020.24597167969,"P)   Psefar","P",3.60436063885173,NA
"MST2021-089",0.294625889509917,"Psever","Psever.MST2021-089","yellow","aaLQ","ddPCR",0.294625889509917,0.697051909649079,0.0232350636549693,0.447889193892479,0.11214428764937,"black","MST2021089",10.6003444444444,56.2094,"2021-05-17","Psever",17,5,2021,0,0.294625889509917,"NA)   Psever",NA,0.11214428764937,NA
"MST2021-099",0,"Bonham","Bonham.MST2021-099","white","no Cq","qPCR",0,0.617616142109215,0.0308808071054608,0.602823607623575,NA,"white","MST2021099",10.3166972222222,56.1544166666667,"2021-08-24","Bonham",24,8,2021,0,0,"A)   Bonham","A",NA,NA
"MST2021-099",0,"Calsap","Calsap.MST2021-099","white","no Cq","qPCR",0,0.63699006851343,0.0106165011418905,6.69409215450285,NA,"white","MST2021099",10.3166972222222,56.1544166666667,"2021-08-24","Calsap",24,8,2021,0,0,"B)   Calsap","B",NA,NA
"MST2021-099",0,"Caraur","Caraur.MST2021-099","white","no Cq","qPCR",0,0.0225471728962503,0.0958446595718793,3.49066555500031,NA,"white","MST2021099",10.3166972222222,56.1544166666667,"2021-08-24","Caraur",24,8,2021,0,0,"C)   Caraur","C",NA,NA
"MST2021-099",0,"Colper","Colper.MST2021-099","white","no Cq","qPCR",0,1.0579731951097,0.0176328865851616,1.05264455080033,NA,"white","MST2021099",10.3166972222222,56.1544166666667,"2021-08-24","Colper",24,8,2021,0,0,"D)   Colper","D",NA,NA
"MST2021-099",0,"Corcas","Corcas.MST2021-099","white","no Cq","qPCR",0,1.26214731581735,0.0420715771939118,0.360338948667049,NA,"white","MST2021099",10.3166972222222,56.1544166666667,"2021-08-24","Corcas",24,8,2021,0,0,"E)   Corcas","E",NA,NA
"MST2021-099",0,"Cragig","Cragig.MST2021-099","white","no Cq","qPCR",0,0.819268298830287,0.0123110535560807,5.31343579292295,NA,"white","MST2021099",10.3166972222222,56.1544166666667,"2021-08-24","Cragig",24,8,2021,0,0,"F)   Cragig","F",NA,NA
"MST2021-099",0,"Erisin","Erisin.MST2021-099","white","no Cq","qPCR",0,0.364685853592156,0.0548009373867898,1.68553620576858,NA,"white","MST2021099",10.3166972222222,56.1544166666667,"2021-08-24","Erisin",24,8,2021,0,0,"G)   Erisin","G",NA,NA
"MST2021-099",0.256177950845138,"Hemsan","Hemsan.MST2021-099","orange","aLDbLQ","qPCR",0.256177950845138,0.631671659618149,0.0105278609936358,0.322470888495446,0.099051166149469,"orange","MST2021099",10.3166972222222,56.1544166666667,"2021-08-24","Hemsan",24,8,2021,0.256177950845138,0,"H)   Hemsan","H",NA,0.099051166149469
"MST2021-099",0,"Hemtak","Hemtak.MST2021-099","white","no Cq","qPCR",0,0.563037107717149,0.0281518553858574,5.6800436973572,NA,"white","MST2021099",10.3166972222222,56.1544166666667,"2021-08-24","Hemtak",24,8,2021,0,0,"I)   Hemtak","I",NA,NA
"MST2021-099",0,"Homame","Homame.MST2021-099","white","no Cq","qPCR",0,0.615627075262864,26.1693861679721,0.335798636078835,NA,"white","MST2021099",10.3166972222222,56.1544166666667,"2021-08-24","Homame",24,8,2021,0,0,"J)   Homame","J",NA,NA
"MST2021-099",14.3720088237266,"Karmik","Karmik.MST2021-099","black","aaLQ","qPCR",14.3720088237266,0.249514042078587,0.0499028084157174,0.409050658345222,1.18673062508288,"black","MST2021099",10.3166972222222,56.1544166666667,"2021-08-24","Karmik",24,8,2021,14.3720088237266,0,"K)   Karmik","K",NA,1.18673062508288
"MST2021-099",1654.44729191852,"Mnelei","Mnelei.MST2021-099","black","aaLQ","qPCR",1654.44729191852,0.565945481842138,0.00943242469736896,1.45512744784355,3.21891535772877,"black","MST2021099",10.3166972222222,56.1544166666667,"2021-08-24","Mnelei",24,8,2021,1654.44729191852,0,"L)   Mnelei","L",NA,3.21891535772877
"MST2021-099",0,"Myaare","Myaare.MST2021-099","white","no Cq","qPCR",0,1.00471092350427,0.0167451820584044,5.1446944475174,NA,"white","MST2021099",10.3166972222222,56.1544166666667,"2021-08-24","Myaare",24,8,2021,0,0,"M)   Myaare","M",NA,NA
"MST2021-099",0,"Oncmyk","Oncmyk.MST2021-099","white","no Cq","qPCR",0,0.483938046437317,0.0806563410728862,1.06313988566398,NA,"white","MST2021099",10.3166972222222,56.1544166666667,"2021-08-24","Oncmyk",24,8,2021,0,0,"N)   Oncmyk","N",NA,NA
"MST2021-099",1.27302306731907,"Promin","Promin.MST2021-099","orange","aLDbLQ","qPCR",1.27302306731907,0.558615680442301,0.01862052268141,0.560731440782545,0.356603843097848,"orange","MST2021099",10.3166972222222,56.1544166666667,"2021-08-24","Promin",24,8,2021,1.27302306731907,0,"O)   Promin","O",NA,0.356603843097848
"MST2021-099",1249.59601108436,"Psefar","Psefar.MST2021-099","black","aaLQ","qPCR",1249.59601108436,0.548095136203483,0.0274047568101742,7.0030003786087,3.09711703911611,"black","MST2021099",10.3166972222222,56.1544166666667,"2021-08-24","Psefar",24,8,2021,1249.59601108436,0,"P)   Psefar","P",NA,3.09711703911611
"MST2021-099",80.3236150552288,"Psever","Psever.MST2021-099","black","aaLQ","qPCR",80.3236150552288,0.697051909649079,0.0232350636549693,0.447889193892479,1.91021667596258,"black","MST2021099",10.3166972222222,56.1544166666667,"2021-08-24","Psever",24,8,2021,80.3236150552288,0,"NA)   Psever",NA,NA,1.91021667596258
"MST2021-099",0,"Bonham","Bonham.MST2021-099","white","no Cq","ddPCR",0,0.617616142109215,0.0308808071054608,0.602823607623575,NA,"white","MST2021099",10.3166972222222,56.1544166666667,"2021-08-24","Bonham",24,8,2021,0,0,"A)   Bonham","A",NA,NA
"MST2021-099",0,"Calsap","Calsap.MST2021-099","white","no Cq","ddPCR",0,0.63699006851343,0.0106165011418905,6.69409215450285,NA,"white","MST2021099",10.3166972222222,56.1544166666667,"2021-08-24","Calsap",24,8,2021,0,0,"B)   Calsap","B",NA,NA
"MST2021-099",0,"Caraur","Caraur.MST2021-099","white","no Cq","ddPCR",0,0.0225471728962503,0.0958446595718793,3.49066555500031,NA,"white","MST2021099",10.3166972222222,56.1544166666667,"2021-08-24","Caraur",24,8,2021,0,0,"C)   Caraur","C",NA,NA
"MST2021-099",0,"Colper","Colper.MST2021-099","white","no Cq","ddPCR",0,1.0579731951097,0.0176328865851616,1.05264455080033,NA,"white","MST2021099",10.3166972222222,56.1544166666667,"2021-08-24","Colper",24,8,2021,0,0,"D)   Colper","D",NA,NA
"MST2021-099",0,"Corcas","Corcas.MST2021-099","white","no Cq","ddPCR",0,1.26214731581735,0.0420715771939118,0.360338948667049,NA,"white","MST2021099",10.3166972222222,56.1544166666667,"2021-08-24","Corcas",24,8,2021,0,0,"E)   Corcas","E",NA,NA
"MST2021-099",0,"Cragig","Cragig.MST2021-099","white","no Cq","ddPCR",0,0.819268298830287,0.0123110535560807,5.31343579292295,NA,"white","MST2021099",10.3166972222222,56.1544166666667,"2021-08-24","Cragig",24,8,2021,0,0,"F)   Cragig","F",NA,NA
"MST2021-099",0,"Erisin","Erisin.MST2021-099","white","no Cq","ddPCR",0,0.364685853592156,0.0548009373867898,1.68553620576858,NA,"white","MST2021099",10.3166972222222,56.1544166666667,"2021-08-24","Erisin",24,8,2021,0,0,"G)   Erisin","G",NA,NA
"MST2021-099",0,"Hemsan","Hemsan.MST2021-099","orange","no Cq","ddPCR",0,0.631671659618149,0.0105278609936358,0.322470888495446,NA,"white","MST2021099",10.3166972222222,56.1544166666667,"2021-08-24","Hemsan",24,8,2021,0,0,"H)   Hemsan","H",NA,NA
"MST2021-099",0,"Hemtak","Hemtak.MST2021-099","white","no Cq","ddPCR",0,0.563037107717149,0.0281518553858574,5.6800436973572,NA,"white","MST2021099",10.3166972222222,56.1544166666667,"2021-08-24","Hemtak",24,8,2021,0,0,"I)   Hemtak","I",NA,NA
"MST2021-099",0,"Homame","Homame.MST2021-099","white","no Cq","ddPCR",0,0.615627075262864,26.1693861679721,0.335798636078835,NA,"white","MST2021099",10.3166972222222,56.1544166666667,"2021-08-24","Homame",24,8,2021,0,0,"J)   Homame","J",NA,NA
"MST2021-099",21.0159301757812,"Karmik","Karmik.MST2021-099","black","aaLQ","ddPCR",21.0159301757812,0.249514042078587,0.0499028084157174,0.409050658345222,1.34273703917892,"black","MST2021099",10.3166972222222,56.1544166666667,"2021-08-24","Karmik",24,8,2021,0,21.0159301757812,"K)   Karmik","K",1.34273703917892,NA
"MST2021-099",2165.85494995117,"Mnelei","Mnelei.MST2021-099","black","aaLQ","ddPCR",2165.85494995117,0.565945481842138,0.00943242469736896,1.45512744784355,3.33582984046417,"black","MST2021099",10.3166972222222,56.1544166666667,"2021-08-24","Mnelei",24,8,2021,0,2165.85494995117,"L)   Mnelei","L",3.33582984046417,NA
"MST2021-099",0,"Myaare","Myaare.MST2021-099","white","no Cq","ddPCR",0,1.00471092350427,0.0167451820584044,5.1446944475174,NA,"white","MST2021099",10.3166972222222,56.1544166666667,"2021-08-24","Myaare",24,8,2021,0,0,"M)   Myaare","M",NA,NA
"MST2021-099",0,"Oncmyk","Oncmyk.MST2021-099","white","no Cq","ddPCR",0,0.483938046437317,0.0806563410728862,1.06313988566398,NA,"white","MST2021099",10.3166972222222,56.1544166666667,"2021-08-24","Oncmyk",24,8,2021,0,0,"N)   Oncmyk","N",NA,NA
"MST2021-099",5.3892379999161,"Promin","Promin.MST2021-099","orange","aaLQ","ddPCR",5.3892379999161,0.558615680442301,0.01862052268141,0.560731440782545,0.805449065957325,"black","MST2021099",10.3166972222222,56.1544166666667,"2021-08-24","Promin",24,8,2021,0,5.3892379999161,"O)   Promin","O",0.805449065957325,NA
"MST2021-099",2875.37017822266,"Psefar","Psefar.MST2021-099","black","aaLQ","ddPCR",2875.37017822266,0.548095136203483,0.0274047568101742,7.0030003786087,3.45884477740415,"black","MST2021099",10.3166972222222,56.1544166666667,"2021-08-24","Psefar",24,8,2021,0,2875.37017822266,"P)   Psefar","P",3.45884477740415,NA
"MST2021-099",103.247518539428,"Psever","Psever.MST2021-099","black","aaLQ","ddPCR",103.247518539428,0.697051909649079,0.0232350636549693,0.447889193892479,2.01806572602028,"black","MST2021099",10.3166972222222,56.1544166666667,"2021-08-24","Psever",24,8,2021,0,103.247518539428,"NA)   Psever",NA,2.01806572602028,NA
